persona,stratum,Atrial Fibrillation,COPD,Cancer Colorectal,Cancer Lung,Cancer Other,Cancer Prostate,Chronic Kidney Disease,Chronic Liver Disease,Coronary Heart Disease,Depression,Diabetes Mellitus,Heart Failure,Hyperlipidemia,Hypertension,Hypothyroidism,Obesity,Osteoarthritis,Osteoporosis,Peripheral Vascular Disease,Rheumatoid Arthritis,Sleep Apnea,Stroke Cerebrovascular,Substance Use Disorder
synth_M_50_000,Male_under60_srdc_poc,0.013554509325415102,0.004737595354291232,0.0033258201223462023,0.000873023135332572,0.011642474636492765,0.003268373019730818,0.0022949010462853512,0.003789617380943005,0.009268707808961052,0.01886575704728217,0.005018306828493959,0.003413324677934341,0.008167303504852,0.029684479854506257,0.002114489372735923,0.00295018977967493,0.01916587110426372,0.001942219495300431,0.002278463104390041,0.004478702009008231,0.006162033152858006,0.0070890558775051635,0.008537428788623664
synth_M_50_001,Male_under60_srdc_poc,0.008721746955021235,0.019403871962005298,0.00652800707141802,0.002038444606677754,0.010829249432024794,0.00422326356757252,0.005124150299455386,0.007202375075142512,0.017930060933113032,0.055992784359967754,0.03468175962522954,0.015469094975851043,0.032415550787746376,0.057715114419532136,0.006502354210083652,0.11440251862976937,0.03156597839697802,0.010367762093190184,0.0020160222333459633,0.006162820022787249,0.027985371536363022,0.009886458678494067,0.016649942212933415
synth_M_50_002,Male_under60_srdc_poc,0.009030904709018715,0.010360001747960312,0.0036868529176411766,0.0011805715263841115,0.010655934003539532,0.0031586162504195834,0.001332556688578665,0.0013685515189318506,0.012812463680134226,0.015550685150668396,0.00237811610040935,0.0024732588532067824,0.03412078919626248,0.010301074879120152,0.0032214260922993287,0.002246405082825463,0.02455046197891789,0.0020357706980609165,0.004610379159459352,0.0027173772564496636,0.00564481437130995,0.006329029537528541,0.009126176215066626
synth_M_50_003,Male_under60_srdc_poc,0.0063769149304093746,0.002685996747568044,0.004428070142804076,0.0006220980947457819,0.009253237292436342,0.0027762162517096993,0.001376983157559383,0.0021844934420023696,0.007091330039222896,0.02338817218568418,0.003992823697813774,0.0015360800211341057,0.010862885065726266,0.013479614182314918,0.0025214738896373596,0.005800515387072735,0.03844597029407529,0.002903094849438663,0.0020924942226644553,0.0020330881365522957,0.005877103475197085,0.00510255664422449,0.004593511214514779
synth_M_50_004,Male_under60_srdc_poc,0.005810344484183427,0.005042161760350748,0.00442740937883743,0.0009561812679389514,0.012449499233616134,0.002928311872583026,0.001462490826794816,0.005444946653681702,0.024610291689430883,0.017839591113430905,0.009600367586889489,0.0017324757568378663,0.041298195725045596,0.14197314991055954,0.0021412894847386192,0.022237289423766,0.03418588768807194,0.00166756037740005,0.0020823906975810996,0.002420450519511516,0.019321997514070672,0.007535547421764038,0.002065794948813223
synth_M_50_005,Male_under60_srdc_poc,0.00911096563791522,0.006086651121849318,0.007116280255125258,0.0010055182379746371,0.009919026251452303,0.0037011744754672634,0.005557569304306998,0.0048050736713184305,0.02783478949313119,0.024386583144316607,0.11297834640088436,0.004745063652228877,0.07901396859895506,0.14352698640735967,0.0029396320402407627,0.03952189828570447,0.039606528522396225,0.0030892120853278594,0.0021546858888111,0.001800478334569108,0.011671905539270597,0.008441548300693663,0.009707270005087728
synth_M_50_006,Male_under60_srdc_poc,0.012972528885698225,0.007301818058493041,0.007838972144033958,0.001305652693826404,0.011258117678883831,0.001603783562142181,0.003256616710969432,0.01092874617806016,0.02790519989131437,0.02606989568746898,0.0464483474926742,0.003054419442902891,0.08972915509841725,0.09854031190191756,0.007266593611911974,0.03842078406009437,0.04461517477199414,0.0034072176340438102,0.006383582440456996,0.0025833696499975795,0.010235618999087882,0.008436628233209205,0.01443305771428933
synth_M_50_007,Male_under60_srdc_poc,0.013215624191249041,0.013733588006908493,0.003194455634341708,0.000798452471156898,0.011506280641789789,0.0038937807510511695,0.0447721851616443,0.007809713492743275,0.02389463094671504,0.03168844418967624,0.01225377402173318,0.006085645905292487,0.03048539415649504,0.09497208052469673,0.00814709434526352,0.05565314379987085,0.07697015873192913,0.005337332714342512,0.0025147896121161463,0.0019589770016094606,0.013936371917231488,0.007683394593290737,0.020670067015449774
synth_M_50_008,Male_under60_srdc_poc,0.008408729713328593,0.0033780367771603856,0.0036211981597490594,0.0009665650448048642,0.008659745927325513,0.0018053487121626396,0.003503135769993587,0.002001673322760167,0.00906591718337293,0.018749811201115314,0.0017095211855070473,0.0024166834048189737,0.005629030048654271,0.010702263428102234,0.0033757976946810803,0.0004247654072421705,0.023105877096753092,0.0037633230558352234,0.001576710419385735,0.001207499613955472,0.003607288681333591,0.007269182078205623,0.01063638289543655
synth_M_50_009,Male_under60_srdc_poc,0.005731135910204463,0.003830783929892471,0.004375083811600049,0.0007845231666593337,0.008301670458367442,0.0032346931697913536,0.004155167069551819,0.002530694632447285,0.012412932477700594,0.012606976057597915,0.0017202482624742573,0.002765290882579235,0.013406166480361206,0.01545754122237747,0.003474074922035026,0.0012636210226232016,0.018125633326095045,0.00303017014942567,0.0014859546407527627,0.0022074658534623273,0.004726244582588317,0.006018640002535347,0.008362739379954577
synth_M_50_010,Male_under60_srdc_poc,0.042843345199844084,0.01147076375586723,0.003269515130578684,0.0009595847273190702,0.011919920819845956,0.006096283110841962,0.023928020073890954,0.01177162094414275,0.02213719344071481,0.04092060116506591,0.02628970497926495,0.011263144996329268,0.027698973361126197,0.0778906083858593,0.010324148585839429,0.08665624787166609,0.04142454891010307,0.0037383873785823284,0.003023187888561321,0.006633470628971856,0.05881258039789593,0.008934619326362837,0.005943845435188406
synth_M_50_011,Male_under60_srdc_poc,0.021930036511341094,0.012906121509542736,0.003956935165362891,0.0010692295393798076,0.012670897316942618,0.0033136863590097544,0.021258019481237487,0.04214561066588941,0.04188323033239043,0.029519607516555163,0.0767162886953118,0.017823825644544274,0.11793277804630717,0.32402585597248984,0.011099275974816903,0.13702892469352398,0.05469902921633363,0.0015240185655707218,0.0029889939910821253,0.0031129021039303885,0.06041604506253711,0.014221448663055011,0.009677881292729921
synth_M_50_012,Male_under60_srdc_poc,0.00606797001514245,0.011385982455619618,0.003390295704999038,0.0020335041173669623,0.012280208947519371,0.00437802836501181,0.004273848446100725,0.005945873811137433,0.026787521384647312,0.026530566995761198,0.011859094500984142,0.0039614375781713935,0.04321076868681757,0.06706018151147723,0.011261529678171102,0.0017350523956414887,0.01663034531991106,0.0016218803560784964,0.006305385488164707,0.0039053125032663177,0.006091808248686313,0.007803727696766226,0.0041788806189086225
synth_M_50_013,Male_under60_srdc_poc,0.012638795750777074,0.007212731133375075,0.0036113489163525467,0.0017100772997540542,0.010845032587189916,0.0031671420147399024,0.0017461473290978408,0.004147243649718828,0.007340086343591792,0.024338127756507393,0.0018611408836969074,0.00193840147741427,0.008860620854965416,0.011480719111565113,0.0034063893916381188,0.0015524301763521972,0.017374770214333687,0.0021063399411959545,0.0016708900607649447,0.0018887496654654903,0.00415966534736973,0.014708076386971669,0.030446552905105038
synth_M_50_014,Male_under60_srdc_poc,0.011722084481577376,0.006538784929165051,0.010092413308347422,0.0009954885601749716,0.010197408874283217,0.005001974189858945,0.006719641924282438,0.011271774477457268,0.01569842816612831,0.04985944922085309,0.00834084020606967,0.004705089793080051,0.011558926510263334,0.06273928271338548,0.007815492899998836,0.012210737041460319,0.06580001528187455,0.005564386059945741,0.006344794446297034,0.009355896186438912,0.01944895427026979,0.009138076191608327,0.006731758012163981
synth_M_50_015,Male_under60_srdc_poc,0.008175461276999219,0.00540122491583662,0.004056128845716771,0.0009255288302716251,0.012124877664009982,0.003262159088639004,0.004275856905043721,0.002126219006440125,0.009269610092040496,0.021233345609188627,0.002573146241373934,0.0027627039095310005,0.009530750241237543,0.014542168484489616,0.004016583956206219,0.0014497043263595332,0.027504804796553154,0.005740158711339536,0.004900980104132806,0.007691877345814558,0.0047050928036982895,0.009444742757087031,0.02248626291368323
synth_M_50_016,Male_under60_srdc_poc,0.00739352543881937,0.0038381603003827722,0.003583494928167287,0.0014775300714489523,0.009748040918410673,0.002333115752524151,0.0015805231282393865,0.0018921158088070155,0.008306725256320062,0.02731825730746263,0.0053374979416665235,0.0022184534162308423,0.005100104487238455,0.008519340376901243,0.003963089656492949,0.0008606655224967469,0.020215909127830826,0.01125310931895919,0.004748521386039697,0.0010443086214373487,0.003955436462022718,0.006051465364460288,0.008693799216139537
synth_M_50_017,Male_under60_srdc_poc,0.007103250479616744,0.007619392938700662,0.003380413628636382,0.0006902787544634239,0.01204810949121483,0.001968978454374046,0.0039675484698153615,0.002454094118535893,0.03582247785097156,0.07314519572745116,0.011302065779875534,0.004886616213920567,0.038662620361731924,0.028693519121015768,0.005813139288972076,0.0007592420723843887,0.038383047239233505,0.00980517968244127,0.013471425789978382,0.0012423182661860516,0.004281275488002776,0.006989114495344329,0.004169354268407203
synth_M_50_018,Male_under60_srdc_poc,0.005908816488684057,0.002706463427466013,0.0058108674725516,0.0006218845045630611,0.008903470728476788,0.002867782834827117,0.001720455064505462,0.002709866252299508,0.01565743213949912,0.008916248067586173,0.010962604880362183,0.0023741524012539585,0.019419248890106273,0.01749179960693087,0.0027328403811759817,0.0036249063174827656,0.034754443072568454,0.0015694992560545329,0.0007989495982349393,0.002075117284271999,0.005798448506148889,0.005763213126129581,0.0036361970538576504
synth_M_50_019,Male_under60_srdc_poc,0.009980999852783362,0.007225754238482023,0.006974978372355422,0.0011826402098860371,0.0118410869034252,0.004508048326196571,0.0038889569132950566,0.004197443213269974,0.021621483583411018,0.03685009986726267,0.06457838346373339,0.004128135676200123,0.057747371382999645,0.1353132479836563,0.0036988955830364796,0.009780554693865951,0.032870979545111374,0.004279451256068926,0.0036746175151368046,0.001835163387784492,0.015066022076165293,0.009737154423236662,0.0068355831556403445
synth_M_50_020,Male_under60_srdc_poc,0.00758345156891012,0.011431265384248419,0.003739367530384257,0.001527539566125589,0.01099896788241847,0.0038403855526165077,0.002263403542966286,0.0017281600966642008,0.01617839058283486,0.03407755766855453,0.0017022042121391783,0.0034911389875928295,0.009426992878342106,0.04935376739224894,0.0030595438897372566,0.003924980677810738,0.02177321733367727,0.006822741325006684,0.009521626861213899,0.0031241749446500786,0.003859517937349992,0.009206334550275905,0.008885806520582497
synth_M_50_021,Male_under60_srdc_poc,0.007654497194951262,0.002118776502603145,0.0029880475011896984,0.0006482101870641535,0.008111155244941373,0.002842680194883535,0.0015602913165733443,0.006721799323073398,0.011191920823159897,0.01857345378133052,0.004888461052772744,0.0031490349679914095,0.014755899150243845,0.044945512919021324,0.0045962278491747,0.005559298139834594,0.01720575695385001,0.0013946476316759647,0.001003343223157447,0.0008567539440189956,0.009572398907723809,0.005438984285016616,0.004003587638177419
synth_M_50_022,Male_under60_srdc_poc,0.012007720314350892,0.006216906965456506,0.0035651330341140305,0.0007220653606476417,0.008593204235023424,0.0037991957987423696,0.001658936229251533,0.0044390156779675295,0.015356291436839321,0.017703736366298253,0.005634930829160093,0.0033009024320094444,0.036414697149202015,0.05489885455805215,0.002577056333155478,0.05056673654165588,0.043937287536534725,0.002114787687536193,0.0011600941554209038,0.0014073107841535567,0.013381291548509729,0.006155611784462811,0.006319279597110272
synth_M_50_023,Male_under60_srdc_poc,0.00895808836385755,0.0020894086183285477,0.004168460142661479,0.0006148602012838255,0.009771656901585362,0.0032972471843971405,0.0034256277542348873,0.002119809362053226,0.007875798402600147,0.02444711157671132,0.004921585813216014,0.00310049079806132,0.013923589097815416,0.021206501169309288,0.004982426828732045,0.004073778248956839,0.016666611380513726,0.002667236097442242,0.002153691274759693,0.002205107718844159,0.0057938467267986534,0.007557678822901982,0.0031417545979813147
synth_M_50_024,Male_under60_srdc_poc,0.011041357846364922,0.01673174470604479,0.0053238036305585405,0.0016415734381295885,0.01819733552333332,0.0029630777626811445,0.023206581862327474,0.0232177652886313,0.05128221838707902,0.05469083983223276,0.055301604205475016,0.01925127107836472,0.17274643922611738,0.16112262170732156,0.01841731632756361,0.11442886022258818,0.050930014350511574,0.0023563678486073656,0.007614996433900333,0.011748648984478543,0.07218417009628889,0.010735451621667181,0.01180289049004412
synth_M_50_025,Male_under60_srdc_poc,0.010524236351958165,0.0027061849611738093,0.003984844908324,0.0011161040677446633,0.009724908431290804,0.006721131994389187,0.004120309243455559,0.004074063489273429,0.01503639616025759,0.016347075370031952,0.04976124015722041,0.00559737543569223,0.009220891404946903,0.02785390087130669,0.0068749688004015605,0.019210947871327277,0.042931705220571055,0.001852194230001737,0.0034528706541031087,0.003221654346144214,0.009398166865711554,0.007467831025891963,0.005017287140176538
synth_M_50_026,Male_under60_srdc_poc,0.013785844254599586,0.0061763546936026625,0.009523421813909394,0.0007990604925358713,0.01410630307700344,0.0031556118745169285,0.004246726085870295,0.019961764817792393,0.015220138355631024,0.02771188960408305,0.01599976150818356,0.009795250716529848,0.021603641607683702,0.0841960629248447,0.004306016570273507,0.032898549174720834,0.06001642304463094,0.0051859004394105394,0.003032951838400772,0.006402859248440402,0.010892666296369646,0.008589341927134493,0.01683696542472683
synth_M_50_027,Male_under60_srdc_poc,0.028545009193118937,0.0037431145157937606,0.004691823155978763,0.001201740976238723,0.012070503644890075,0.00356253634098752,0.005975308759742569,0.003925610682236688,0.018214522704400746,0.026544482168920636,0.008449994788888754,0.0050853747452496425,0.027409962787126648,0.05936723521071218,0.006644392128691333,0.0052157006902255635,0.013378293086428695,0.004565511797532786,0.003325192955634459,0.0028714505665585806,0.012223001872220723,0.007499402535753149,0.003507614348073121
synth_M_50_028,Male_under60_srdc_poc,0.009920550311010114,0.00968607813254927,0.003108665619150793,0.0009498987975583624,0.009471156131592206,0.0031021776506034333,0.00572415301583391,0.005382969297163118,0.01851611166539872,0.0313950866998597,0.010877857910072094,0.00285582473672888,0.02416692716349593,0.03731934210107351,0.005308686837168497,0.05382862992111812,0.05565496972740826,0.004310617836342306,0.003811514410687226,0.00429232823250961,0.0174008547177936,0.008225933623647007,0.009442789079484832
synth_M_50_029,Male_under60_srdc_poc,0.009140424447476795,0.0030147413345578485,0.0030386811282224263,0.0007699769632179315,0.008447383473147827,0.003719542117610685,0.001993427233975628,0.005840430507007279,0.014243981367167242,0.022047446446119043,0.006005753136131787,0.002497697637073929,0.014473329887963949,0.04729811204978167,0.0038744566531163896,0.06479242503115334,0.02706221451838016,0.0013475315314120497,0.0012706136953778927,0.003319275217866622,0.013145226937090575,0.00574924102703231,0.0026518675208752076
synth_M_50_030,Male_under60_srdc_poc,0.02614764855575307,0.02925379031851518,0.004795820171834697,0.0024855979934440236,0.013733561097568684,0.005394300820656833,0.0040147268743370365,0.013600447814559994,0.03171314992873115,0.050352431272149695,0.061663065928587814,0.018504635374578467,0.03967290240394259,0.08076770911964076,0.014795515173155601,0.040173918496113355,0.030458328316088593,0.009404748322860106,0.013857997243902524,0.016575063069762166,0.028097917489813818,0.021548791366738148,0.029535115442740956
synth_M_50_031,Male_under60_srdc_poc,0.011687572155853447,0.0030857882103855626,0.005722361432238443,0.000823510449395136,0.010146458498288926,0.003733985375493545,0.0033636343778908505,0.02052900918959966,0.009862183716821378,0.021506569863474198,0.011322997366351601,0.003977128481179408,0.013139995736708923,0.05339444613936822,0.005703098661154248,0.01007075473131072,0.04268094157743251,0.0016788423391725718,0.0015505236964828745,0.0022340779204594375,0.0067515533754519495,0.006166176829794833,0.011420061350281981
synth_M_50_032,Male_under60_srdc_poc,0.05037492116186621,0.02189609770954102,0.0032435829243055024,0.0021938034552741186,0.016153121061409592,0.003122732134352956,0.09812665707181475,0.008556008182474258,0.04911823735742793,0.05293916149979767,0.041684115736389846,0.02175384944604785,0.10334847513495599,0.14863652807291,0.014339038217085464,0.0033231876849360007,0.034431101134007436,0.006755952734681841,0.016974959607390618,0.0036551505132616175,0.005186699927291797,0.026978950809892304,0.013522165741814904
synth_M_50_033,Male_under60_srdc_poc,0.01960093986522188,0.021263624589465926,0.00302200174389592,0.0017619747217576713,0.014179542943609695,0.006961444292377444,0.009535832146285571,0.016586703793381532,0.02746848333841367,0.05775604996593463,0.03543791298045122,0.018396012103949706,0.03236251675492251,0.2020580610292315,0.02232238744828561,0.08732628692064795,0.0913836884654891,0.0025581788786615905,0.004225198646238201,0.006328724650598616,0.0443407035484865,0.013105270049139186,0.005951436126498386
synth_M_50_034,Male_under60_srdc_poc,0.0072802262192816405,0.004749238406703221,0.0029673547695682687,0.000949447457841478,0.00973600303306819,0.0038455078496095916,0.0036429598674294363,0.008218612231964134,0.010803750739462737,0.048242813550342004,0.008591799712245397,0.0035688162187908364,0.034835987229433416,0.01822811150352451,0.0029817932936747464,0.013439212899501212,0.05377859207025646,0.001659061820210021,0.0010697994899363814,0.004836777528873863,0.010574014690827114,0.006822696079611762,0.018806196200564593
synth_M_50_035,Male_under60_srdc_poc,0.022343875047160986,0.008941770252657572,0.006564790712554165,0.0013002083796059686,0.012828346911943601,0.0034234546492464338,0.03317888647084946,0.013321481767618212,0.03194481414703426,0.03533081673898847,0.03536349193074816,0.017721807369517093,0.05873857230787386,0.1350190740551805,0.011088648530685752,0.028432587303385177,0.045269314231462326,0.0046192489130878,0.002969511508168434,0.003165652992585767,0.015651835020349825,0.012319939842876047,0.03248043454341218
synth_M_50_036,Male_under60_srdc_poc,0.01692025410561269,0.0075369120517264345,0.006563897114750423,0.001280154714692936,0.01142966136656962,0.003369594623250389,0.002990567322410975,0.0034838932805178555,0.008702858581279989,0.02923591701727807,0.011861836590596336,0.004264183159993179,0.0231842758532844,0.054986005944926905,0.003997290229089003,0.0006336814992084968,0.024697943011232727,0.012686736763767912,0.0038668324820612743,0.0017833184184937035,0.005757506138099038,0.008373765030609593,0.010682150431722359
synth_M_50_037,Male_under60_srdc_poc,0.016662803809149383,0.004118294410759271,0.004324839616841296,0.0011619818075796636,0.014577307783815843,0.0031702963312474053,0.006558579772217785,0.013523167678262484,0.013930281013195754,0.022628173712377856,0.009606947429600984,0.010668759093451398,0.009674440295256966,0.04475554765085901,0.010725839168301006,0.024218896145339897,0.045752589445578154,0.002766609521461011,0.009275355133333971,0.006339899688611848,0.01728825007350979,0.013498701353561139,0.017008295107260422
synth_M_50_038,Male_under60_srdc_poc,0.008212178267530582,0.001997988254277649,0.00350363220311884,0.000699109887885938,0.009615521252780519,0.0028441457534767495,0.0063859516512431705,0.004765318106095899,0.011466685460460476,0.015613757745631686,0.005871375197880334,0.002232976228150362,0.015692202594402828,0.07578266509351737,0.007180464578189469,0.054479363674719665,0.04016267522206931,0.0030936479402838587,0.0013009078350053182,0.001365770689604738,0.013068455187764623,0.005322524614944407,0.001992399285142021
synth_M_50_039,Male_under60_srdc_poc,0.010147221176291531,0.00782476980211436,0.004878198096008816,0.0017942360521241518,0.010673114183009619,0.0029596266390601506,0.0028490834309481505,0.007109814821174728,0.02410002590264334,0.01737184753291099,0.0347322031158523,0.00418176291737716,0.029558999175223286,0.06960198118906848,0.0028435677225798622,0.08139233598912791,0.05295286474383446,0.0016712431694322154,0.0020423210760214814,0.0014158875429349507,0.01833936525595521,0.006723653073481743,0.019431968374793333
synth_M_50_040,Male_under60_srdc_poc,0.006643520073667485,0.013476559275633099,0.0044683086623497625,0.0010452622547041965,0.011926925733400347,0.00232843408041128,0.005659829616802878,0.005387049435982331,0.030474707804261904,0.03027241477525787,0.08643757176733415,0.003436241843787391,0.07237712739354443,0.08234556956370123,0.005435783176613101,0.01354009324014223,0.02079016518479938,0.0019397057365849173,0.005482345359886077,0.0032556257068553337,0.025504072890359473,0.010831718314117928,0.006940333833468304
synth_M_50_041,Male_under60_srdc_poc,0.029501308362070128,0.026819314346802632,0.003668051334503274,0.00185960779405368,0.011193818596336407,0.0021978432539185916,0.007114826280853604,0.011334247405924341,0.03474500722677309,0.023121270274941142,0.027610906351581376,0.008316043115620246,0.03410378006351956,0.07814006259837591,0.010800823128255914,0.031393062659384324,0.024031937037483284,0.006028300231225536,0.004703651620325328,0.00443988601188599,0.016898998873788703,0.010645537306988936,0.01582694601042492
synth_M_50_042,Male_under60_srdc_poc,0.00985962446155313,0.021863674989736993,0.006131732764837723,0.0020904269294097118,0.011576344549670162,0.002650202173146644,0.0054882324647659115,0.007092619176682172,0.021399614972128757,0.036089057273188764,0.054785392463022824,0.0071745479937038665,0.08694488640214913,0.1592486454386017,0.009436764891647385,0.004219635689306263,0.022684523025043937,0.0018413529007115818,0.0035225932092614594,0.004467125430217556,0.014764400698698707,0.010448082363681376,0.015414008355293368
synth_M_50_043,Male_under60_srdc_poc,0.006105577930365098,0.008914275205116846,0.005084124630055387,0.004106160175846737,0.010471730767975215,0.005563219984517539,0.0045708312917774946,0.004933700917517314,0.038381602857372916,0.020303900412437726,0.05172148557382432,0.0025573832998041206,0.07238141367062138,0.09752387902144352,0.008750021528889264,0.003751075533608629,0.02761245820646076,0.00861616649764621,0.023979678603798158,0.001933205658031251,0.0063530049390219,0.01066262324075713,0.007582359373237094
synth_M_50_044,Male_under60_srdc_poc,0.007089723508723562,0.007565501013537326,0.004628767486324338,0.0008191111881861515,0.011658611765764262,0.002899582253619478,0.003814233927738244,0.005566863917793886,0.02696112774493675,0.030635369237899068,0.02983964045275135,0.006112325862423618,0.02740132882586645,0.033917847265074214,0.004650850519024619,0.02432452940235132,0.020948197713924463,0.0025616991161624904,0.0016914422745778713,0.0029971923362835796,0.012830600193812736,0.00992467413635216,0.008754341858596689
synth_M_50_045,Male_under60_srdc_poc,0.00996815584111832,0.008018774867747958,0.003179378409078016,0.0009477270466744817,0.010980958876906827,0.003162965543485305,0.0030765427415941947,0.007796552867093671,0.02089228345636219,0.032123199037000734,0.012083346380246881,0.0037410470634205383,0.06023529589884035,0.13793265305641247,0.005160817733776482,0.02135866733498283,0.041179856069609555,0.0017368338489851232,0.0023580816133612647,0.002675895354067907,0.024306611853328164,0.009956807904017229,0.01032713848332837
synth_M_50_046,Male_under60_srdc_poc,0.010295348258677907,0.013541916524813163,0.008317859583404487,0.002082810026207836,0.010260007059417962,0.003166617400191624,0.0037915534295930808,0.02004448100645619,0.02635440349717692,0.026348951963870174,0.1025196068998966,0.00915837862933627,0.05229529407668799,0.10644995100244363,0.004295551003438839,0.0175773493924333,0.048322815570841726,0.003343211680566746,0.0013594668056377012,0.00501894915198149,0.015245349826820069,0.012211587338349256,0.025366557543557863
synth_M_50_047,Male_under60_srdc_poc,0.010529004470435943,0.004470172723231537,0.0042273436566346145,0.000973794184853955,0.012085686976294046,0.0036681596797785063,0.004106994702436482,0.013927563407366278,0.02497907984813802,0.03021676562896071,0.021579717706817565,0.0031378589012080625,0.04189357957051452,0.03837972617237153,0.005751639436932106,0.10379770394519128,0.04305206855208573,0.0013000590372470584,0.0014149894129726025,0.002774474921486606,0.029137380926337688,0.006856922366727462,0.0046059247078924824
synth_M_50_048,Male_under60_srdc_poc,0.009485229166717707,0.012065318050007818,0.003932727704595494,0.0014794429423645933,0.006897833177085578,0.0020129869184532367,0.0027005960756542858,0.007185489540111732,0.020543675765358937,0.022362825147797707,0.019325728622353842,0.0024850691573355325,0.046072021457807304,0.12663506137009906,0.00485558380010198,0.007777534694715975,0.02247031655351632,0.0015792151276538549,0.0016794635658963384,0.0037194794927560503,0.008332667496142197,0.007893910986039645,0.011695774909161925
synth_M_50_049,Male_under60_srdc_poc,0.008736918431986223,0.01448738335203585,0.0032763479947793103,0.0009521720360566957,0.01202186307828296,0.003309317531164832,0.002625847242158241,0.00887984946131271,0.023640407998107175,0.03553195268727796,0.010923560540222945,0.004557599667430392,0.10530772078510506,0.18614464394914085,0.004062656462236671,0.020336353643540764,0.029422556254201603,0.001928806212378564,0.003942801156649117,0.0020594961099694976,0.016548634563633816,0.008828335515181225,0.013980548115153127
synth_M_50_050,Male_under60_srdc_poc,0.013559879307158065,0.006091594334441644,0.005163145315588772,0.001154031837165398,0.009953369688248616,0.0029606889351141046,0.0020759836901500244,0.001975972493013331,0.010831501058944138,0.06356726037246617,0.0016425915256893819,0.0030547241026035407,0.007206124233432814,0.014821107260011651,0.003060459078444068,0.0002954771080754264,0.016834065037769286,0.0036526152679713896,0.0023349131266464226,0.003266660338454448,0.004401047285671292,0.00941514153451684,0.0043247234805164235
synth_M_50_051,Male_under60_srdc_poc,0.009808910063940891,0.0052142573705374305,0.007326009948281745,0.0010680465453475239,0.015392400661545652,0.001597757772308141,0.00400401393646141,0.004605276122865827,0.016792613015627435,0.02601211613036915,0.030667410329672483,0.006262876264827439,0.031270270514454405,0.05194836498583,0.0032419968648652966,0.0020625064141937682,0.020416544180532233,0.004883895856744374,0.009927227224753076,0.0032062029626133922,0.004121206941595037,0.012409294444591773,0.011559981720242515
synth_M_50_052,Male_under60_srdc_poc,0.00845751928646448,0.002586644577144327,0.003156103390494229,0.0007496529079579605,0.010379289660779417,0.0017687396618181475,0.003281089970820818,0.0015228509892872251,0.007531656756470153,0.020059446288443028,0.0019265192386185989,0.007300920748203791,0.005161510337551478,0.009659084294842092,0.006516625828007279,0.0013533605408159364,0.03521427127765608,0.006938830647170079,0.0025589119630747325,0.005282907357875395,0.0036274269716172966,0.006738891665115518,0.005659560498755132
synth_M_50_053,Male_under60_srdc_poc,0.014784877126527849,0.011923722936980904,0.0036979528572359593,0.003056974053077468,0.012582241758412344,0.003420260158765214,0.004532237445506531,0.007692461669431115,0.034024259860840796,0.029178025724035755,0.029657463832786623,0.005512241434045618,0.08721537929143489,0.07105107972927771,0.006216878537811565,0.050817157953485924,0.04170957057818929,0.00258098127420124,0.008480120973962035,0.003127487992702586,0.021910904033819404,0.009054211692844679,0.009918189479287014
synth_M_50_054,Male_under60_srdc_poc,0.012931806569512908,0.014831005179009937,0.008856481612625956,0.0010563493541740083,0.008759941098008091,0.0032789871424446387,0.0021226382685240715,0.011360353636492033,0.028737257248547442,0.06117504404398209,0.0806294162543567,0.006305920342496265,0.04923075853742121,0.06997191850413538,0.005327252520611475,0.06472810835939447,0.03329555423191373,0.002674555909188291,0.0019214418256896654,0.004454361833071219,0.015169546071072995,0.008700370811021114,0.012997309985614902
synth_M_50_055,Male_under60_srdc_poc,0.008678075648444304,0.0073815569148952724,0.0031948221943152557,0.0011440489803070534,0.012155299290351178,0.0036025402923359883,0.00244656837960734,0.0038872503347375854,0.011833010096045026,0.02623399102920815,0.004198720955760605,0.003971895198568784,0.01187919126766701,0.011327441926447716,0.004451622218704136,0.0006481552382848167,0.014690954966381469,0.009370785968628354,0.00540178486319155,0.005541790025430262,0.003677250592617761,0.0072407529952219,0.017276440050982837
synth_M_50_056,Male_under60_srdc_poc,0.011276941250821857,0.002318461911071428,0.008216287956337586,0.0009297837286849995,0.009121977259547982,0.010614311068097466,0.003065886351448314,0.002439698081800373,0.00840440327852382,0.036480399494043116,0.006629124348542638,0.003938517451131616,0.01323568070228104,0.019979957641518574,0.007863830710261222,0.0005022416797167824,0.012285280274767543,0.007576999379153576,0.007431296294493592,0.0015382477361672673,0.003824218418315829,0.007199930524000222,0.007023561318288967
synth_M_50_057,Male_under60_srdc_poc,0.015164522025119654,0.007251700787209715,0.005205364456549689,0.0008279698641887036,0.017617487793561856,0.003370378526958108,0.006412937137807637,0.2555207117150018,0.023778209526661556,0.028725653640621806,0.022889462081006465,0.003619289153186808,0.028062967270101827,0.1233603766949627,0.015967563870622124,0.11182535043881713,0.04061257678398937,0.002244677809344634,0.0022157487307083398,0.0027982445617233246,0.039951533464844,0.007312441531764927,0.03757618082799826
synth_M_50_058,Male_under60_srdc_poc,0.013778062414445989,0.011719958364706792,0.003082836747389418,0.0010945032910851535,0.01173718330828951,0.003643371477084131,0.002761132404146308,0.005624831327224559,0.018788475226287956,0.029357348375564602,0.009584504564306266,0.005064378555865985,0.05245466149269986,0.07970925739381758,0.015012897037845443,0.054523852746941374,0.04193850898794553,0.0017303341988062597,0.003329064179698436,0.0036401087463158233,0.02392736214390222,0.011567680914587259,0.017333207414772754
synth_M_50_059,Male_under60_srdc_poc,0.007497492751272048,0.005786387401852558,0.005523373704605916,0.0010581119691231461,0.008716555446785101,0.0028912574888599442,0.00403402208169576,0.007918982653887166,0.013127603498923494,0.017877371004781394,0.009670739352505809,0.0033434697494991983,0.03999597190249139,0.1030030683648856,0.00986900929185273,0.013368040901927728,0.020194718361279375,0.0027819840334186094,0.0013269643764522434,0.0016109522149603287,0.011808980680664933,0.0051651759066358455,0.0043207757975882695
synth_M_50_060,Male_under60_srdc_poc,0.006375747297719222,0.0027923605005847818,0.003959528936503163,0.0013647555596495076,0.010618418047452624,0.003790057837160451,0.0029049656771126687,0.007498908877658357,0.015027616247539215,0.02980137931070299,0.16789095400022053,0.0030484146506377014,0.10343632627998164,0.1539492104643003,0.002805070084561248,0.0022077771279134114,0.012723630733804583,0.002413831295534156,0.009502122350194589,0.0021337228901352704,0.007291166372648704,0.010850924536389715,0.004308224764962418
synth_M_50_061,Male_under60_srdc_poc,0.008680908210211342,0.0022848607339736506,0.004152401238397693,0.0006567747063528271,0.009752918107284646,0.003398583265709638,0.002588074236817773,0.003377655993931866,0.03218237746912839,0.022096138189045725,0.025277407925177266,0.003680279108669552,0.0477868489793997,0.11534969120705779,0.002829787949058755,0.003976656260726074,0.011625855350480174,0.001987665747398244,0.0019273297524627258,0.0007530918379669481,0.008810345685201662,0.008085678365843191,0.0027317563997192556
synth_M_50_062,Male_under60_srdc_poc,0.008669984598337826,0.005779291099514072,0.004317501592582448,0.0009775791163847943,0.009642747940065803,0.003053320950585785,0.0038476214194859393,0.005921394179151677,0.026435214663311023,0.019429321862490936,0.23433941966810948,0.0035670655356171044,0.07016056895416983,0.0662605931624939,0.0033457881159147753,0.012075344702206232,0.01974508805122935,0.0035753206774969985,0.0013312827028264997,0.0024187292675347657,0.015383289662813961,0.011223380376015326,0.009143510958527161
synth_M_50_063,Male_under60_srdc_poc,0.011557448350887276,0.0035417253166109665,0.003073421653016004,0.0007285181194919393,0.01043971607907093,0.003284113468738681,0.0033564838452074205,0.0038232489608699743,0.014568752711397456,0.014786051345338305,0.0067007124917145165,0.0031974517378384397,0.021284382417522233,0.01544832234556513,0.0030725635864274803,0.005105212283360597,0.03714351864812459,0.0022085317034395173,0.0011911089374417583,0.002212642515130253,0.007219667400237503,0.005818742605642139,0.01602915986582534
synth_M_50_064,Male_under60_srdc_poc,0.009840787688057722,0.06674250614597568,0.004764769521047616,0.003110415050627124,0.009759137690057032,0.0027868153521987096,0.0037236108689924405,0.006678901286979272,0.02550133505437882,0.03425903407880498,0.006681383657515495,0.0027096766860599656,0.04374615413953416,0.029190291019717263,0.003712211310714588,0.00131597604430999,0.018695431480799295,0.013182936453004434,0.0065587056772784275,0.004259590159673812,0.005451875397351934,0.015012118835299204,0.058807424800898206
synth_M_50_065,Male_under60_srdc_poc,0.009434451684032251,0.005956340850530437,0.003771193492632903,0.001222054371541579,0.008573634348799592,0.0030181869110337462,0.0019473277205572057,0.005167486641548353,0.01061082517674875,0.0152913475932763,0.003490109522183427,0.002915587305473739,0.010799888482251909,0.024496916051567293,0.0022378695887594,0.005388202686242043,0.02028881261303361,0.0016341184043526169,0.002425571850788919,0.0025479252759078347,0.006221264095718242,0.006911478087948253,0.008058272817598555
synth_M_50_066,Male_under60_srdc_poc,0.01513551353948186,0.024878868039537733,0.0036303221594792497,0.0011465376537339689,0.010431564774261099,0.0029336404736077515,0.005461803144391204,0.03250441013551407,0.020270783234576123,0.053880024246188526,0.019415448182038626,0.007966799883190918,0.033203427658860106,0.04111041727220999,0.009027556650648956,0.03289099299963877,0.04538798235504368,0.003268794794161445,0.003565916536522102,0.004982146027968854,0.011592422112868032,0.010134542061940017,0.04060150385248655
synth_M_50_067,Male_under60_srdc_poc,0.01892880860211805,0.014533444066567508,0.006512642893133168,0.002809037718098508,0.016026123095003942,0.0029060299855830697,0.004238760315926447,0.026396242663897448,0.03347124610619907,0.0617787650766601,0.017684456816261615,0.006647824891037353,0.075075999206999,0.1094447913038726,0.0058559670430722,0.06755489233852133,0.030612064626739915,0.004896829203730099,0.003554497539995565,0.004320462695696821,0.01950482868688452,0.00779979825297712,0.032436191187432926
synth_M_50_068,Male_under60_srdc_poc,0.01953013323940603,0.011086791238847173,0.01082646613047014,0.0011308282402308217,0.010508510527332673,0.002976777339866477,0.008533554190136744,0.00993475366456898,0.02473228823088336,0.02953980208342642,0.21672473627031905,0.013697276294038984,0.0161075475912878,0.09985342303298986,0.018115385915537845,0.09565108570468003,0.03328597713348838,0.003724642677656223,0.002576421882474102,0.005552112748124866,0.021612163289840072,0.009999363951741166,0.004294294212906822
synth_M_50_069,Male_under60_srdc_poc,0.01079563258444813,0.008427682728924645,0.0034221305312104144,0.0012714244314886026,0.012572633285014694,0.0037786539218694075,0.007859243304085873,0.0048138733967311165,0.0301453033523361,0.027298180314762617,0.004219041740476919,0.007589823554887844,0.09671823958629075,0.08930503531988787,0.009632947292017397,0.004550075254752161,0.03446884618692591,0.0031353139009379248,0.004981475516963361,0.0034381511337631216,0.02271473718057041,0.013594349434855086,0.010334340331704146
synth_M_50_070,Male_under60_srdc_poc,0.00884777957789914,0.04195122077509162,0.006010717668957441,0.0035972603437041013,0.015729723984047882,0.004067974423351625,0.006559129765902037,0.005711461997914979,0.02737131759192214,0.037756342477581,0.015578099041449288,0.012213363979107378,0.02434933693451096,0.09389699343508615,0.013737320773367062,0.0013030864653062796,0.027273683448055294,0.012141305940405628,0.018438888919481193,0.015330919736970981,0.008030873070416675,0.014799251608960196,0.013085794326743163
synth_M_50_071,Male_under60_srdc_poc,0.008695403324609535,0.007344848455929467,0.0036237791768398454,0.0008946127201784787,0.008649847488040584,0.0027065459527725886,0.002576825187362931,0.009029284169494396,0.012214766854629895,0.030958730777338742,0.0054860286604583915,0.0034637897105910696,0.0137458251196306,0.05476533474619914,0.008041538101421667,0.00856484132111126,0.04528164059797931,0.0019440048622087142,0.001408680425513908,0.0024671865880161598,0.014465464085769328,0.006759729423141079,0.01782661993422931
synth_M_50_072,Male_under60_srdc_poc,0.017807715835225873,0.0036698990672866527,0.003475785339467623,0.0006888289414239563,0.010038335431926611,0.005308136871840837,0.005415646461566202,0.005962360166757952,0.008769655163261393,0.014819863757688337,0.005361639173096858,0.0014435145862911377,0.029584211517174795,0.028053356254199725,0.0032611019832586956,0.007200341897504477,0.13023989881986775,0.0033225404408713435,0.0019748953836481757,0.0018145629147678672,0.009202900795241062,0.005472901015565665,0.010284867982283884
synth_M_50_073,Male_under60_srdc_poc,0.012035818865511057,0.0021511337343541035,0.0030695231515714505,0.0008216328920973984,0.010707495967008387,0.0017623628140662354,0.0026179436147225304,0.0015058720648809833,0.009946628702151362,0.02438253480227252,0.0038474238386180344,0.00433002732283338,0.008557551294599848,0.030245588530155805,0.002595845198234403,0.003769442376575624,0.027912616990900956,0.005797603468142463,0.0019623288283159034,0.0023172404027087747,0.005366773253794468,0.007276359762513604,0.00596383273803046
synth_M_50_074,Male_under60_srdc_poc,0.00945204415877848,0.0027981252678922833,0.00321921878332286,0.001067961202622379,0.009984047923656092,0.003263560819122177,0.003732286927849196,0.009777309244291323,0.014986194269358911,0.040122371200061395,0.008883052246149015,0.003486689525080728,0.030033946090325295,0.06290464061650149,0.005031522336077274,0.02057868490364533,0.0553983293612587,0.002377358879498809,0.0020076991870512117,0.001527104182467843,0.012880004203188255,0.010206079342902304,0.023853419219049734
synth_M_50_075,Male_under60_srdc_poc,0.008420207581826971,0.03221423720018886,0.004610538553254645,0.002813962897766405,0.016670182737545974,0.0030203072760722934,0.0037394958210173026,0.009481089885244867,0.05018662181670173,0.058241395317636654,0.019409496182525132,0.004854130618187571,0.06116413101252018,0.10817228948520126,0.009709407356731568,0.004048575733969045,0.021729922540273814,0.0028044148911081125,0.01561787017027627,0.001966025948459977,0.009228353268307428,0.01675667592677755,0.024626455582396522
synth_M_50_076,Male_under60_srdc_poc,0.008621045207051843,0.0015312397699701566,0.0039055912752857134,0.0006588688275865021,0.009003651149468099,0.003192048158075518,0.0024711387461807503,0.002228760737336324,0.007654660083878942,0.014073574055200627,0.00439315139409856,0.005334662591551485,0.012040778261428407,0.038915778066250684,0.0048637180444656095,0.008364827388422093,0.0384392702512826,0.0016736917009417315,0.0012998098641240443,0.0027351813598871125,0.00615381385518444,0.005202961719247334,0.004471525303179804
synth_M_50_077,Male_under60_srdc_poc,0.0154165387818668,0.016318683796128428,0.003424998430848262,0.002124125532963822,0.009965575223509562,0.0059736453405272935,0.0048087025642929585,0.003803086664307356,0.02181631110164539,0.03623421306757065,0.004883129724316311,0.003980025028106037,0.014929872782613282,0.022543086092685714,0.008222717396477612,0.0031756873646743775,0.01892450821648775,0.007137977640709334,0.004374968870486559,0.0023054492589907483,0.004363752971720579,0.008554320464079121,0.01570559543971664
synth_M_50_078,Male_under60_srdc_poc,0.007622297374431845,0.004505064442737456,0.003654487311939898,0.0009773582088310588,0.012123879954770437,0.00295616280242133,0.00198587305784982,0.0013857582336099436,0.005895895921239702,0.03498190302026886,0.002478970695223146,0.002949788905453435,0.006856743395229344,0.019449328170110653,0.006578435609911001,0.0008636139199369563,0.017792114786112062,0.0031396841205674994,0.002128898985108185,0.0020566305454178943,0.0036350976627440093,0.006123629456739055,0.004833793369494109
synth_M_50_079,Male_under60_srdc_poc,0.028251844057425587,0.005537331328000387,0.0032574228165443467,0.000712042448304758,0.007890566133760076,0.003556534596672791,0.0029476545224007976,0.024336320278658223,0.01846102616813831,0.015907198350128306,0.010549834417218393,0.006963619648054592,0.0423946301195477,0.1410813674571241,0.006826126476151032,0.057497978791278805,0.05698049908445361,0.001538334764184266,0.0017270024960669116,0.0013313737245402733,0.019772185489735663,0.0058384240263888165,0.024132909188617508
synth_M_50_080,Male_under60_srdc_poc,0.010391591315449665,0.002314722401001884,0.003014296965829843,0.0007369675254019869,0.0070273460577609,0.001961704475558382,0.003395210211505045,0.002554421796130149,0.010927993868722957,0.031171582987813792,0.0021677611063294624,0.002530376555324871,0.011565878503684039,0.06286923915465152,0.001713077943908696,0.0021251581526136377,0.040515773201661415,0.0017270867373046974,0.003538979958765685,0.0015648313998194855,0.004178125224604757,0.007830111355478139,0.010369517528444352
synth_M_50_081,Male_under60_srdc_poc,0.008727752764090336,0.003754783663802487,0.004211914596938844,0.0006661674519184293,0.009466284118050864,0.003404060327150413,0.0027977033647800325,0.012683629463519286,0.0204083798166777,0.014075013980913514,0.03651064733610161,0.0030763567744919026,0.06484412381478201,0.08919472178786027,0.002475959196010192,0.0024352876013824247,0.016811429572990463,0.0016562490372471225,0.0049062043580168435,0.0017476674725941574,0.005523293932385583,0.007595056666761165,0.010831637559247563
synth_M_50_082,Male_under60_srdc_poc,0.00623867465175018,0.010441622865866087,0.0033344891596219298,0.001320500637139548,0.012873897484414346,0.0029561101556110393,0.002764827471720949,0.005782406274318699,0.029149341122271716,0.030643987057891686,0.013630248607170516,0.003126953244797928,0.05475275229722794,0.0876341303751943,0.0031984235883026004,0.030924229320148544,0.060802254025738495,0.0018023455897042068,0.003732394847555419,0.004924730054804495,0.02186032719067551,0.010554459841805506,0.006323937148647725
synth_M_50_083,Male_under60_srdc_poc,0.007776712393230861,0.007456828106389976,0.0032523334228458287,0.0019512954672847253,0.018022474813547584,0.0033175366168917116,0.010320622188625122,0.005655694227364593,0.027284854331773287,0.020526781425081454,0.017672462684367198,0.004901671050798404,0.12523116636475146,0.1132665145391193,0.007550338029456069,0.005530664131015338,0.013156531902780443,0.0020845356938797278,0.009442351865528577,0.0017292092334451263,0.006827488135680279,0.0104271605454745,0.008077495576091711
synth_M_50_084,Male_under60_srdc_poc,0.012690735636546024,0.013254350787612997,0.00309843878237669,0.001617511448575126,0.010744793257109532,0.0028519112013206402,0.008025410270499885,0.016007117534531594,0.02936661995993519,0.032213212333297624,0.024066007040025383,0.008954135429534087,0.051512059954072736,0.03175908165482903,0.01306732583511426,0.016940914330674985,0.052396605014398794,0.0020147077560128605,0.010985425576852198,0.008481544215073415,0.011905006692861543,0.011039621271151202,0.016844633255325116
synth_M_50_085,Male_under60_srdc_poc,0.03141795573496881,0.0066529747348219965,0.003384935806247924,0.0010394162889568151,0.008701083047683049,0.002060041389073826,0.005671457989176472,0.011163036465135865,0.041515177280511927,0.07705335684754015,0.03254750137862537,0.002427056493453046,0.0361857811267819,0.07892855265763427,0.006047574544142671,0.1438555198386819,0.027201644081796664,0.0014008588167268748,0.0014677819317464934,0.008554801044853564,0.03174581409810204,0.0059447131601846216,0.009356695759992812
synth_M_50_086,Male_under60_srdc_poc,0.008698837461661045,0.007208839594823774,0.003860567879067433,0.0010746131139589016,0.009754679356547625,0.0032246058510107013,0.002004776177008168,0.00830009742757931,0.011775120417339658,0.057689941412529866,0.00678764087496169,0.004038050228446334,0.016297419034068315,0.03175226870770911,0.004202376977260066,0.003367276616052713,0.02525688832294387,0.004362014692616892,0.0030456338607125068,0.0017528275597069138,0.007736246649548948,0.00844874833296023,0.012091046607438545
synth_M_50_087,Male_under60_srdc_poc,0.01137889566170909,0.010044237034533133,0.0033797743346894882,0.0011767175620631906,0.011269229403378921,0.00436748162165308,0.0030668744605608952,0.006872086732874284,0.017495787431902936,0.026456185349321114,0.005886564323461387,0.005501803727394597,0.05734273086902421,0.030689165272981853,0.005768952213293985,0.007533334633533689,0.02337478558961422,0.0020831899601974585,0.0019073182413208906,0.0028078153562913315,0.011001628410498348,0.00799643095967692,0.011537122327386733
synth_M_50_088,Male_under60_srdc_poc,0.013493734339608092,0.0034195731174848395,0.004345728799511602,0.0006591637400934739,0.008983637687232216,0.003090474520433434,0.003054980376177433,0.009237090732907136,0.012287572794024962,0.014093907426503191,0.013227029991253383,0.0025229752972892286,0.016041747214871373,0.09213782446476748,0.002864489605048757,0.0770279185660827,0.073896921707537,0.0014271763916860894,0.0016167260758527487,0.001318542910241529,0.016826595869510446,0.005303173823593946,0.00468295382908975
synth_M_50_089,Male_under60_srdc_poc,0.02920616848224042,0.01799945807791299,0.005149571663198511,0.002048772247043559,0.014281085772262161,0.004167596079991687,0.010870506782655656,0.025142855430175293,0.06712914989304518,0.046096683511402885,0.27670648346233023,0.03274152489568442,0.17921561169279648,0.3489149853869277,0.015782204880458815,0.16653002480087972,0.03128373660584899,0.0043674257596072715,0.004231459949540103,0.004806312966500478,0.07748029862972844,0.016116007092410903,0.008836922293089796
synth_M_50_090,Male_under60_srdc_poc,0.01295152710183409,0.008220941321937035,0.0039953933681255846,0.0013057494333699013,0.010819778909514313,0.001582141193763301,0.003770601223862793,0.05261299999964738,0.02162330414023212,0.042481062296006344,0.014259198840577601,0.010739520972241729,0.013871084421885865,0.0408540383479826,0.004591320894246428,0.0037432916072819423,0.02588035437845428,0.006244536659628339,0.0019479541718364912,0.0017414082412597444,0.005989229551472012,0.010189759861386365,0.028505859392223304
synth_M_50_091,Male_under60_srdc_poc,0.013038927641048434,0.011444579718013586,0.006990608306005864,0.001067213701758893,0.016461530059055207,0.002583087475775665,0.013881668645627026,0.01625792130831762,0.03844685585282587,0.03169193631901966,0.04918855644274797,0.00576402580478812,0.07374358695738913,0.24027890843292812,0.008849596099363026,0.09290461965170392,0.06565989342829982,0.0043215588665352364,0.007588586870070898,0.009666757577702054,0.03755115905734838,0.020193399349331793,0.0061226969322111776
synth_M_50_092,Male_under60_srdc_poc,0.028233894660968113,0.018692819108592062,0.006023307740144588,0.001764670205119158,0.013264170066783426,0.0035150196565582005,0.004154996889751907,0.011904038892381097,0.031298613070151145,0.03592058636185508,0.03891276155747201,0.01056747346373671,0.01531124971727907,0.055224243136601014,0.005997003697848126,0.17868799596774135,0.0883032541901595,0.00973275276618544,0.0037780867989843977,0.010619568452841543,0.026779350079838747,0.010695392371663958,0.021374897524802036
synth_M_50_093,Male_under60_srdc_poc,0.01340345977321432,0.00783520970872245,0.004766465279854769,0.0011574434204693529,0.013433435078874205,0.0020173596757761627,0.001481930555081569,0.008113601376827338,0.01745704628333325,0.028742800935812097,0.003880661184664792,0.003063840340068408,0.02439469282257146,0.03610346043773763,0.003985194880307082,0.0044404487843074355,0.01938804063924239,0.0017950366092318749,0.002518748712451199,0.0011913633451239264,0.004989203351115381,0.011220373724816685,0.01663567775255574
synth_M_50_094,Male_under60_srdc_poc,0.007658956650521578,0.0033065347109687525,0.0030504535010173165,0.0010334808112933346,0.010316675221137493,0.0030272508877022195,0.001665112798419973,0.0017291185591252042,0.00818792380671746,0.017813997266979194,0.0014182198547633743,0.0017748428912102005,0.009203021351698756,0.012401384574975166,0.004823258451114136,0.0002960140605300327,0.0175235292639059,0.002530837877812412,0.004220703743673115,0.001079593253935908,0.00322489257667289,0.005881027751357806,0.00719062323465581
synth_M_50_095,Male_under60_srdc_poc,0.011929975058627092,0.01745316539025266,0.003261425187263662,0.0023638943750331765,0.01179751668758104,0.003034424572077222,0.002900446532258697,0.004382143415013409,0.03587912703109851,0.031385630274271985,0.00502797216708696,0.0051832319808530454,0.037314113757958005,0.04532874873745944,0.006782963141510644,0.011648323568529278,0.038818382681825185,0.002745764058173594,0.004290218812255213,0.0043564448838516925,0.01153588196178954,0.010023643095788229,0.006342706263628326
synth_M_50_096,Male_under60_srdc_poc,0.02406100226329447,0.02357802968390917,0.0035472955253658058,0.002658221508379338,0.01951086506172525,0.0034269735932908017,0.007482825484213501,0.04123493652538487,0.023115053764072167,0.02873813389899696,0.002787475566829014,0.007361747075316337,0.018599466431111895,0.022211588968457464,0.0097845458177657,0.010887703468331006,0.06904790297139235,0.009050974059352516,0.010015581619443216,0.03348601184754216,0.013424826842471687,0.02290702291942343,0.03323604294625659
synth_M_50_097,Male_under60_srdc_poc,0.008973612785429094,0.0032015843799205117,0.004766733653558578,0.0007938928560359352,0.008690957953866587,0.0034190875316469013,0.0034205192184109472,0.004094117941595502,0.011102201751797124,0.021203407623006452,0.00522008312961036,0.00452287639879471,0.015433795541553696,0.019286038565377018,0.006819469185467349,0.0087298795558274,0.03109328061541036,0.003167232098797771,0.0024468260494913303,0.001999696373880392,0.008872151664778054,0.006700574338112539,0.01044141045650119
synth_M_50_098,Male_under60_srdc_poc,0.005654138949028313,0.006823263039577519,0.0039896033693281735,0.0020918005342263108,0.011507204421629785,0.0032914377958994305,0.003399296899622372,0.0025647323772547614,0.02380843974263839,0.03633438733658731,0.13791459587708296,0.0039824535917748,0.04326970325672804,0.07206577462950707,0.006512975758721586,0.0016508538752239006,0.02160504464668371,0.0017827495359461019,0.010978953114022364,0.00279628581107962,0.005523332578438574,0.009178380797203916,0.005611217249523055
synth_M_50_099,Male_under60_srdc_poc,0.037492515380982895,0.03316947053243171,0.006453270049692713,0.0014589128648433728,0.01899598677414606,0.004008701506441731,0.03920326357218735,0.020739607039970565,0.04212495085971581,0.046265502018377876,0.08943072230086842,0.02218965258793559,0.11295551747978198,0.1970322083068285,0.014166464302307547,0.00928170011894477,0.049432180731692185,0.029410020868585126,0.010941644451123615,0.007151422153984785,0.016230731223392067,0.04726236075378591,0.023847082778382458
synth_M_50_100,Male_under60_srdc_poc,0.009931276370324999,0.007698210618209219,0.0047504884224464005,0.000768508261347063,0.009743291653332436,0.004374666122906545,0.0025611825265458373,0.015534239598059224,0.028551072955549418,0.02545223485806314,0.04944403229252508,0.005439039027795539,0.04364098049171941,0.07278075476598411,0.005232818102745687,0.03068153611845983,0.021525855039485405,0.0027588915452407626,0.0018893606908032352,0.0022043582324666375,0.036834332504659235,0.005388544200581059,0.0038186822026323934
synth_M_50_101,Male_under60_srdc_poc,0.007948086599892965,0.022481085749170703,0.0033235505738835928,0.002165172912437393,0.010495136219947673,0.0032678812269293094,0.002715896409153601,0.0031619454126829843,0.011562346122217201,0.04639215242411224,0.0030458370375537783,0.008384125276366972,0.013820472207703658,0.011613467330878535,0.005590464008984488,0.0016159348365274544,0.027059694595495117,0.004727804355684845,0.0033387461362519646,0.0029355140300117346,0.0053580083331172855,0.006355046032881583,0.007196101593442892
synth_M_50_102,Male_under60_srdc_poc,0.011019872964653184,0.004463927726757723,0.004453984913771312,0.0008368845819502782,0.012208286184933968,0.003510246172634825,0.018651965301859672,0.007608307026954886,0.025643409395693147,0.02632913925064738,0.022155856306820616,0.0074313930594703224,0.03413915412883756,0.07026467107233954,0.009357336764084364,0.004642801770707825,0.025978334752438208,0.0028198773559565465,0.0065284625352178246,0.0016034626083501827,0.008640044832064599,0.009209998854252171,0.013726295432879771
synth_M_50_103,Male_under60_srdc_poc,0.010091666052719916,0.01136427832108206,0.005184485775598399,0.001208949754809666,0.01065378205070718,0.0027681484558292136,0.0039026168560180787,0.021136764003266414,0.04907788580809587,0.07364700551778311,0.2918005957523107,0.007022422625722931,0.17702076714096857,0.19920465566792808,0.009192193113229333,0.0026265128171188068,0.018978551200860876,0.002565470547889091,0.008783433328978048,0.0018895681860606887,0.014774103395801198,0.011753659882048833,0.012279479729349774
synth_M_50_104,Male_under60_srdc_poc,0.011512688632878361,0.04211462983199219,0.003265967795102461,0.0017605167702094224,0.013270465759006702,0.003062219341260601,0.0028594563461091867,0.003960883399775164,0.026794726549185972,0.04030448090497379,0.010555634054123396,0.007670465934515339,0.02019991319404322,0.05868430674045726,0.0065480513565691284,0.002212082766647548,0.021222243505179615,0.012585987301109006,0.004334363399588433,0.004478214410530353,0.006196532671370277,0.016709735603749484,0.0123280702430163
synth_M_50_105,Male_under60_srdc_poc,0.01188366307360613,0.006003071300040188,0.0035031826769105485,0.0013491426228099941,0.010376697286548322,0.004150255442183883,0.007824530627798382,0.003177494372880776,0.017835392033449176,0.02897190987425272,0.006860195812950448,0.007296766630012782,0.032720638154120144,0.028713767307525367,0.012099090133725975,0.008331354132059425,0.04994212720436504,0.007081017562214562,0.0037693528018752837,0.0016141601343087491,0.01111003005149897,0.006587821245946262,0.009165173508391498
synth_M_50_106,Male_under60_srdc_poc,0.008995300908075873,0.006642542506358885,0.003211203314485491,0.000862231815806601,0.010165621499092507,0.003988737100924359,0.002598376257803067,0.006045737299216893,0.019029052937468944,0.029009819966265917,0.007998535218736216,0.003668248155813469,0.02453492624966169,0.0235811539716383,0.0035306075861061274,0.011395782495146329,0.025100932953011787,0.002161677487465077,0.002308491560606968,0.003901576758083962,0.016379485124437713,0.010567361726459243,0.007745951167059609
synth_M_50_107,Male_under60_srdc_poc,0.0077219749149511725,0.00698626321782399,0.0040917879949011774,0.0013372959021227032,0.011749579467579268,0.003244862673872879,0.009313883645251346,0.008586867166681162,0.04054112377429594,0.027829866767049606,0.06534270248616621,0.005962169486667673,0.05254727966250397,0.05816365668931528,0.009387233113546872,0.009705565074063553,0.019652641387027703,0.003885516181379207,0.0031227042229095884,0.005083002597280764,0.0192308594879508,0.009761772891032361,0.005154844614494453
synth_M_50_108,Male_under60_srdc_poc,0.012006512850816033,0.004944570081188687,0.006486763434898096,0.0011069378355957737,0.012877734656370838,0.0035301965597919114,0.0032322727822428235,0.011750933052504796,0.010596633719766083,0.03145886308675706,0.012874343867450662,0.003919176866471413,0.027774751450755898,0.051385889939093154,0.005875948550961912,0.0017607017584827598,0.015614562443272435,0.004352544684929119,0.0023794682073530397,0.0024815858393769387,0.008057335126427395,0.006084505764001255,0.005743753799044475
synth_M_50_109,Male_under60_srdc_poc,0.06343444360086865,0.018860407036106745,0.004999199547874397,0.0010286538913312647,0.010369934066009221,0.0036176857839913023,0.017013433625486768,0.03864153801647511,0.02934706229117011,0.05621275625817868,0.07109709666783816,0.018990965885461265,0.04625941238040549,0.16976602696800638,0.021291385083061345,0.09997475208563782,0.036896033279728735,0.006692229479857169,0.005990567020734627,0.009002967101613411,0.04560024131409059,0.020089680696058456,0.010068128218942898
synth_M_50_110,Male_under60_srdc_poc,0.008938886540896534,0.006403995319842325,0.004048622831813948,0.001265736746708759,0.008748320640021161,0.00359862317404495,0.0027485274585230157,0.0057908122662050756,0.014993952661097227,0.036500421203201086,0.009789083533696794,0.008163587216736939,0.023284424700238508,0.04912453942190238,0.005684736320804502,0.0054589550073566515,0.029294513293631082,0.003823003303174565,0.001380380610386465,0.002894963837173044,0.010930085109766986,0.010486519099871331,0.014707886442042723
synth_M_50_111,Male_under60_srdc_poc,0.011618048094246939,0.0029841314409998934,0.0033252322774755426,0.0007146652786109124,0.009396367215855477,0.0033863995577303393,0.0014794707003783188,0.0019635728181371637,0.01668079296931053,0.02162891778635623,0.002413081551234631,0.0032220393365827156,0.012652945910963324,0.012012080789499646,0.0029317369652187997,0.0036863886197957864,0.03381697622887324,0.002416263677473201,0.0022246279590036606,0.0032259050730270096,0.006406934876763905,0.008249556277741519,0.007113577845266493
synth_M_50_112,Male_under60_srdc_poc,0.050400656684362964,0.010739404803102386,0.005764007943922263,0.0011928821592612044,0.013932206393525787,0.003504692632840547,0.01770161472600674,0.024581761958340886,0.043283474220896886,0.06744582264042577,0.04138924311839176,0.008208104245402265,0.1363155769004843,0.29952019028578336,0.019780443453725448,0.07203682615317099,0.043163606610918996,0.004926284695036778,0.008960156920426897,0.009780019510360699,0.057561488138165424,0.01684206935632861,0.023053072330523176
synth_M_50_113,Male_under60_srdc_poc,0.01413417149516689,0.003198197316140498,0.0050616473119046235,0.0006698325186780145,0.009991026232691555,0.0036788015259322376,0.006718159248965719,0.002001946655711651,0.00812202809753908,0.019212843033511798,0.008830469645227565,0.004085899167119956,0.01727426500493165,0.026650509778213736,0.0016330289261427538,0.0052102435434193605,0.03989357325380419,0.0023084386980832053,0.0011469921496344243,0.0024041995673349057,0.007294429374672765,0.0066670732983604595,0.011738748935269164
synth_M_50_114,Male_under60_srdc_poc,0.00919802978857843,0.0040273530140282,0.0029136558505344855,0.0011525350895255037,0.010962049181330367,0.004276559195164961,0.0054487939182676646,0.018702578969417506,0.03515326400320452,0.03424028649639311,0.02346925605929758,0.0030453245476808406,0.03927862852007503,0.0696616611159417,0.009167936665600143,0.08394876864199993,0.09564137396719838,0.002831483424434749,0.0027596203068314252,0.002261197921688381,0.017122343325938337,0.006447903804474163,0.007736545271687004
synth_M_50_115,Male_under60_srdc_poc,0.021067421758543262,0.05841137505936024,0.00439215032754015,0.0018862151924749423,0.015678264618203853,0.003145766960625428,0.023220673781135754,0.041851665811908426,0.10383490596472413,0.08107109167963969,0.42309099025587577,0.047693483347210686,0.32593349853322495,0.45340006990536397,0.0166817914771393,0.1424575829000521,0.039321776229741826,0.005670278276877157,0.014040816587831271,0.007523716704937879,0.05758439468192338,0.03667973234139913,0.07986031827539963
synth_M_50_116,Male_under60_srdc_poc,0.017460310558904023,0.006356804655135033,0.00301330267508798,0.0008029410581825766,0.00989765461181576,0.0036524300406028743,0.006214646532061484,0.008360455922262528,0.018636006608156765,0.02228722444052602,0.012313489449458941,0.0033793086047521777,0.016943761175704553,0.07456871594777839,0.011445008687762494,0.08980139925124715,0.05997445309252771,0.0011917003251610781,0.003349658016885819,0.003738317518492797,0.02030418423044915,0.005635331728981081,0.009726630947631388
synth_M_50_117,Male_under60_srdc_poc,0.014285299777789346,0.007698419534630799,0.007870701379445285,0.0007142533600569554,0.010903928787581884,0.010038306340198389,0.004397680004220593,0.0037408999262219366,0.01743383483609885,0.017951863995176592,0.04700554014457539,0.004558744581630294,0.019429496443171723,0.06339348703758531,0.007233235573840565,0.0038333766929369052,0.02453199574274671,0.0021965968340098246,0.003637652961875852,0.0019437495555626211,0.00611789476669458,0.006484268789203768,0.004438608737328486
synth_M_50_118,Male_under60_srdc_poc,0.00827200547673384,0.004164581235770464,0.003021524638485971,0.0008334380456628412,0.009809166144803145,0.003512322602845785,0.0021269747521268376,0.004177015782232642,0.01893589628090666,0.019838782025639896,0.014286845922763016,0.002885218285810732,0.01939226347443869,0.030786231374014157,0.006633939993454902,0.00576523939734107,0.03374045528187952,0.007977520600873466,0.001555536879061754,0.0017229102362298493,0.010443483561432626,0.005729749672429133,0.00463842470078286
synth_M_50_119,Male_under60_srdc_poc,0.019626909592775927,0.0023085369221076363,0.004416478106913212,0.0009473442019799907,0.009276954790600393,0.0031428481623284824,0.0017749858452678574,0.0040962908593203,0.01021093918290789,0.011242362108294898,0.01571363157539136,0.002623458393731058,0.01878936596503571,0.07416019801898341,0.0027726972095230627,0.03523702872923,0.04629627623642001,0.0036517514632161715,0.001970754652183446,0.0014419779569697466,0.008088058867273264,0.005586743216274344,0.0062599329807712595
synth_M_50_120,Male_under60_srdc_poc,0.008730282773554523,0.00759875278159956,0.0059142775549973,0.0008887095748391704,0.010328105223495122,0.0032251306497048304,0.004625199191739507,0.0017824048329455977,0.008959690256734952,0.015426775993570225,0.0023309737080550188,0.004124038201992692,0.020293891681059543,0.02425609792812923,0.0023049169644887187,0.001809701432659214,0.02434660832522115,0.002236354116347139,0.0012170822716392935,0.0012620118682801819,0.004733217154562466,0.0076339185215178835,0.004010897683676466
synth_M_50_121,Male_under60_srdc_poc,0.03949866277388646,0.0215431625192454,0.005702812180206522,0.0010853865068997806,0.013845367045968927,0.0025520479557588757,0.00593550217107302,0.018822446974702495,0.032696926264115196,0.04011118971473296,0.03424997979560268,0.015347694096586777,0.0854294763357462,0.26166012926365245,0.007162205766912541,0.13896141222178124,0.08049867128992047,0.0034932581505301382,0.005468560913804104,0.007390232013706645,0.06322939723245537,0.017254389539882845,0.0345852182523909
synth_M_50_122,Male_under60_srdc_poc,0.023356364170914252,0.005381178304737623,0.00597969235494112,0.001122714854443002,0.008475558303352249,0.003939499520366991,0.005908312154895355,0.018183289502420638,0.019901015148711707,0.027061162368427646,0.011964798646657225,0.005152702858023998,0.032172868322334416,0.16989071597751093,0.007067443461064478,0.04393411392915119,0.03925074722791445,0.002286689581786773,0.0007109424028486324,0.0017437735936671839,0.008813343433809216,0.00591966439203596,0.015179839888218215
synth_M_50_123,Male_under60_srdc_poc,0.009300652415945394,0.013534240953030198,0.004966798853140849,0.0011315652579121916,0.019595488985442843,0.0024543977602672143,0.0025991537479149816,0.0105674607905384,0.045150762768324915,0.07698285472566427,0.08142170315107147,0.004561050397438561,0.07562580587992727,0.18451253933902795,0.003167239971611153,0.007093785890042743,0.03301762734149014,0.004300883963712326,0.0030856221921193518,0.0032182820300547255,0.012178523893206339,0.008745842321547981,0.005884190480420918
synth_M_50_124,Male_under60_srdc_poc,0.008900466288887864,0.006564256312534968,0.0032039635438247693,0.0007735857735198513,0.008635898070600905,0.003079753564042196,0.0019405898340389045,0.0016423041627916762,0.008376511352448457,0.027289924914803938,0.0028760059381046222,0.0017253305577927388,0.018056642598611176,0.012059588300131537,0.0027377367604480077,0.0014315083281260304,0.016028117003794386,0.007583340945691675,0.004808178128724774,0.0009508671040260361,0.00465382691796099,0.005376741862264676,0.007144347021045716
synth_M_50_125,Male_under60_srdc_poc,0.016613091074133966,0.003857683644888495,0.005649978805518668,0.0009332309044352801,0.011663153547251224,0.0035693239142785857,0.003416337394179462,0.01583079207994519,0.02785753113155601,0.019588318597580135,0.023918867295483325,0.011250037630279309,0.04552750076748891,0.13908263171310936,0.007290012556797627,0.0944426709152576,0.034844518022436786,0.0012605242772454053,0.003104454494262654,0.002106221482663691,0.022105246804939787,0.009942122886590713,0.006397483183770062
synth_M_50_126,Male_under60_srdc_poc,0.01656548254241943,0.014257317721668635,0.003324351463425855,0.0012853516774580668,0.010837231378053981,0.0031658052389029645,0.0016689713304302853,0.0046202754775046435,0.02276747594288349,0.04383846109938784,0.016199446370083827,0.004762866678127814,0.034964813255666236,0.09440521856965452,0.008407405453214944,0.006157316411377242,0.024126146606304993,0.003814430181127763,0.003700214006610846,0.00252677079269498,0.010382833064631846,0.022521861054415948,0.013650816034363196
synth_M_50_127,Male_under60_srdc_poc,0.01073913926813282,0.003975256546067571,0.0028074281346707757,0.0009897026747104655,0.012162223618165373,0.003730669656587536,0.005737470877764348,0.0023813385509318993,0.015384499743688843,0.015608575684226906,0.0029393785173104123,0.0031773691277538524,0.018182993295264543,0.038680006376844815,0.00573786019098633,0.0041900446370973345,0.04109996382168754,0.002238477373479508,0.0012679301626092145,0.0020180971257593304,0.006983311516789096,0.006494558264514015,0.004811332452823163
synth_M_50_128,Male_under60_srdc_poc,0.00692026497028141,0.010249216470238265,0.0032201562579422414,0.0012980611786120836,0.011333985114228779,0.003015224438234656,0.004069476882530987,0.004261257573582404,0.01659981922085981,0.03662742424814191,0.004307300766587344,0.007284233006793663,0.024520298330096835,0.04854141175625315,0.007939066458029054,0.002461412330080254,0.02496584181809739,0.00504367541692344,0.002839942655608518,0.00856715926234352,0.006995049351374994,0.011413056577600647,0.00715100769013372
synth_M_50_129,Male_under60_srdc_poc,0.013117149978029912,0.012224048478666972,0.004642604401878369,0.0009785254875885714,0.010635989943945543,0.0034018489892667387,0.005159234944729866,0.03580297818418967,0.033106562861647724,0.061458259219720146,0.15780796627047894,0.009592473515165414,0.041295221652548404,0.04529033011034209,0.009618036672391108,0.040990042653457695,0.029056061069131705,0.0018523620740180827,0.003791767521851881,0.011367674755566264,0.025236486343527504,0.010905815292504105,0.031873549407961096
synth_M_50_130,Male_under60_srdc_poc,0.01071798056487737,0.004864175735784459,0.012871098455629684,0.0011339562419046226,0.011000379226659505,0.0022079766461936025,0.010801356810574795,0.02141249530220803,0.011043867882319725,0.028951461748501096,0.012312626792637324,0.002120013079693612,0.02665191954193649,0.06317646305376078,0.005434526846863371,0.03469572675635969,0.06472084055161285,0.0037032018633649925,0.0042323351322091154,0.004883942528389722,0.012586441366549088,0.00574363199772257,0.011868481212214758
synth_M_50_131,Male_under60_srdc_poc,0.01538944546474248,0.0036593692771065564,0.0032706447871432586,0.0007557998243016753,0.013346989664325565,0.003919715669085922,0.006211176293625821,0.013012934586844452,0.02187036509105099,0.03251138972329802,0.017815910184172577,0.004086021984435395,0.04325370314582248,0.07070833684044438,0.010478059339615941,0.09268961209945588,0.07488967329006002,0.0017230146404734067,0.0021930837139327417,0.009813790622807208,0.04002412234589514,0.007967001992379614,0.00996570489921988
synth_M_50_132,Male_under60_srdc_poc,0.0119240123829054,0.017067545631956654,0.0035429967437217175,0.000887518257892716,0.010372060004033793,0.003486622334541321,0.0035414924833367585,0.007510973211466252,0.032141339581658254,0.04519917519127182,0.02793774286153662,0.008179577865062324,0.029315810947576345,0.054731135677567475,0.011067882262928552,0.037568378535503114,0.03522107559649438,0.0035270923661800996,0.002803503890370861,0.004944227971221621,0.0219083603116587,0.00977525629254825,0.010135455609843332
synth_M_50_133,Male_under60_srdc_poc,0.01160992327644296,0.012323260442290181,0.018671520068748157,0.0010484069147478877,0.010957933708993277,0.003277156463697763,0.010898572011559231,0.005624770855567103,0.014443833395105476,0.09636686517322335,0.009736540296984522,0.007339865988084064,0.03775638510530036,0.0764999137264276,0.005684965366947905,0.0169507468828367,0.04323261433021712,0.0036418436811637114,0.006054839039325809,0.004631674236989809,0.017481282626377458,0.007660420323576135,0.008863901145424513
synth_M_50_134,Male_under60_srdc_poc,0.011945896036622276,0.01814149782419933,0.005106720349407612,0.0013354214318983515,0.011932467998059425,0.0021974284762663904,0.006666532834195405,0.04652840432422439,0.03846938236244912,0.06928921831788196,0.10219739985661659,0.01551265203104338,0.1263006440248641,0.17992346151684147,0.0064145510583820875,0.09710884173721868,0.047137736246617296,0.0018630725908130974,0.0025953433717284344,0.0035089182123037303,0.07079580539993204,0.010708006832204525,0.01569763050678792
synth_M_50_135,Male_under60_srdc_poc,0.010878482623127409,0.012461173604338792,0.003687459227013305,0.0012311055289152524,0.01119484811778419,0.002742458139891905,0.003002431499809297,0.0018265187738100961,0.013421806923874116,0.03330158720411819,0.002725291540157009,0.0035148104435059795,0.02938025358934399,0.023641046216997825,0.005974554863887875,0.0012315085928417324,0.021652988112080235,0.0021622560649817157,0.005772072694016366,0.0023883553797779344,0.006339066515757683,0.007428968383683444,0.00653768112194758
synth_M_50_136,Male_under60_srdc_poc,0.011866534488800548,0.01346927926872777,0.0036901718664391738,0.0015922735034924686,0.012041706849146263,0.013277611211939445,0.0018107572771765238,0.002663490438772971,0.02671643002907992,0.039937562563236974,0.005447067373796373,0.004616794413052847,0.018251890133432765,0.05842010950837704,0.007162592055955035,0.0007928247326466145,0.029253075788800275,0.00549601247793976,0.004208132373882349,0.0038583929693996044,0.004485217878389602,0.009579247984594632,0.008561218980676457
synth_M_50_137,Male_under60_srdc_poc,0.013136017149169298,0.02283964117216429,0.0032964419110748707,0.001928454440440925,0.01296365662156453,0.0035591927893683407,0.004366334912252945,0.00323663410237507,0.016022341030793617,0.05272634126505895,0.003180884201190783,0.005493879027475203,0.019086855040897598,0.010937236211847855,0.0068689103919002785,0.0032305655693653785,0.029217400879861178,0.008068551159167627,0.0023894803232640256,0.006312082412629355,0.004574804480556917,0.010740609140011577,0.021005518964426925
synth_M_50_138,Male_under60_srdc_poc,0.0149230216415281,0.014148250198159835,0.0075416220947208965,0.001731611303439785,0.012689171695790312,0.003562401020363744,0.004173043884591033,0.018114616057942037,0.03263363564668416,0.05221303934426047,0.26913011152817856,0.005328894732054756,0.03249643712376505,0.11793955381005732,0.012105394768080422,0.10676040416738065,0.04218979544024314,0.004559062348641302,0.003238999663979316,0.008182485882379176,0.034486531167238786,0.014314407081025183,0.02323048445702467
synth_M_50_139,Male_under60_srdc_poc,0.015472961609968694,0.02620468189397298,0.011370792022483237,0.001721338244853738,0.015671132104365784,0.0033117663825238445,0.005155304867943471,0.012373527011129213,0.03326222975583551,0.06249150421493946,0.3590801609984157,0.005151630861029197,0.08206482185915819,0.21381031032617387,0.004077783227298117,0.02118776226697146,0.02818756866648348,0.0038030853945158196,0.00473091135812547,0.005527596148909285,0.026046146494419668,0.010108060672965047,0.019558676758032512
synth_M_50_140,Male_under60_srdc_poc,0.014791227362283402,0.003944445094660223,0.0029310858003270723,0.001021242026433215,0.011902601662645867,0.0034149475858988735,0.008230998656901127,0.019204427116063294,0.049166326628045924,0.030329412780609497,0.008329342258688192,0.022908511123221825,0.0912005381691128,0.2299619627489641,0.00715335358289371,0.0056084544078207335,0.041991822689978225,0.0025460088856913477,0.004738317618219316,0.0014198267596001307,0.012639100620593542,0.009132757021874008,0.005770081806182402
synth_M_50_141,Male_under60_srdc_poc,0.01141401865244834,0.019866310528267497,0.003616570599102848,0.0016614771697791842,0.012521943400988928,0.003169832919086378,0.0041197575600266404,0.006563357973811326,0.009944107302722539,0.032029617791833165,0.003584017724814547,0.003276510288047296,0.01118913169665825,0.024681611049636797,0.006491765209018012,0.0023843027547205634,0.027242432823640864,0.006200509287564691,0.0032449605271005102,0.008139253305437104,0.00534276318148469,0.011443204641705338,0.02540835552021333
synth_M_50_142,Male_under60_srdc_poc,0.010020653670660759,0.0048953672327261034,0.004049750239365397,0.0006791584804195522,0.009771494654034062,0.0034594645928208673,0.00337125407825423,0.002569145515200431,0.010517645176146463,0.02419369366320558,0.003381213645822842,0.0021351575780510744,0.010917104936928478,0.014477631012402181,0.004094286203562726,0.0017638476987829536,0.03733621675563781,0.003002567799252408,0.004404596559567924,0.002081086505773951,0.004127265156947245,0.008712748216958131,0.006701204385451008
synth_M_50_143,Male_under60_srdc_poc,0.007414704226538146,0.0012254826423262427,0.004331277469175881,0.0006513430941205667,0.0076646915672233355,0.0030762928801165044,0.001382282773265978,0.002655853947655847,0.010175574995795224,0.0345666961995415,0.011599161118804715,0.0014269150471719265,0.008372764824791502,0.02911814071041021,0.0018250883034438108,0.0016363342092085632,0.01953490649557397,0.0015190119063401603,0.0008165716122675283,0.0009167056525319688,0.005263998939562588,0.005443409466848915,0.00376137195188137
synth_M_50_144,Male_under60_srdc_poc,0.008902697093661534,0.008354932592319366,0.0041894006091440245,0.0012551655714407538,0.012026862217937048,0.004108686435372977,0.002779682803057793,0.0030465160009730866,0.011682325936278385,0.011163096889985798,0.012706792756128953,0.004014224134626033,0.007124580976942381,0.01736780429205996,0.003240157673594599,0.0004663127002435499,0.02814037124393404,0.003955618494495774,0.0034216820749312497,0.0038373842305708893,0.004984654276589947,0.008349912825116202,0.005046200981236125
synth_M_50_145,Male_under60_srdc_poc,0.009830932246872447,0.00825563517581248,0.004380722298337079,0.0009468097924598798,0.011279237681586375,0.003010924116559651,0.004234580137268992,0.006407285344844498,0.018923703756939612,0.011851944241134416,0.0385293490784466,0.006367174977162192,0.03522884489681822,0.04795301146299062,0.008062983468040907,0.0484761112233723,0.02755714368856565,0.00849511317614065,0.0019188517236071623,0.002041713241213504,0.020366131122556027,0.008017762071449192,0.008974789563651815
synth_M_50_146,Male_under60_srdc_poc,0.016902494851608215,0.03205216334892226,0.0083364770585623,0.0018617080301196456,0.013938535482964639,0.0029658790874842996,0.00635249960171659,0.027945826035089223,0.04757642056892156,0.05716550966685349,0.4667953795418249,0.012307251419163761,0.18828300216411853,0.42518561219999584,0.011271508806961934,0.0388218349410583,0.06674968765163922,0.0026762899142719954,0.011734761332363853,0.008642384723175127,0.03870882815231632,0.020913450807487566,0.03466318026410396
synth_M_50_147,Male_under60_srdc_poc,0.016797007629675384,0.010531338826603667,0.0031587351833772966,0.0013427785924967372,0.010437749211598993,0.0031646298495889365,0.002966464225169827,0.005635500347232297,0.023948425265904336,0.019024367365630727,0.005867758420881456,0.0046355916723340536,0.014192255233451658,0.026918640051314165,0.004497653648612537,0.03243713397179176,0.06267146014993942,0.003925164601095381,0.0027583266063122267,0.007821168634388117,0.014222886691072528,0.007422307967717434,0.006335283481480059
synth_M_50_148,Male_under60_srdc_poc,0.008543583991323217,0.0216787940761162,0.006116557440261616,0.0016573973141749227,0.01629922043144683,0.002872718641716616,0.011948511963138234,0.018371929058915448,0.04586944941800367,0.030768536495200442,0.09549095585143004,0.004867120068706258,0.039916084888248035,0.06002321775104636,0.008746147617114822,0.0028012179273760656,0.027985715310543554,0.015112290630236587,0.004853557976244395,0.004202908914576338,0.005467149628755081,0.012582291395769956,0.02862777246078586
synth_M_50_149,Male_under60_srdc_poc,0.021661516418914794,0.0230858314497118,0.005576372309529238,0.001834262724785596,0.011663295184961984,0.002730473727427438,0.01707370381764173,0.015332227395080262,0.037620851031689065,0.04244605240480814,0.033864514817263096,0.014270470082585831,0.03668521469980982,0.04493993012355231,0.019527501634600937,0.00922954279664294,0.03549441991025268,0.006691056244715121,0.005933334548243509,0.009867923991381382,0.016930806384837543,0.011855766523831161,0.030620060988429388
synth_M_50_150,Male_under60_srdc_poc,0.00724070289613309,0.013291257057514444,0.003529797834181047,0.0019408993772596895,0.014245231651002426,0.00304608113371465,0.012406363799942418,0.011401534050083475,0.042993894185585024,0.029451792777674304,0.046398033246364614,0.00788057435061898,0.06529506459962096,0.14894918553351036,0.00919549596706631,0.031952018898245255,0.04056257216364019,0.0014857260022705643,0.0037830681687066716,0.00526987507261042,0.02561227712358399,0.014741341206173996,0.006853616220380011
synth_M_50_151,Male_under60_srdc_poc,0.014886509050874621,0.005583198292681365,0.005195460509791302,0.0011454074172804376,0.011676761393284097,0.003255969139001651,0.004776769611039226,0.005018796644986981,0.014091709985420708,0.050188151686273975,0.019251591181072825,0.003424130737905475,0.012530464165937187,0.029743601991592546,0.008550864062216564,0.00690246096479494,0.030546870839392955,0.004493929981879697,0.00259381429951867,0.0042505140481506705,0.007181823900218092,0.007556887221989555,0.00687004678478753
synth_M_50_152,Male_under60_srdc_poc,0.01008376319033821,0.02113744406766938,0.004811319314214751,0.0022571407857981834,0.011005653997212705,0.005369672026192959,0.00222281881294441,0.0034197631191093887,0.03572262244576933,0.01916334471697896,0.016776221185650794,0.005115800413955257,0.015718642597634544,0.06466645858403039,0.004148565169718463,0.0012016545218951537,0.018496719694261997,0.006407580603838204,0.004262030680930048,0.003651895073533917,0.003965383062688646,0.01232209315738433,0.014175186824663765
synth_M_50_153,Male_under60_srdc_poc,0.01187652162921281,0.0070540157262258514,0.008171973630705773,0.0010562488934626423,0.009499982979757703,0.0036184945394696117,0.003985481134464615,0.011485570095168861,0.02020957733939309,0.037393731458372194,0.017996115314792824,0.011491798255175057,0.02172749119506716,0.04866848349290838,0.008625052260415409,0.001952585843282334,0.015780212502307257,0.0034939086370389325,0.0027130990559769254,0.002654635923899495,0.006319745344761267,0.010236133021752745,0.022360772118926623
synth_M_50_154,Male_under60_srdc_poc,0.01608731741647041,0.0337162107275012,0.004114777163985493,0.0023763615359605303,0.015155008466913499,0.002956132333276497,0.004576859948212276,0.004157753760520848,0.025322588856540908,0.041248124694986836,0.012438160932300435,0.0062345542579348235,0.025288508967167795,0.02553204725920027,0.01564377501467307,0.006655840258307241,0.029928443005869214,0.005796184435300756,0.0062391109754924064,0.015858548724992427,0.013965797113103863,0.01582848249380711,0.012058093124933958
synth_M_50_155,Male_under60_srdc_poc,0.012043214567978877,0.007445724964769407,0.004127428263727839,0.0010433565793417753,0.00948610769006863,0.00331090840874818,0.0030637919514061606,0.0018226544934106508,0.01399946492531229,0.01984870149184901,0.003541132657037644,0.007164245985076362,0.018152842687908018,0.036196264094456955,0.006825640094655909,0.008018126733592406,0.02006213209457864,0.0026306534958600914,0.0019109669468211435,0.004427982575053099,0.0076242072474099285,0.007428998334440617,0.005886552647558328
synth_M_50_156,Male_under60_srdc_poc,0.014784474580042152,0.008156559539770666,0.002815866813621506,0.0008743120223623036,0.01162672436333971,0.0026753606473873047,0.0037088049379255437,0.005447957087314426,0.01716448000382594,0.018032901394913505,0.010851108679574352,0.005998377696474032,0.0239715071171354,0.06054575924471552,0.005092044760499917,0.02524122252829912,0.02130978516142741,0.0017863780448986318,0.0016333025214693524,0.004309329740324621,0.014309198404496527,0.010248205165952127,0.004280945019836831
synth_M_50_157,Male_under60_srdc_poc,0.015500001618679588,0.004706495798675631,0.003926878761795317,0.0007143415566188593,0.015547161833173093,0.0024201217963812937,0.006124447442012133,0.01431658254503977,0.02567737801233589,0.03024001919453132,0.06496660956276182,0.004405596383069927,0.09313469365925055,0.07251553828806359,0.010313273549124041,0.19427055159627266,0.04448605298337147,0.0016285432313120573,0.0012143765677783693,0.003237062946127748,0.07181519821306624,0.008187108983437174,0.004983613033248472
synth_M_50_158,Male_under60_srdc_poc,0.008816295503374585,0.0033349375031978892,0.0040782555259583925,0.0009036111348680397,0.008689051009461844,0.0035967840679088825,0.002300332029733721,0.003232753490590735,0.009026171641159824,0.017918302823454958,0.0034157774898149157,0.0022801178881316463,0.013457427373968022,0.05729402746906654,0.006848544646305955,0.042137079060437004,0.05815204179130784,0.0015648697660720513,0.002096536550344893,0.001946819258168427,0.009846201215837387,0.0060284653409337545,0.00604674701512167
synth_M_50_159,Male_under60_srdc_poc,0.009086743370404807,0.007265176985288875,0.007415792356486323,0.0016686133778568105,0.008340275170827468,0.00205216785480552,0.0025303031509550985,0.007650694782493036,0.01469542670476205,0.014157032010988528,0.013090419473670406,0.0030708113169942044,0.024405235914406333,0.03703151574338803,0.003109457675604597,0.0022921944099807226,0.02728818494511402,0.0018303235400974685,0.0020648592895807618,0.0017894172917218825,0.0053260392753619445,0.006325382301317208,0.016804923549543122
synth_M_50_160,Male_under60_srdc_poc,0.011861987454284052,0.0035576801785185946,0.0035265692068842903,0.0009804411985110766,0.00987004944696916,0.002794260456502707,0.0020406768672862224,0.005997364970926537,0.011965145772818606,0.02220320052278869,0.005946135283382537,0.004330492634425938,0.02164039167808364,0.11384500246123204,0.004649813510461346,0.051165356320689616,0.04145670651964778,0.0016915661372867523,0.0011890301091315241,0.003590613175486095,0.020281961361270976,0.009173099893192059,0.04862224361955418
synth_M_50_161,Male_under60_srdc_poc,0.009923266444692935,0.0035212764508812887,0.0031430253986081584,0.0007384223476015913,0.009921774510235013,0.0035542254081104094,0.005065817672636452,0.004765937654567341,0.02524042855662557,0.017800884549835222,0.005490401433910363,0.003680320034333059,0.018652346212099023,0.052486218770046375,0.0071854057243228185,0.0031730833328334654,0.019873862955177672,0.001454959822740676,0.0019275942959139085,0.001582066919489451,0.00868703514543552,0.007331440384378689,0.008247049137028326
synth_M_50_162,Male_under60_srdc_poc,0.008810732287408909,0.0040256240319396525,0.003706370965171933,0.000930649180757528,0.009952078461747997,0.003771501254639096,0.0019665737962787336,0.004471489621033299,0.01589461716443052,0.023246190891985236,0.00781322151707591,0.0036253721155368817,0.02003409358935939,0.033542573099203596,0.0043506968622482245,0.006098278399771018,0.026894406702894683,0.0021475007578465838,0.0009083042406474858,0.002373534583144726,0.008591039815465253,0.005533938561342885,0.009351545980685095
synth_M_50_163,Male_under60_srdc_poc,0.01541953966924898,0.005509734780905659,0.004567292500066974,0.002440430478372345,0.014213156517519405,0.0035131018752058095,0.0021056316867568937,0.003944958012927826,0.023420913229452577,0.02919379933417145,0.0094894345218936,0.006538245112865932,0.04907546279312516,0.08071832406610628,0.0064446584736693084,0.04243442674138928,0.07456351891832318,0.0040528135006226325,0.006038890167381258,0.0026586329546073777,0.01716569553947416,0.010009109557670962,0.007670908480601552
synth_M_50_164,Male_under60_srdc_poc,0.010611559044814745,0.002979415981515681,0.003515039957972139,0.0006534249605451799,0.007368941385986267,0.0030003932865866547,0.0029397354229421945,0.003004905033005564,0.008660078543001057,0.018902548357852884,0.0024044871836069086,0.0017005534725066833,0.010062709705937528,0.011412008193460953,0.0020933812697246047,0.0014232630913529898,0.01284020809677161,0.003996838052313588,0.0018888393691576459,0.0008886472940703032,0.0034517732494254525,0.005239035541470704,0.0029042005605894464
synth_M_50_165,Male_under60_srdc_poc,0.009863425812286768,0.00955498884804493,0.003147066834016207,0.0008676882404078443,0.016950323057310646,0.003215800772995802,0.00685454620715408,0.021831953434723186,0.020272711878212897,0.020051925469038237,0.0139465152173211,0.007617759459976834,0.03366768665139241,0.06948071210505581,0.006643736755504122,0.002667396083166388,0.023036537714927276,0.0017140739660426983,0.00199054908871099,0.0016787148125779095,0.009002766746386599,0.0067918494526197064,0.01621158988505556
synth_M_50_166,Male_under60_srdc_poc,0.00949764014406625,0.023800484275439675,0.0034099504781617026,0.0010662764027244576,0.010576785497907783,0.002932952644114332,0.00228147167135468,0.012635325629793831,0.025835654113043918,0.03100653752667899,0.029937926923655878,0.009548042855819916,0.04797396171619277,0.10068055155415472,0.007888966085671573,0.06617071409695623,0.04818576409446758,0.0020172002180462983,0.0020415033518057877,0.0044473404279844085,0.018567869235735807,0.010261055006382601,0.022557158498820555
synth_M_50_167,Male_under60_srdc_poc,0.006973819932833435,0.0029415103965098654,0.0038836552891209374,0.0008247255847253343,0.00866373279130402,0.0033419643253323455,0.002732533730400252,0.0014944550699565401,0.010792723285963573,0.014926557689284366,0.001320088945873462,0.0022379973738527975,0.017040693751078518,0.03829509079249589,0.0056537895635031315,0.0012952058278530294,0.023917016897527777,0.0023656366661633024,0.002418692797060488,0.0013984203289298842,0.004093230244170019,0.006122450765745153,0.0036545893813827567
synth_M_50_168,Male_under60_srdc_poc,0.020561958945601314,0.017676267445112755,0.005463024838344736,0.0016231780236960417,0.011425809164732046,0.0019293076295619608,0.0033753717767481314,0.06967048349407781,0.06889453038229855,0.1374913176229245,0.17966977786123547,0.01915000742869872,0.14424545619125484,0.23764390930333207,0.009184607853033828,0.15911838296305403,0.06054947381729027,0.0030555401696277192,0.003955720777201451,0.004804506371486955,0.14170450449472122,0.010878513849786376,0.04888022667437919
synth_M_50_169,Male_under60_srdc_poc,0.028939593628063476,0.009637389909683922,0.002917940986840594,0.0007362602271262857,0.012741738277037515,0.0031398529063514924,0.004686248371170811,0.002655495223368755,0.012077368665641809,0.022548189798370016,0.006714865754140804,0.004633269128297898,0.017967607662865773,0.02113681561758869,0.008439653245135468,0.00544472404926276,0.02294064685503542,0.005928807363613997,0.002340929019272396,0.004172033263917642,0.008589133979748793,0.007358892670481213,0.014012097399776166
synth_M_50_170,Male_under60_srdc_poc,0.01167008864815135,0.005709703337479252,0.0033825795938131464,0.0006487063566693105,0.008950845271165044,0.002393877075555602,0.005659353061021509,0.014262352415463931,0.0216843178374642,0.01717423973400591,0.03700783839699427,0.003146227613768331,0.06564465215216395,0.11536390861691556,0.004761195433167182,0.09288403684851043,0.04120710292735,0.0011957498234326815,0.0007211218301822282,0.002027230976700947,0.06985501251136483,0.0072857594165458535,0.0045417019502726275
synth_M_50_171,Male_under60_srdc_poc,0.011596916919678424,0.012790234311873778,0.005698681425789524,0.0017001368545317558,0.01151220400951967,0.003522101666988464,0.008179716941919797,0.006997030893281604,0.019296111315423314,0.03823249419839497,0.009626717891674977,0.01922170240416182,0.018606310640804515,0.09657920215119596,0.011187820042151304,0.0031331561774637414,0.020356949145969937,0.006226563261974891,0.004497685189225852,0.009957940584597607,0.006100284473025338,0.014718872284021982,0.021815484334172675
synth_M_50_172,Male_under60_srdc_poc,0.00938835283539846,0.014843485715367902,0.0038101387110660843,0.002700580157554035,0.012892585637898336,0.003440210338411953,0.0036108353484011597,0.0027707857074940295,0.012631575054234038,0.03924532133304269,0.003958194051336693,0.005142905967782584,0.017279011643723155,0.015877077663478185,0.00521934267031359,0.0015660037556187749,0.022179663902396854,0.009111783715757465,0.008025957777774128,0.0025072999182440925,0.004402874998865074,0.00910833295950695,0.032292765082879656
synth_M_50_173,Male_under60_srdc_poc,0.010844299911399196,0.007503573525946618,0.005337891042822453,0.0013297292963374873,0.010783923660694672,0.0027934083770441796,0.005456875155840857,0.006992072710546648,0.024974017117822756,0.020281539140503672,0.09875541730789811,0.00606738215660014,0.05412141920597893,0.1330907004309504,0.0071195362727561225,0.004034549245824926,0.01744885661046346,0.004905191480684854,0.0053303383849027325,0.00285839433178406,0.006304904971706793,0.007842736118357053,0.0063190022208651705
synth_M_50_174,Male_under60_srdc_poc,0.0070629096295604776,0.013555405065075844,0.0033469234061124097,0.0019240371024052893,0.010025896852768437,0.003391192078037619,0.002962560434784286,0.0032360971519437005,0.029320118610495886,0.032019038576234234,0.013267931268642778,0.0037730136565261824,0.03252153276835379,0.03017289355639306,0.008021481827996155,0.00931269248710702,0.017278785692946042,0.001464081843683999,0.004767527016631445,0.0050514610064179,0.012515492331770212,0.008980128379447137,0.0061022784241558095
synth_M_50_175,Male_under60_srdc_poc,0.009708105619680878,0.07594532194924901,0.005323052441113363,0.0030182399923527918,0.022766716204685185,0.0026542401088873726,0.003982169958785795,0.009269279004491529,0.04549237034250354,0.041601473484521104,0.004877226137290045,0.0040719175194339685,0.09494383410290684,0.06640286205358661,0.006235788662397387,0.0014590664790091635,0.02488381583392323,0.041409969606309764,0.01480664421339704,0.00285343260630354,0.006530407764327757,0.010070959795698593,0.05468369189596111
synth_M_50_176,Male_under60_srdc_poc,0.01573171014245084,0.015086423013118348,0.003943546963429346,0.0011865148506773225,0.012914777520961412,0.0034570187599583233,0.0067484448955733665,0.005640470766617612,0.01306719336480776,0.0348378440014907,0.007889330217648058,0.008427166077751912,0.026957436943237163,0.04716102494087972,0.007707011760851384,0.009776342966949176,0.03701935138014528,0.0014903272528397056,0.003472253307098817,0.006420743310354567,0.011285207735654501,0.010267672812922275,0.01873889214608943
synth_M_50_177,Male_under60_srdc_poc,0.013237073176509708,0.016716124863667664,0.00628002679800236,0.0017824769815061783,0.011562921394743885,0.0025916264475905845,0.0030753287104914213,0.012424970628859102,0.03366031213737748,0.06922861029114344,0.018979506692603964,0.014959887751582116,0.0829671967941775,0.160821951013079,0.008683719296568736,0.07321200775251044,0.041358181139943655,0.0035258773770837954,0.007403313919788037,0.004980167315030004,0.02893761578037905,0.015614778206451246,0.021767926255393883
synth_M_50_178,Male_under60_srdc_poc,0.009909370362260465,0.008618344468034542,0.003731888444871898,0.0010375970567869422,0.009120469492495169,0.003629951108406358,0.00365463401654688,0.002826717959419509,0.008766057615205996,0.01610769087534084,0.0028478736497884825,0.0061843360132516085,0.0192883970580976,0.01168053930340002,0.0038742305314431484,0.001124025508206561,0.016470232255795088,0.002442393968126628,0.0038890976883794847,0.0021448782690308707,0.0036268913137827825,0.005906097842301067,0.013539734034884055
synth_M_50_179,Male_under60_srdc_poc,0.010232084156077672,0.011684325335355706,0.004436344728378713,0.0012820517208579191,0.010016446153607549,0.0020705141256536874,0.003884456662748827,0.008478781292184556,0.024508989449898315,0.06657288018078851,0.01782841513700933,0.004358185706612637,0.09368808866972822,0.13447092893622925,0.003465992520808014,0.0038016316294643697,0.03702305119679219,0.003813917289775419,0.003854179031975584,0.0020996958043216583,0.010430610690911578,0.014816853183859538,0.007504214884049291
synth_M_50_180,Male_under60_srdc_poc,0.008976023059818967,0.0065397789325707225,0.006741188177306742,0.0016454356949277141,0.009114632149917968,0.00291119154001544,0.0017178592023074173,0.003023814326676143,0.013162358811812325,0.027611527350740957,0.002283613830143355,0.0031891111043023048,0.009111120264493384,0.04127752207490473,0.002205551503962924,0.0016963344182269293,0.016057974365760178,0.002974749975849042,0.0036177550564848162,0.0032263237557272847,0.00458482718332064,0.007219062782594302,0.007204647954244638
synth_M_50_181,Male_under60_srdc_poc,0.011995273570275659,0.007305843594419074,0.0035598053198487734,0.0008098103158584894,0.010612214076843669,0.002948840979338076,0.0033638775825770187,0.01149383317469123,0.022069621319377675,0.02649839763617017,0.027677969600070233,0.0035869219349550095,0.04548943550377495,0.050089359113110486,0.0068441903328676015,0.04931364824318906,0.02857884065557858,0.001630224884597227,0.0015891853138764243,0.0037715661542030285,0.02488162039166005,0.008616665623105068,0.02223384880629096
synth_M_50_182,Male_under60_srdc_poc,0.012431780677254154,0.005930136043617887,0.004498640367113747,0.0011470437565256207,0.01067745412379103,0.0033880049428604204,0.003406032310934124,0.002360766512473558,0.010096633154472297,0.025298775940062013,0.004491252333088831,0.0045349523042508425,0.016788299058590996,0.0493819144977646,0.0055605210571240665,0.006849938224911032,0.022754727380435442,0.005869588061252829,0.004783137261974114,0.004327938129645994,0.008237711883390706,0.015190245508584945,0.01851491515744738
synth_M_50_183,Male_under60_srdc_poc,0.007308601900844439,0.012117661287294901,0.004338005895714403,0.0010132702153051556,0.01326717891935566,0.002933708840948774,0.002318452040901222,0.006774917739795596,0.01286841975699822,0.02096477683663969,0.05370187226222501,0.0012726543782871466,0.026676913453809507,0.02680099449347505,0.0030477086375922564,0.0017356929641514755,0.020449841854149067,0.002962380588113888,0.003341621716271655,0.00380574142904782,0.00629101451567061,0.0068379605858574265,0.01720220397275668
synth_M_50_184,Male_under60_srdc_poc,0.025270555705800054,0.005014815535974297,0.002978305120057009,0.0010412761817732228,0.010506377893567653,0.0066475512741307275,0.002297761663845702,0.003934118058279648,0.014495186948601288,0.03127909301326074,0.010081159764149385,0.006558818381756459,0.01837289444470577,0.030724978398302006,0.0168762290731145,0.09106688578472165,0.05129569900642128,0.001884788835503538,0.0030819792960596376,0.0043576866086585874,0.014352897080572167,0.007069836209233534,0.005550420671184835
synth_M_50_185,Male_under60_srdc_poc,0.01230236274279154,0.0035503567416452202,0.004829820320586505,0.000843317432341854,0.011472829755431574,0.003497890264417775,0.005521072321879886,0.003587150225415837,0.011075805207651654,0.036149645227240526,0.005317208397376217,0.006051587575669701,0.007410657873164474,0.015372835973190986,0.007230186793291101,0.003831013994074072,0.01655490070325806,0.0031480056718306264,0.00378919404223804,0.011117376807947348,0.008555073543042585,0.008623975533115684,0.008755821706157301
synth_M_50_186,Male_under60_srdc_poc,0.02558850067433079,0.006270582131462023,0.003464480614275902,0.0009793609746988467,0.013056181044933706,0.0032910064001787334,0.0534182561695643,0.016485294783417297,0.014277136775152284,0.14114663133045693,0.010532845766415621,0.005553221754495742,0.009966954119799382,0.023395160388977418,0.009187645968461198,0.012248215441670693,0.02787709578622358,0.004505978299093146,0.007848219779364504,0.0039771388139418,0.006941126832458818,0.008606007364187648,0.010881466528661902
synth_M_50_187,Male_under60_srdc_poc,0.008688241406905193,0.0018681349076182486,0.0034566796484308466,0.0006634813439943867,0.009010879071091759,0.0025529055214866506,0.001657165935724985,0.0027958418224398964,0.007436459931367935,0.02337467145362227,0.004103943099538465,0.0029272777137662465,0.017879079772118295,0.03900680672337923,0.0023783880845618436,0.002966418838267366,0.017609313539718497,0.0018114034462677663,0.0017891986786227644,0.004525125661454336,0.0075459008635195505,0.005546746798711584,0.010190308918224363
synth_M_50_188,Male_under60_srdc_poc,0.009172749441037652,0.0124929107350114,0.00418581712236822,0.0018155068535497367,0.012704798784698238,0.004057111773305747,0.0028103723636890942,0.004562685968706395,0.02222245339582802,0.023712831207705364,0.005960446201920315,0.0055570942471183235,0.025544733562941208,0.05574405102498281,0.005150979215270614,0.014687659390845504,0.03087496990842975,0.003009493163585489,0.001727812758252224,0.003550902760490564,0.013322550021203897,0.012266418800801829,0.0047086254228698
synth_M_50_189,Male_under60_srdc_poc,0.010333672818130942,0.003739344705273791,0.0031927192233434484,0.000758315401226238,0.010113980834510766,0.003091397057868753,0.005469712600371721,0.011130084609962235,0.012974069538870007,0.04602151397145084,0.006116487569729639,0.004816610488310865,0.026975177966406565,0.057041678057339215,0.002253939099441091,0.05131372738394996,0.043419676724482284,0.0012946282339725624,0.0012610392553369723,0.003857429393425976,0.019756900989224686,0.008562721279420251,0.0033861893421493305
synth_M_50_190,Male_under60_srdc_poc,0.010806036131629046,0.02053680923388712,0.0030227492175911998,0.0008053911158773943,0.012396945811650833,0.0034279994796166365,0.003913296504059918,0.01417777673931558,0.029520106193231168,0.030044987632261242,0.02484111823202273,0.007600387251772808,0.06871647101590425,0.18498733622644203,0.0081411596838366,0.11256077062513387,0.06762530159651263,0.0017975123963766418,0.00419762263028172,0.004138785703856512,0.06384405449511503,0.009534618990983006,0.013419025500130806
synth_M_50_191,Male_under60_srdc_poc,0.014323597359718448,0.006989255491317019,0.0029258182800510815,0.0009049471527169221,0.008282311703855698,0.005157168650751121,0.005915258388182437,0.003191912176719591,0.01883390918511597,0.04163549957731715,0.005118109700226993,0.004775645723822211,0.010323242767126404,0.05220064737193211,0.00886383177047201,0.01352748298499485,0.02809126827391541,0.0029486572754483333,0.0017665427838268492,0.0061054044695560954,0.010874979245374188,0.007229862891577538,0.00597985937691825
synth_M_50_192,Male_under60_srdc_poc,0.019340795741830955,0.013627864783054312,0.008351735187098525,0.001009068991811504,0.01377423818009526,0.0044614860819971874,0.0055658257277612306,0.014523785337728943,0.03133551211983361,0.04137845920074571,0.04152588231056609,0.006021526060661818,0.03974250235158155,0.11109490175577272,0.013331271996440137,0.12073317367693032,0.0678841284191303,0.0028150325967424964,0.003674931142072901,0.010010694402673272,0.03983081033878212,0.015444103880698333,0.009747868527709374
synth_M_50_193,Male_under60_srdc_poc,0.010793812290234022,0.018880869183685787,0.00470325987552907,0.000978855470389741,0.020195828240705843,0.0030288204347053683,0.004120917101619533,0.01283477260885998,0.06194520855244674,0.04709389132050813,0.09896799743746133,0.006144598636021331,0.14604037206961998,0.4096642227049271,0.008681803594897503,0.1906647077132097,0.06821803427392331,0.004278890613480992,0.008019179026955803,0.007880295051000328,0.12943889331316458,0.010919531361242274,0.010252129155370255
synth_M_50_194,Male_under60_srdc_poc,0.014642428141872601,0.007080286804015794,0.00784344242349107,0.0013485872011187944,0.012046511595978136,0.003016103587106676,0.0053112995338466355,0.0044057070144707545,0.012084781074931873,0.03869412568348228,0.010565260816686123,0.0021611734860481372,0.013030183971604728,0.04849494948450038,0.003582826601953053,0.0022338155793022725,0.04493483250946536,0.002572117651474798,0.002600808657727771,0.003086694801270487,0.00544585070180609,0.007471262566219836,0.017719596083267654
synth_M_50_195,Male_under60_srdc_poc,0.009320242624311727,0.01227912432674097,0.0036163368639512616,0.0012216031013970448,0.010308876248876346,0.0030852066651507375,0.010535202601251006,0.0030643710515770163,0.024841041178735458,0.03351190183546573,0.014349480545566324,0.004288454625871846,0.04448785402293451,0.02617062658517722,0.0031940109299924057,0.017307757086488965,0.03766323440484689,0.0034470016413857313,0.0024199440310902626,0.004143724445562108,0.014031976643599883,0.011916016803146004,0.004418514999360549
synth_M_50_196,Male_under60_srdc_poc,0.0080955957087129,0.009169349545575025,0.003984257386058254,0.000991246730317951,0.00873239865010961,0.0031964120986760925,0.0043740119520386525,0.007614308205700844,0.015596416898272687,0.08731062575273134,0.011859740667155646,0.003469877868904879,0.027937491855782513,0.031104926658442625,0.005722633260117672,0.11868730327935163,0.04666501935032138,0.0017023766558529067,0.001869445022972843,0.0036870653966198552,0.03989030755200631,0.006287210314745115,0.004809281448655699
synth_M_50_197,Male_under60_srdc_poc,0.009103182049053384,0.007184934378749657,0.004457047306338922,0.0012155215771607337,0.014147534460515362,0.004174556697970365,0.006529577316055577,0.0032710408875531918,0.008567456733224907,0.026875808987215668,0.004058273297063758,0.0038548882298112394,0.008778012139381196,0.044971027881522595,0.0030433738052620517,0.007177135538005611,0.036706854586461723,0.002334911947266338,0.0025394260385785167,0.005222952102128157,0.01130346702572469,0.012782164198597104,0.004131771473364169
synth_M_50_198,Male_under60_srdc_poc,0.01317251244014028,0.007680524896315013,0.00310910173055567,0.0012570279826613529,0.008705771451286273,0.003217410830522085,0.003969857190998565,0.01048930617717607,0.020683102261905804,0.02659092056109279,0.009410254944588779,0.004132512317982045,0.0400937969107904,0.16149037743418135,0.00547034801562081,0.05040897419900149,0.04634494485258457,0.003977533728608752,0.003509489665531594,0.0010210714347003906,0.01301565242996693,0.00751799007665342,0.024985872227218684
synth_M_50_199,Male_under60_srdc_poc,0.009580814630213203,0.007069210285547018,0.003913935562345396,0.0009183133285064563,0.010247725948726005,0.003595030617313551,0.00628025582478078,0.00637545103514983,0.03954885538082292,0.030743536091526805,0.01519073816115257,0.006668887890163923,0.06699200835956776,0.14594273215052692,0.0032073015959936777,0.04709380043969443,0.03725775878788431,0.004552964864057984,0.001629795055695429,0.0021453869082801212,0.02937740882295226,0.008099146586400955,0.0055505570034555
synth_M_50_200,Male_under60_srdc_poc,0.00955016195398023,0.004286449954101928,0.0031890950394724117,0.0009498778768776202,0.009696084027772575,0.0036280425481981463,0.0024209106603854014,0.004453526960060541,0.014807885362011426,0.015866033899721584,0.005441653411286671,0.0020419336738647146,0.01732481449993925,0.01270948772284018,0.0033142812544576716,0.0033230731118015834,0.023594413347288058,0.0017332082269132403,0.001017951860948361,0.0033062882431890966,0.008612514867067808,0.009448960875491708,0.007259485181435333
synth_M_50_201,Male_under60_srdc_poc,0.00880571337250536,0.005348806254229048,0.004125476553281567,0.001150282733365907,0.01059747891106163,0.003208613324301041,0.003526719402812321,0.004129916927042174,0.030488176115544132,0.03132230637527893,0.004791781883504675,0.0037880230780090018,0.023270579741284096,0.09707463820633389,0.00549799880630799,0.015983870818520082,0.03170792771593593,0.007049471058748035,0.0029384970357042173,0.005736555479273032,0.00846487718255818,0.006535601257979996,0.014213230570594008
synth_M_50_202,Male_under60_srdc_poc,0.011802101303082358,0.003470165857382529,0.005184459139429706,0.0007349704793318197,0.007591736126115634,0.003030970542321929,0.0013457369368919982,0.003871119630332416,0.012820524995847458,0.024433296638684918,0.0039990690320364985,0.0022144901588030726,0.02205038199172088,0.027658151293482435,0.002553663831088893,0.003524579331970415,0.020050020592955874,0.002545672650257249,0.0010069277537321283,0.0012331479512753217,0.006220704643467283,0.005836972006889324,0.012179801918747441
synth_M_50_203,Male_under60_srdc_poc,0.013299081315217565,0.003459574704406675,0.003240060037047775,0.0007055816571574867,0.009731233318831297,0.002491414764841857,0.0058091210139579385,0.0031384044429757243,0.021285300555639645,0.023521804809811503,0.007558638876564895,0.0037510264228126948,0.0911992335603972,0.11042733078072144,0.005226857208468626,0.1313513956778281,0.0739389392762276,0.0014437781588532768,0.001820236153093007,0.002274203840218033,0.03598441956687774,0.007679136017472145,0.0031535763801238265
synth_M_50_204,Male_under60_srdc_poc,0.006896012565594246,0.002412819167916047,0.0034525184025906907,0.0006479240558566662,0.007748838905187447,0.00336162118779571,0.0020620009847752948,0.007992783271275734,0.024735492876323272,0.019344814642163317,0.004690221779459582,0.002926376803160342,0.023547278586006554,0.04157514400241442,0.00224164411110937,0.031323826607216956,0.02662079849593826,0.0023310405720475135,0.000734947953924097,0.0012791260324145509,0.006917831862057248,0.00620703438256158,0.011343765714749286
synth_M_50_205,Male_under60_srdc_poc,0.012450378756228082,0.038268531497111985,0.0030838904710001384,0.0012355444882712976,0.011882078185767543,0.0026593852707137806,0.005477641966074069,0.023303048842277532,0.018301362736289333,0.04399436646927854,0.012338701918808962,0.003621831982832355,0.014606495955601475,0.047307695897488074,0.006649214409908114,0.009091304357682668,0.019421021397077434,0.012674593631339378,0.0032415283588925026,0.0026098141973720083,0.006515741789188802,0.019526929873721146,0.06902070121938406
synth_M_50_206,Male_under60_srdc_poc,0.007855498050918957,0.02594989899645423,0.003401782320159788,0.001455876962940009,0.01161033575427874,0.0028946178000313315,0.0033067324959141177,0.00350092576226152,0.02268401618095315,0.040903823279696834,0.00515564770389698,0.005996368938977831,0.012104194757756625,0.02198071686611976,0.005270339302082692,0.0013664134755641609,0.03723334431985129,0.012719476463345633,0.00699743876832753,0.005065865431256932,0.006210957333163339,0.010702689727870817,0.013668696441168015
synth_M_50_207,Male_under60_srdc_poc,0.0197358127995334,0.029210878765960357,0.006996265195684385,0.0022480611701891744,0.025696218976485427,0.0031678181168806165,0.015439992073202655,0.027812467898879742,0.03590288367547109,0.10451533752550943,0.015210319944468908,0.011001393375004127,0.040705351410228206,0.14125464511318436,0.011050938307882632,0.03782883876983451,0.11768303762337413,0.023013095537467707,0.019091915818298843,0.012692347203839893,0.018010334906989174,0.02094816673190137,0.036295011070543816
synth_M_50_208,Male_under60_srdc_poc,0.020308597277808527,0.00797914735983127,0.008060067372108442,0.001313492440291299,0.00976330418560143,0.00302184643518139,0.005425290946342915,0.0070320851656108085,0.02087793609970179,0.03152155071124019,0.012456817122661966,0.004553739212986203,0.0721273189900475,0.05632133436871208,0.0038314703990542285,0.10237944295986265,0.057335684567090255,0.0025047195204709466,0.0014182397064388893,0.0019650144200609844,0.10228600197914532,0.0077656826729912195,0.008356856610340791
synth_M_50_209,Male_under60_srdc_poc,0.025451822763307916,0.04432765351540524,0.0031156021171804766,0.0017208937446646143,0.01267579533027339,0.003397403564586336,0.007575477909142775,0.028569007700596765,0.047268179810707155,0.027221971783385892,0.03981869354473915,0.01415111235794941,0.05227700257793573,0.059058916052888634,0.021286902170843384,0.02928772875257847,0.038383179778137606,0.006838000509551077,0.006745086057216875,0.004608600547903671,0.013829935058354954,0.029944320779472858,0.010609579934816942
synth_M_50_210,Male_under60_srdc_poc,0.01888093539061062,0.005397015753037132,0.0037755237588783814,0.0011008234206580949,0.008577279816072847,0.0033413256011965405,0.0052029072196900904,0.007141188678469237,0.013500856739844013,0.0327449937545015,0.008504595370093107,0.006177295195343603,0.008931017758849823,0.02585361022052596,0.00492596753049195,0.05467422111670041,0.04656169488202187,0.0027041861816958423,0.0034432348080064433,0.007332003080634464,0.018388089581241142,0.008086521431599951,0.011956784041071686
synth_M_50_211,Male_under60_srdc_poc,0.006022303409045752,0.00923011893717295,0.0032788630719921196,0.0010594057765002565,0.01130027737159404,0.002677944046215724,0.0016747607217762108,0.0026064456515161706,0.020048559566914613,0.016493456189470776,0.0030765728354829294,0.0026106715484128778,0.01766759579095967,0.021337203503544604,0.004546006852519772,0.0011759308281941519,0.02196434937325167,0.0019067007409340983,0.0020292493041738943,0.0021263829128662644,0.004928208738386345,0.007643340302564255,0.0034327521563248995
synth_M_50_212,Male_under60_srdc_poc,0.008076357296465999,0.006975993174528655,0.0033179073720544902,0.0009793441441706663,0.009485051953428638,0.002669866815163206,0.002526826272125039,0.0038143434193610498,0.014764619457185957,0.02838996172218702,0.009975193078525001,0.0032317561973169233,0.038064842387851086,0.039230337338781285,0.007251159969737653,0.052131391073292954,0.046913575379458075,0.0021238755039916985,0.0020049126668618537,0.0051408068043419545,0.026356032775284196,0.006326321817592068,0.004827787827778404
synth_M_50_213,Male_under60_srdc_poc,0.00873150677675565,0.005601007451175572,0.004094763978222464,0.0007576325303401772,0.00839603727943105,0.0027095299509868843,0.0019960961547277854,0.004589253217541074,0.012505372985772674,0.02578267192524656,0.0048181099389571665,0.0029574527266030457,0.02087456193160294,0.03707212687951652,0.003355458295232208,0.002776062783121123,0.03193182485291348,0.0032265037123694463,0.0032119766839149464,0.002045184815184768,0.006435123810324381,0.006274042418616276,0.015583528284241019
synth_M_50_214,Male_under60_srdc_poc,0.023701954665073192,0.006987118389671323,0.006656904708804812,0.0010742652208845318,0.0112662563450623,0.002020497147278204,0.011353093519534608,0.005393492700969088,0.01744253144255254,0.02468342746440212,0.015157350535951969,0.006673664387707863,0.013406852498819092,0.08087441238286489,0.0072036959759164965,0.003166550224880642,0.013585172670969071,0.00492773551854991,0.0035870635946689444,0.009445743620564644,0.00725629845194997,0.010322247875381003,0.009882399223393712
synth_M_50_215,Male_under60_srdc_poc,0.012623749238116705,0.004148628854841777,0.0031205198497947333,0.0006319478645384236,0.009447881460996248,0.0026212052069188112,0.0029617841373532714,0.021551144261181654,0.018594498061380263,0.020586083408945608,0.03367578940764483,0.0031371184181491992,0.07435650811427605,0.12770579014829925,0.008643779032154105,0.08489877358840717,0.025423419801331,0.0014976473734122872,0.001190445011291865,0.0047439121570546335,0.03326905196311609,0.006610669700004518,0.005476951775718507
synth_M_50_216,Male_under60_srdc_poc,0.012514249013875196,0.022182076437568362,0.006486389479816463,0.0013538713246853715,0.011980542585600931,0.0020735588583591816,0.003846274800426749,0.012435731643613075,0.02953446909492556,0.06913068351123908,0.16193390244082062,0.011917933287639456,0.06711361236836837,0.08774603396439361,0.006077625479516401,0.1805488338187526,0.08221716311248717,0.003868283313037859,0.0066137407185592615,0.01086416409129325,0.09443380083176436,0.010864846447933153,0.0133932928840403
synth_M_50_217,Male_under60_srdc_poc,0.012271007860469446,0.01006379953361725,0.0033425051994782403,0.0013089884858908311,0.010310035883074935,0.0031788293487764138,0.0036313611298651317,0.005697664383903902,0.024825935722780676,0.017673986974241922,0.011700058796331209,0.004727775202637692,0.07187864927422376,0.11104416814090239,0.006371597020763398,0.01768846745710435,0.03642752899231671,0.0013420892433626476,0.002558126065524022,0.002607222644573588,0.01247962020186014,0.007708236694615802,0.0317179094284619
synth_M_50_218,Male_under60_srdc_poc,0.016349278772083902,0.01241679120675458,0.0036301505486331983,0.0010156378696919253,0.009190192557174065,0.002981892556633879,0.01726584938158606,0.010984416575550075,0.019756505383460854,0.029146620108393605,0.016899626472167015,0.0029023432241072396,0.030027992305452205,0.09411606387116711,0.010830953385863472,0.07485198605579615,0.05826304634746903,0.003448503654426544,0.0023032857592548933,0.00495407224499256,0.029989147583093206,0.0069129150534863945,0.00859775830890569
synth_M_50_219,Male_under60_srdc_poc,0.01721195976725963,0.042221803100886725,0.005233229111568729,0.0017152877167784502,0.013135967482864646,0.003855504961438375,0.005044474390866952,0.010438378999014423,0.02302940183733907,0.04265066751101514,0.010367785497188123,0.008915551862941089,0.09625843923762291,0.06766630795965696,0.006253005945552883,0.010767899143840498,0.05100085723410398,0.0030292244983479784,0.007387891255647075,0.004455113499108884,0.015942404764396817,0.017176409928970713,0.010639497351362841
synth_M_50_220,Male_under60_srdc_poc,0.008084466003583094,0.009633457656511185,0.0030595494921673524,0.0011835110930233392,0.011580239832580512,0.0029921315475139173,0.00487431193834479,0.008337588215103484,0.03895684466194607,0.02758852873602126,0.009217728613712733,0.00456979712654189,0.03363703450566829,0.038965678961288136,0.011154910853948643,0.011909395308042674,0.05775926767813523,0.004286940036858356,0.004749673653363796,0.007152161831540917,0.013970408987828543,0.007976176606794626,0.007232427624833732
synth_M_50_221,Male_under60_srdc_poc,0.011515841902142,0.01035375825001608,0.0037181376742152082,0.0008839265981479407,0.012028319685744138,0.0033831985784230027,0.002503862423973648,0.0051416476242072875,0.01085202018366597,0.02439611264907778,0.004042033776198223,0.004686048919833614,0.011489042844949867,0.017518386129548088,0.006458316507202818,0.002912023146687785,0.021124019004021898,0.007459390506598342,0.004517502353570803,0.005749052775570612,0.005057683442807517,0.012504820649056296,0.014306543372372573
synth_M_50_222,Male_under60_srdc_poc,0.013163322396522745,0.006348629440477758,0.003227282749622703,0.0009907139089454708,0.008764396989662884,0.0017688437739392952,0.0016163058856007119,0.011546674917957337,0.01523251042817787,0.044061083542892863,0.0065710785316072445,0.0029421218423843856,0.03033614380619847,0.02296376775600436,0.002731307488155132,0.004087739422900921,0.011857373010993355,0.002631539240718831,0.0018257756691649855,0.001737827718034317,0.004040055148628543,0.007170744429575154,0.021336891500372445
synth_M_50_223,Male_under60_srdc_poc,0.011807593597106512,0.007237750201872868,0.004118508316291439,0.0009784078921847288,0.012263845724608419,0.0032756995989210347,0.004947049557136792,0.025666371377056917,0.04044624059630862,0.05934205009111776,0.14472342834374277,0.005445908835274156,0.06884837102400035,0.16576529399012993,0.026193559086321618,0.1327984978609938,0.034616724118210755,0.0023283264127657915,0.003876155818102477,0.002351905908710021,0.06646126432707045,0.007551176111026552,0.007341168765183598
synth_M_50_224,Male_under60_srdc_poc,0.010113277220099534,0.0037480862765388308,0.005224643787918652,0.0006235247777685323,0.009539001378166179,0.00323758787659338,0.009568345920492926,0.006093016340034692,0.0160038465823471,0.041182998379832574,0.010158984206126476,0.008276861515163273,0.028688733999943056,0.07536031063010222,0.010919842306864448,0.024127329622107656,0.04334735065534601,0.003412586097087743,0.0028844563283551097,0.004151384319701905,0.01886531921781148,0.00707674162697454,0.008798654751873644
synth_M_50_225,Male_under60_srdc_poc,0.00785074559981584,0.005630765685797295,0.0035061249988783236,0.0009264236790593761,0.011015095837941842,0.0032565830765076825,0.0018466893648865822,0.014048074123080656,0.015854577062569087,0.021566658448913447,0.010982072054451003,0.006970156768847268,0.027724622528894634,0.10689385612287476,0.004100307329649546,0.07285534748767412,0.06466367749577542,0.0054570177473927195,0.0011450794042187008,0.005365198559706351,0.017779797049756803,0.007243896794109885,0.013040234016161738
synth_M_50_226,Male_under60_srdc_poc,0.014544193139312734,0.02716492395764867,0.005782801047167653,0.0018121326453500969,0.041168499405348835,0.0035091482404432653,0.011951244859723011,0.026504015451791128,0.045100418253815416,0.07255768021483266,0.08843443809139702,0.01748261985490638,0.11345508679770809,0.06335076649005597,0.016009674342769387,0.12727049989703632,0.06422699748457736,0.0038560244398353595,0.01236327296536153,0.007840125919812053,0.09575074882956773,0.011350381435994589,0.01166589570376382
synth_M_50_227,Male_under60_srdc_poc,0.014755236543508004,0.006072121652440817,0.006967325777446079,0.0007160192502216255,0.012638003594359766,0.0034545155489444906,0.008742040389718283,0.009697404410280646,0.02608539096215813,0.02736282942872129,0.11329853214075676,0.005905094211784535,0.05797086152957021,0.16920202255680905,0.009125553300080516,0.19253256779827635,0.09203027624823239,0.0019820938413570048,0.003559691551446944,0.0024948763520506504,0.07651210506170228,0.008084499119982762,0.007100968127777227
synth_M_50_228,Male_under60_srdc_poc,0.007985910539644992,0.010502296682640884,0.004173928048322608,0.0018073197901076828,0.01193559017559704,0.0026287195757369185,0.0037619356534482735,0.004415918773336524,0.01865317563836966,0.025526772219762975,0.009867145717671107,0.003719537418270733,0.02374078180400384,0.03990284235862578,0.007654460872035922,0.06929280650201315,0.05885290449878863,0.0030617133964112118,0.005389931760145985,0.0033445714417746253,0.015170609624395363,0.01427774733664942,0.0047955902565262245
synth_M_50_229,Male_under60_srdc_poc,0.009247549105690523,0.014490138597366692,0.004204620056246342,0.0010538847911209888,0.0155351504788402,0.002981099415005149,0.006194210337125174,0.011190146342973568,0.059414704106962375,0.033566748379662746,0.21617828463620434,0.01683373817958548,0.11696478702666697,0.22171851193242265,0.0063319508086909565,0.1314225843059343,0.045156160146023035,0.0031989949428303166,0.009075766570679362,0.004656064286392113,0.07301573764717685,0.00946991518692279,0.005954907517704976
synth_M_50_230,Male_under60_srdc_poc,0.01577415621728577,0.017505975846253977,0.004271716221165221,0.0012989096670023878,0.011504815310147642,0.003306759283622862,0.004687142310959096,0.006787262065201673,0.0420340750441073,0.06467517560372521,0.014083354938522452,0.008020979459754248,0.06957167085066941,0.20417162374971237,0.007837163893486678,0.05756022061533569,0.06774035319115111,0.004399632507312602,0.01262557800446412,0.0024057055557412405,0.021623238985130983,0.011289962677346398,0.030848237102285767
synth_M_50_231,Male_under60_srdc_poc,0.01826109887779595,0.010603639680441188,0.004525316744763603,0.00097376098442102,0.011019337776633687,0.004350764458315579,0.002984896696713854,0.012860816368357635,0.022393008644511755,0.02368231125404594,0.008668811663234612,0.005890540315537888,0.037451636669821334,0.13734275190753523,0.004831106664432349,0.045006582738533966,0.03240476402668759,0.0033220078233364876,0.0021306096451484792,0.004668377204237025,0.01738919630101965,0.013425830071435363,0.026812370028642885
synth_M_50_232,Male_under60_srdc_poc,0.013388505797841932,0.003816025870703705,0.0034992565712683426,0.0008202840910772162,0.0092920620811721,0.003771830312842324,0.0023016064528247455,0.0014596891988327531,0.0076886376977280185,0.02325568629820729,0.0030328731287404837,0.0035063072223827643,0.006047043419442972,0.010724685749841709,0.006683030254271767,0.0015719461237794115,0.015416926099454565,0.0024501306054374827,0.0025016196930719636,0.0015490675618321627,0.004474317976199025,0.007623582711451479,0.006509796351986464
synth_M_50_233,Male_under60_srdc_poc,0.012907362663656632,0.025051999673466444,0.003911925280639716,0.0015639691029677397,0.01775706517997462,0.004079374836815173,0.006519640187599554,0.01428727740782827,0.032649430837875366,0.04305810116667911,0.0451156214481105,0.014641613914429275,0.04354331336864703,0.1565272193531426,0.01336240783534786,0.034627610012217716,0.04658003889116303,0.0028795746354427112,0.00446913884719132,0.010312073801411512,0.03191266488699179,0.016368289373508784,0.015514674156142131
synth_M_50_234,Male_under60_srdc_poc,0.00920860506772861,0.005189584231925219,0.0036361690585236905,0.0007881890543710892,0.012567395239099406,0.0033577983267526314,0.007456376205896369,0.004608702989857759,0.02875927220988137,0.0205251558651629,0.05070127532203941,0.012570448304734637,0.09853149837170018,0.12186983856912038,0.012112132009950604,0.0386680924551183,0.03651429029151467,0.0021120665663223776,0.005695253718997572,0.0016594456517586506,0.015165736668537858,0.008927676895782838,0.0041953285769335946
synth_M_50_235,Male_under60_srdc_poc,0.014045136372264193,0.007290760683182102,0.0033070708201661343,0.0010119202445714648,0.010620571387685332,0.003878403035034804,0.009011353502404885,0.01042457091731068,0.025548922639982204,0.017969571973098727,0.014460663481061713,0.008671419054727254,0.054032504492498114,0.08523408051181272,0.005762819133931099,0.043637189572543846,0.04499215687138434,0.0014233663240675897,0.0016846568422325113,0.005605542462585081,0.032205632531511375,0.007136007822021961,0.007151877807292382
synth_M_50_236,Male_under60_srdc_poc,0.008312648559042997,0.0029796523301651072,0.003025817894811534,0.0007717528502979371,0.008891874824007297,0.0029569698939620223,0.0014648450178132173,0.0026025192218726905,0.010023969064247452,0.014802409161483404,0.0024371316521793426,0.0015681657027475783,0.01311158138258751,0.01535501678636768,0.003542282626372652,0.0020207127321666706,0.020126926899130374,0.0019945423664487613,0.0021252632810059317,0.0013214410092803176,0.007829810730435522,0.005767505751158596,0.010008672230582372
synth_M_50_237,Male_under60_srdc_poc,0.01036316140102724,0.004825488923862635,0.003579102239470833,0.0007228740537396156,0.012109709801782236,0.003169432074603919,0.00429636442519649,0.004671795079146861,0.016901292423747195,0.018190535442034528,0.014070374886154643,0.004738862790738267,0.021968525986206116,0.1203121698314655,0.004295114595567589,0.026844416308370336,0.039157295523381964,0.0029842472390918455,0.001789197091429575,0.005919791689486074,0.010024753792287757,0.008526207415369462,0.007615553480765733
synth_M_50_238,Male_under60_srdc_poc,0.009465878350573977,0.010878173397115484,0.006508343216715951,0.0016703753127095332,0.010893922069611256,0.002364695582080141,0.0024808199853270773,0.008768482248407844,0.023590259191206827,0.0301193480176802,0.2259660957120582,0.0037474254649597335,0.04233482593825301,0.12310591049306634,0.00593024313279757,0.10315707652439388,0.036151023277433816,0.005588258486698559,0.002833109921776853,0.005427449394617481,0.04936334685636712,0.007938473625792988,0.006191859156245347
synth_M_50_239,Male_under60_srdc_poc,0.009897907039186762,0.003146655692736145,0.003789541773587931,0.0008566942495087088,0.008149593191633041,0.0030865545915320235,0.0022100479551490546,0.004361509709586212,0.010293012677347098,0.01694557626327724,0.005251223989561226,0.0027327576516211387,0.019708250240317204,0.04372414546138199,0.002343855573107001,0.0030009822245661223,0.019523427993257826,0.0023853328433450565,0.0025282648285438357,0.001994501777568898,0.006077833734585818,0.005518647550000755,0.00575691915134769
synth_M_50_240,Male_under60_srdc_poc,0.00873126381728307,0.00976254962805026,0.0041301802719494905,0.000863040769257793,0.008277126631714364,0.003851884542278586,0.0019913582291970996,0.0033172793984120943,0.01733644059285659,0.015180983791092957,0.008923139518836271,0.003586935688286903,0.03270361401863596,0.03518814458418806,0.004618240718480039,0.0027724101535290097,0.02109407397286595,0.0019179108331292085,0.001980953522466971,0.0022258256328644872,0.006601408498300658,0.005779285878659119,0.02218799612417179
synth_M_50_241,Male_under60_srdc_poc,0.011790166906155367,0.03350550237215857,0.005073448925599262,0.001419544305710614,0.012138427214143568,0.0033997126052389614,0.006028573272763158,0.00841939433067666,0.03504299948542803,0.03322045472481934,0.1469911268676303,0.005688414438858825,0.06845417792423619,0.14266591843596924,0.006428629708823077,0.019272993097819453,0.0438965103943418,0.008436160608365875,0.010627533987535343,0.005480748074774364,0.013321875654558378,0.014655892683357331,0.01356600474461878
synth_M_50_242,Male_under60_srdc_poc,0.01187532615501505,0.007991372946547812,0.004429158401668066,0.0006905716748338568,0.01178298465609383,0.0030438191205770415,0.0015832755687582123,0.005287642603357968,0.024817448012452625,0.02044472989302584,0.004595258038802684,0.005775544234882254,0.026984146103706367,0.052247182408675555,0.003878865702657218,0.00560487116024128,0.04709760930318149,0.004043599917975586,0.002576368230863158,0.0021109595489335557,0.008741104032793526,0.007713778853442053,0.006103670014502856
synth_M_50_243,Male_under60_srdc_poc,0.004932765299737829,0.006219165147659895,0.00461949621181797,0.001204786368764264,0.009430100881301041,0.006263144581033678,0.0019249060736534246,0.0020506872595978942,0.012939631153921594,0.018529932087381986,0.001496421574536509,0.0013579473938720172,0.006424210183457385,0.016122742436047218,0.004260425321575029,0.0005542203575255159,0.02065100418429265,0.006833712242643983,0.003487367539787461,0.0017694100763897566,0.003602933515998107,0.006122821112523836,0.009146782072293526
synth_M_50_244,Male_under60_srdc_poc,0.024456801140127802,0.009721563486839125,0.004774458088281742,0.0008295955400592675,0.011826401822683416,0.0035454042314955504,0.009641259806007042,0.03838210445937427,0.042844259598849424,0.030682513530186663,0.14825852088483155,0.009725764910671274,0.07195732309992142,0.08537939900577309,0.010183689661135571,0.11683000615030276,0.04412426585250916,0.0033766800180244734,0.0029554867603553314,0.004913620958093487,0.0583103263214041,0.009169535013577973,0.011302422829141739
synth_M_50_245,Male_under60_srdc_poc,0.015961311376803605,0.028475432649063333,0.004334872069694916,0.0029320080684234217,0.014003216609852806,0.003283136294770406,0.010792450952866899,0.01897715582156133,0.0406635543562041,0.11250107626274708,0.029510679512002036,0.013149860040714747,0.046711764461415846,0.10826968592113821,0.005915147918765898,0.020529322360843937,0.050372947687436824,0.005264738346071254,0.004054329108052243,0.008810155578537702,0.016143037979233485,0.015055625101902344,0.043268356094858705
synth_M_50_246,Male_under60_srdc_poc,0.009040264246285973,0.002549837018550608,0.006084280758438706,0.0008046282730585574,0.008409129651470431,0.0032205761270785215,0.00206288121797677,0.004573676070832109,0.014344300600697416,0.019549725813558037,0.1080857285629625,0.0023729438030073804,0.022274918769771064,0.06108622724677017,0.004364297309215248,0.008053186605709894,0.02828910569302931,0.004463818174113418,0.0018865728212800123,0.002793439405588601,0.008470800109296402,0.00641474970781039,0.008476109712499465
synth_M_50_247,Male_under60_srdc_poc,0.007985978383886934,0.01327943318286466,0.0035921128415639927,0.0010419908355455666,0.014544990284896269,0.0027562500249123847,0.004912256957788969,0.010450139091985793,0.03445812666708351,0.03731589636019076,0.021168502057341942,0.006401620362357483,0.049866836328624854,0.1620512772085938,0.016003406301023038,0.015197569795088352,0.03843830869278702,0.002339270415447118,0.005432072383736628,0.0028342874106444256,0.017343375935257702,0.007792809490198424,0.006170818168818928
synth_M_50_248,Male_under60_srdc_poc,0.011154146082351522,0.012916796959105041,0.0036187248160654186,0.002013021782598974,0.01315346305751494,0.0032301903476368507,0.04964626318167688,0.013237655037448927,0.04240321433526916,0.0423597305850456,0.03153629111623246,0.007162246420560329,0.18704853808991448,0.2063094375769248,0.007813451896578493,0.11046281464751999,0.06462610600452903,0.0029685852692034197,0.00735625625174133,0.009597144257230173,0.04864758942977315,0.01970441674612347,0.004553620806306559
synth_M_50_249,Male_under60_srdc_poc,0.016025654659247022,0.019931669442194933,0.008350522475733445,0.002539238022547131,0.012568980702479804,0.003011672121870106,0.1171651164366698,0.024215686919731264,0.03775265471117198,0.07662593961709203,0.0792960116675508,0.043427417318777826,0.12497004690321123,0.2398061889915314,0.024309410674731025,0.00966038555304832,0.023079464960301124,0.006314161997042021,0.02497581631253627,0.012178006635524381,0.01630543716085655,0.02808008944296597,0.01438217479049769
