persona,stratum,Atrial Fibrillation,COPD,Cancer Colorectal,Cancer Lung,Cancer Other,Cancer Prostate,Chronic Kidney Disease,Chronic Liver Disease,Coronary Heart Disease,Depression,Diabetes Mellitus,Heart Failure,Hyperlipidemia,Hypertension,Hypothyroidism,Obesity,Osteoarthritis,Osteoporosis,Peripheral Vascular Disease,Rheumatoid Arthritis,Sleep Apnea,Stroke Cerebrovascular,Substance Use Disorder
synth_M_65_000,Male_60plus_srdc_poc,0.12623961024031952,0.2080633179915547,0.02176618390235456,0.034330388115677235,0.07982963338318039,0.035401732071172635,0.05855174615711586,0.04244453434714029,0.19619291011253737,0.12810027279824993,0.3173948657002002,0.13685699192290718,0.30930705875886094,0.8352199841420958,0.03886986288172979,0.025063309919083895,0.19043843828336,0.011824605220500018,0.06947043255588127,0.027099005535033385,0.11527238691187854,0.07039090626637952,0.05118321662050914
synth_M_65_001,Male_60plus_srdc_poc,0.10087235452848584,0.012353719799889872,0.0186001017651977,0.007340863079954715,0.0525175405743311,0.05241796949691635,0.029851815057825776,0.016510630781001616,0.0786264925948656,0.02993593372439131,0.055876574698036474,0.042192176689427346,0.15987283078825384,0.3496628124903779,0.01946850229003859,0.0798344653764103,0.2639619967852891,0.009455896790001006,0.019644765130793513,0.010643147486257588,0.08699810932159763,0.03287481703177151,0.024543430077576787
synth_M_65_002,Male_60plus_srdc_poc,0.12694118920757141,0.345345591992109,0.03328610788606147,0.02562550494416554,0.0476834564187767,0.05050426765672176,0.04277456010101076,0.02978090764263382,0.10187891316850398,0.1084007326005982,0.6048654408787444,0.08279454090475659,0.1755431378244846,0.5959816065657476,0.02016174660716782,0.2767589718268374,0.20552759343846386,0.008987993188304138,0.02291409816590661,0.028791887906570016,0.14412572186375344,0.025311189919027255,0.05604959246453511
synth_M_65_003,Male_60plus_srdc_poc,0.13501810349829627,0.1815480483214497,0.017706793870546626,0.015233316439364859,0.06771950492632055,0.03869905054705775,0.03355899746076677,0.03855723870520371,0.17768088385402586,0.087349615011512,0.17037726141945236,0.08081302555798547,0.2761500166645481,0.6410979656062522,0.023406919218103298,0.1142091524639752,0.17050682940121312,0.022278023388546793,0.04431513559701001,0.02009730287789143,0.10198837435080359,0.04141167440045216,0.07277594137269211
synth_M_65_004,Male_60plus_srdc_poc,0.06888565844881103,0.3131311679855034,0.020504441275642736,0.016046222005935327,0.04953707992869277,0.03811675555472875,0.030427440128037976,0.03035362088866753,0.08875745312557409,0.032063483183193256,0.31506933835048445,0.021245131237620677,0.1543997856552914,0.5421059338291471,0.014114881453648188,0.029250038126618756,0.17933753777644762,0.013469241453632725,0.014912285070520509,0.011203994017941473,0.10124134291356011,0.030835685749792792,0.01837195324835804
synth_M_65_005,Male_60plus_srdc_poc,0.1703003235742557,0.019031530660338292,0.01431469450940491,0.005214031797832308,0.07906818516214464,0.05361360765389785,0.1264265450945263,0.015595768997247725,0.17122710071574201,0.03986357245059056,0.1403311919569475,0.08137197409953094,0.36516588232650715,0.6040175212417285,0.03344154718984688,0.015987978175552982,0.19998173711609118,0.008901417432125516,0.018799499555489697,0.014042090955458383,0.09646645987529079,0.03506157415584109,0.016426307441933297
synth_M_65_006,Male_60plus_srdc_poc,0.09809395772301076,0.08772711295935283,0.01885713678967748,0.008178235449610214,0.05017895467928035,0.05125280489373704,0.030919296530634736,0.013213350753035372,0.09046025399195147,0.028370467578865882,0.2567614783736453,0.04171617170650571,0.18695957747879224,0.5910429331777634,0.011919121621787581,0.04376140243978961,0.1796268162454212,0.006095671774567191,0.01615523862821869,0.008490069383665469,0.08693318650400647,0.020450747931144778,0.01120646894657981
synth_M_65_007,Male_60plus_srdc_poc,0.0942805420535823,0.015824860162252055,0.015747770728457802,0.0035993522574371915,0.055653778336007716,0.04949881181777307,0.033627354972577364,0.01716517276769388,0.08069331951617492,0.02172527935645391,0.2558045007855138,0.030665258258738396,0.19742948205433763,0.4010240318217364,0.016978656365202235,0.013355547710933424,0.20210807960681773,0.006590960526184236,0.009720880391315866,0.008051303099297058,0.08021026058055666,0.019783134985024174,0.033228923812871944
synth_M_65_008,Male_60plus_srdc_poc,0.10815931158456625,0.02163387022717551,0.015614683297305788,0.005585173205422736,0.05423450990047121,0.05345161019421015,0.022039590830063856,0.04200897014438493,0.11464305851708333,0.03612601761046649,0.20447218993105315,0.0559758457808348,0.2561047197518835,0.6493312375862649,0.013637059174554576,0.0733961765260755,0.17526535359213413,0.01017698229147139,0.012617672414350528,0.006327000626241473,0.11387560596958023,0.033347309877959294,0.03646237200631862
synth_M_65_009,Male_60plus_srdc_poc,0.12234814394286687,0.03053782870618672,0.012991068488172814,0.0037392037805346868,0.04781281656729862,0.04988910083898363,0.03202031951874316,0.015788765745291942,0.07523148481392906,0.02551094959022878,0.059435536539101254,0.04237496187215036,0.1117348886796563,0.4904385997992288,0.012129028971007288,0.02659431355165549,0.12552928036911531,0.005804350995649699,0.005897291216714961,0.004422949150888882,0.08046218239693607,0.02233423414990876,0.053437548760907116
synth_M_65_010,Male_60plus_srdc_poc,0.17248878980398177,0.15625915185376377,0.02588486452777916,0.012186308771906757,0.07788731519533326,0.043826584949967204,0.0499695034237883,0.025226690018914935,0.15882675762658197,0.06710884337691725,0.2010893654995602,0.11456843607702683,0.26232212709175684,0.7605271471641676,0.02270456282236244,0.28583869146533875,0.2216933042912509,0.00850322011701502,0.031772107870784314,0.012738345109113711,0.1323178215430007,0.03451915417512369,0.043290446638023936
synth_M_65_011,Male_60plus_srdc_poc,0.15206200791618388,0.02600893197464055,0.01686255003774757,0.00937742888780433,0.09926682470647194,0.05947565026584392,0.02984744204553869,0.020371815711177976,0.11751285723198722,0.043978405956654136,0.7522696086980846,0.06098156323047616,0.35364122730119807,0.4909001778924778,0.011414751567334392,0.1545316443664438,0.1708450414297969,0.004309416426368849,0.03336823241197121,0.013995419899479765,0.10362969296390236,0.04061871856750463,0.009446935148157204
synth_M_65_012,Male_60plus_srdc_poc,0.14517311414366488,0.024591678356388372,0.01678595756243861,0.010951117160614013,0.061467745564725784,0.05060392237931935,0.19083823037189485,0.020116814530663905,0.1381432689081899,0.03723939202754264,0.10293676314199958,0.07158566870442723,0.3350793318846134,0.561085446516128,0.021900347840290005,0.021486807947535876,0.17396520358058315,0.013165574359185313,0.04845864430926779,0.00668609943566557,0.11887969261095095,0.04398701284943007,0.02343578375182897
synth_M_65_013,Male_60plus_srdc_poc,0.08012563211744514,0.023018692028004824,0.0115143502316307,0.004322151502487457,0.06422909392400265,0.05126342744560386,0.013662585068042004,0.016209526406578526,0.11850860906467964,0.03861340819384174,0.05714707651406257,0.03917087927118122,0.12652042971283742,0.44493488603561526,0.011143275060596123,0.014784378773072492,0.13643379288425495,0.005540121502848972,0.014517822889407587,0.0052528974736135055,0.08047902007457046,0.025256377364908024,0.03161662575391688
synth_M_65_014,Male_60plus_srdc_poc,0.09395258767807692,0.01383595087740621,0.025156289157694783,0.00817429956902249,0.05331273705463255,0.038954871823492276,0.04238910928197692,0.008843656368559142,0.08917128473471497,0.06788991305782002,0.04139824989029836,0.028359046729328177,0.08351247807817162,0.2498245149074365,0.015795543316526352,0.017107509561297685,0.26377839166398714,0.007335240705867336,0.023827729498088344,0.010377733213502306,0.06768437152256074,0.03794080941173847,0.025226844908681666
synth_M_65_015,Male_60plus_srdc_poc,0.15376169236771361,0.06555740351141011,0.013332888327758481,0.005440455290818196,0.08584269679129337,0.03492323230242288,0.26103539349753957,0.013387929256222493,0.14233647693749416,0.06308888266323766,0.2895549752562559,0.07750695709246365,0.10144939550215311,0.6286398915233326,0.01420442213939681,0.006262850486626468,0.18752897361921592,0.00826437117772612,0.034428413853944774,0.006019910233478719,0.07243430624115572,0.027302788864249736,0.024411432213995398
synth_M_65_016,Male_60plus_srdc_poc,0.10141513362384696,0.1183153897430202,0.018182868060113502,0.013967600215933075,0.053292935102348615,0.045650677639854996,0.03745446642488034,0.009170461660500125,0.10289007126127751,0.03514224190125954,0.08996416896469428,0.04978967192772171,0.2166990538185009,0.5553681047920164,0.014584199658869116,0.00938637586089646,0.2390689911928856,0.010155120070210154,0.018804214615827344,0.007046499080143926,0.07882456372932864,0.029912739771101024,0.017365638589940367
synth_M_65_017,Male_60plus_srdc_poc,0.06035047792207698,0.03822855122557415,0.017861134377584204,0.012383500802835143,0.07030108107468674,0.0392921377739573,0.025243835655721157,0.013768747348311017,0.08895776837249236,0.090181907816757,0.057700723658668,0.03502717078976204,0.18366847757970475,0.32655708687365353,0.014692014009519855,0.03224616039649338,0.14684777997826265,0.010467440998256448,0.012308186836264333,0.014409168839037721,0.07660557918472147,0.018823731678945806,0.013934862279448982
synth_M_65_018,Male_60plus_srdc_poc,0.06559129798088299,0.013112493400380353,0.016300933598270517,0.007695425707955651,0.06739511157470868,0.05142502359054974,0.01436793360293796,0.016551860406534627,0.0817168936626529,0.03402242572481725,0.0701071044156965,0.035343854843235926,0.09785333019155466,0.21636616474132384,0.014793643789428997,0.010928018941786943,0.21910596856813924,0.006280530164748487,0.012196051050564457,0.005679280356275395,0.0626593337831218,0.01817715926015393,0.009335324319204693
synth_M_65_019,Male_60plus_srdc_poc,0.11053120130935515,0.1202734979124908,0.014209835902234022,0.010541569832187032,0.06533021529459918,0.046471756929479024,0.026337470792957212,0.018403642826679518,0.11510483893299363,0.035974513165235325,0.1671360894635155,0.11770610762349124,0.17752025573890703,0.5515866321835797,0.019178379407648098,0.044792694375032804,0.17188721178800712,0.005861131576774755,0.04016649320507699,0.00986901292351119,0.08953424162432201,0.050125701322022605,0.033696724717594266
synth_M_65_020,Male_60plus_srdc_poc,0.06995300634404683,0.022117966173713612,0.014173957676818429,0.006523822064141287,0.06554226859413086,0.04216855488347324,0.01711326128173695,0.01384558694051602,0.06902897543815863,0.03746231099625679,0.06070005588311545,0.025810518076284667,0.19019823128451674,0.23116904178291972,0.011516908356362992,0.010101952473450165,0.1717632019399402,0.011756298614737676,0.01300881167901487,0.009824206378581118,0.07540411768625756,0.021214622815276526,0.018072389595303308
synth_M_65_021,Male_60plus_srdc_poc,0.09955187645747372,0.06257642368259778,0.02023606641291133,0.0064535158879476095,0.056663623310307935,0.037835170277349,0.05459842157730335,0.06395518680917746,0.10774845191669487,0.02964660772612467,0.26119747505365304,0.07859235325837736,0.2673054156127553,0.6603337116659369,0.03153372183002663,0.08655049554474763,0.1854091753088402,0.014422115192436533,0.012104464795193092,0.009875137310708276,0.09711007453091894,0.037049814952174624,0.04258249620913906
synth_M_65_022,Male_60plus_srdc_poc,0.06032037873654059,0.03272162975690505,0.020115612825424272,0.005716064139067955,0.04703625222521609,0.06803118493217099,0.014535505725809156,0.014030052676717213,0.0792881697298261,0.03784889821785319,0.30945718984278653,0.01954827734236357,0.17285620130966578,0.4641383771227726,0.011771096279307383,0.05883100128561666,0.19915566569447574,0.009767914806298118,0.009547571053135862,0.007573721607528431,0.06393556460890425,0.0412541408078399,0.02722593813242902
synth_M_65_023,Male_60plus_srdc_poc,0.12588378988498014,0.007661925592968551,0.012500591051536248,0.0045714911684184185,0.06390931982831155,0.04390128109496055,0.028090543233039247,0.026394755427106377,0.0674903256394255,0.040071889117329645,0.03457770405738328,0.06084117604906726,0.1045156755277586,0.19463945325154108,0.017312765302505057,0.003255614422474416,0.2052801368731654,0.010064486763271542,0.010009109777208718,0.008640366767547649,0.12885652308268272,0.02449115536650762,0.03681122523012426
synth_M_65_024,Male_60plus_srdc_poc,0.05754812713203111,0.04406334360443266,0.011949023606920814,0.011195304889298041,0.05193032753122373,0.052207616596849485,0.01713465056540549,0.011556046678543043,0.08141966617202243,0.07492783855248693,0.11689249562491118,0.04668158489596534,0.1790859863001867,0.4274726181019345,0.020824246516409343,0.02201023261631398,0.11679205251981958,0.00469538080887922,0.01445372399331625,0.007757330010138848,0.06687101247744315,0.025708727781036673,0.025117275933063007
synth_M_65_025,Male_60plus_srdc_poc,0.04525819171562022,0.016713158017720053,0.020043426886599814,0.013145782287591844,0.057733804976216815,0.05081646789170988,0.018524003330157315,0.010667622674551482,0.05518896569992309,0.0231936740954702,0.06331489913139958,0.016617838319427123,0.10540844234857204,0.2996713161154964,0.009259293500671147,0.003017056151300198,0.2355231110891633,0.005163071797012348,0.010144532763898938,0.008912999275513348,0.09692641976777082,0.022638872064545547,0.03013746664905491
synth_M_65_026,Male_60plus_srdc_poc,0.10207290998220567,0.02491268276256348,0.017225635169545984,0.013621337790176019,0.05915349827350664,0.047789710764400424,0.025904166163513556,0.020670373042209447,0.09204371714848812,0.052770024712600984,0.11620351313531488,0.05045801293874763,0.09893040046448058,0.24225506117685416,0.014535938145562014,0.01623555997060102,0.17265496254753984,0.009245503678711449,0.017167294813473864,0.009909099540510238,0.08170058909740162,0.034326118744033754,0.018039305824154535
synth_M_65_027,Male_60plus_srdc_poc,0.12941981557366544,0.02148660136984691,0.017741754948318755,0.011922138370929551,0.0762290822435383,0.035012571004691205,0.015740438539268202,0.028884402400786276,0.11674396567225068,0.06631458702351327,0.05979278094670002,0.07022635484654276,0.08968208011825844,0.32929642424093797,0.0217040887146095,0.10779425698096456,0.19227171757729952,0.005509908559866651,0.030636393766524238,0.020108789507438003,0.07852027388243081,0.033996685823355105,0.07256578825748519
synth_M_65_028,Male_60plus_srdc_poc,0.06602299802710442,0.04828651197882099,0.02380695847498283,0.028508064209394886,0.08098488670364147,0.058347185811194066,0.023887269233944693,0.014322459421572259,0.06727274823258247,0.05305656690557109,0.05338857760574116,0.025658296124412196,0.14671115597655585,0.23828981888594614,0.015861281106153702,0.006440333975606042,0.21730270020098594,0.010598460060730203,0.014156119428485273,0.044345102954281485,0.06759109870275261,0.028815036888296317,0.024727318617057847
synth_M_65_029,Male_60plus_srdc_poc,0.10815209908123875,0.008414891005424174,0.012873024307854065,0.004517885884072162,0.05337131742390465,0.04504116154861265,0.029278971334695047,0.03231916842059454,0.08084419541374314,0.061562421450746724,0.058958724070661314,0.053546382730358805,0.07932249904895658,0.2605970090098927,0.02732278923485366,0.007877326445397919,0.20522536220380408,0.008348170530252493,0.009741591060565153,0.006817598829056481,0.06394832304240636,0.017121831158577214,0.006889255281840887
synth_M_65_030,Male_60plus_srdc_poc,0.14535452623025086,0.1387370780323905,0.01694509480434304,0.010271663760402271,0.05967999593414355,0.04582162112664216,0.02735759004417982,0.12638940383384734,0.08523732499742666,0.03903864362943702,0.21687940262629438,0.0849173745482674,0.2346756100008625,0.6639751769541534,0.023715602140963965,0.16860257187245048,0.1985084467888163,0.008864416155360223,0.016204854871682384,0.008653818073171834,0.06623705092525045,0.034682470529064806,0.08093133521527936
synth_M_65_031,Male_60plus_srdc_poc,0.10835643658353597,0.009255564036389866,0.01580511391563236,0.007283835858262368,0.07227116779731443,0.04645943153083449,0.02069753031276315,0.022671129813161692,0.12185412809302398,0.04482836819511096,0.217710830574361,0.04209654204184425,0.25075248596388006,0.4015320541098479,0.013695784501719925,0.012807929675463913,0.1787656933599509,0.009327237160938955,0.018685100176917765,0.00876627682472794,0.08135688057637484,0.022008346105931394,0.08268004329526084
synth_M_65_032,Male_60plus_srdc_poc,0.08010287631165545,0.011246042329181626,0.01125659815173891,0.008130274884463901,0.06624681656471554,0.04488466104239549,0.01578170939789969,0.014277459744886034,0.06876489433356635,0.027955380012172633,0.05485477988949033,0.029068452723576946,0.14054528233354244,0.19841623349795684,0.01307195738360874,0.007780073170689451,0.20319143933817316,0.0055907427939222085,0.012064113918817464,0.006333140633927578,0.06561504810746384,0.023916370651134625,0.025267883114736392
synth_M_65_033,Male_60plus_srdc_poc,0.19174737901798364,0.03845656070038604,0.024331525466049518,0.013273999410546493,0.06695768545943201,0.07726563261094042,0.0524933483448067,0.011406111222355119,0.10681460777985986,0.06992280603382132,0.08202913111788335,0.07377492206035652,0.16698058341577668,0.31233962966535334,0.01877193403223862,0.041998338060391674,0.2058677553574901,0.010468779061635066,0.01848163605540403,0.010440462728852282,0.09761988302428008,0.032800448406018166,0.03072636098862681
synth_M_65_034,Male_60plus_srdc_poc,0.14101390534834865,0.20509252667375424,0.01940372128294484,0.027725857598610848,0.08262092770778778,0.043685603928748394,0.06025751976291512,0.017862498400594645,0.07038598447547233,0.06885123739349579,0.05631246996476001,0.09935311334413335,0.1502316722993615,0.5995486138664864,0.033670802675082094,0.26583951744961265,0.24640450893689253,0.04701600406156669,0.024740535798826267,0.03795384159986816,0.13490598011288227,0.026782244300703063,0.04096339433202218
synth_M_65_035,Male_60plus_srdc_poc,0.09833759640646789,0.005336793487971565,0.0178844813391561,0.0046248102710055115,0.05461752146017431,0.04597715569559641,0.01839705493869252,0.018928028580084407,0.058198391428514636,0.02803505888825573,0.2752772763913587,0.02205460387726371,0.29148325152266497,0.4840734349479039,0.012124912937317718,0.06621606483611912,0.1533612109485431,0.006646165500961285,0.009228275202393891,0.006031543725131367,0.07703484617696857,0.030596323802572746,0.029820842082470173
synth_M_65_036,Male_60plus_srdc_poc,0.1013206798171164,0.0640301969800047,0.014235140981381237,0.013418843501257247,0.061272466732750296,0.03873499241225795,0.024266089858381443,0.020975511264357895,0.0972491602985175,0.026612104049215622,0.07212594319432587,0.029885169546722972,0.22125160627782475,0.44319165091708024,0.01958650692094103,0.030996160527578257,0.23087259274267136,0.004915063774849435,0.012306376239157875,0.006832596427880468,0.08806455224478402,0.015877979202942732,0.027633223101833543
synth_M_65_037,Male_60plus_srdc_poc,0.11688483860191046,0.04169478174117264,0.01517615021552941,0.006503335262329597,0.05014321250379038,0.05150923021258269,0.01605738925524581,0.011892771973390922,0.059644531243597615,0.027415186145865012,0.1349441534037428,0.03064936357016471,0.13073959060937834,0.43148031165056233,0.010217302564826662,0.00951974220076581,0.2393924926437281,0.0060560512920546025,0.008068052067921001,0.009848436668096478,0.07222894096361265,0.024277060683648027,0.020484155962467235
synth_M_65_038,Male_60plus_srdc_poc,0.22209696144016947,0.37270727964324507,0.018387169392144923,0.024529396179023402,0.07438670313326605,0.04655440182466305,0.1060425961373965,0.02101435447850639,0.14407380007682036,0.04813952296202787,0.18058115549534381,0.2535773276061087,0.1748328437698622,0.7411781401161923,0.03018539315451018,0.01096571393692282,0.25082338051719927,0.019438442855724682,0.08961389587261065,0.0264323606597808,0.13164464019558889,0.06391763698479,0.026088534271191195
synth_M_65_039,Male_60plus_srdc_poc,0.22954045193257672,0.06754509312266217,0.018458465548874148,0.011683790347059077,0.06326605518381208,0.05593295247331337,0.1053305710446468,0.02031934718885022,0.19317120345123281,0.051749718822147246,0.14107209471733864,0.14017313905838205,0.33763114110896575,0.6809547060149458,0.030672579220583154,0.2732924152087883,0.1939635648155058,0.006753004078671467,0.021440227611505012,0.01421468590539999,0.14842595243437065,0.057076187314366526,0.037838295319417084
synth_M_65_040,Male_60plus_srdc_poc,0.09657849876551292,0.03630001084090403,0.018699622737783524,0.008676203505556226,0.051811646647928276,0.03255799884642925,0.018954796373205404,0.040858128556042164,0.15093363298193518,0.036652664941471395,0.21553717731482658,0.07255864736814611,0.23805153454836708,0.6221530478100744,0.01501069291490448,0.19966790366536397,0.1475655112042457,0.012693853170776067,0.020004784516332894,0.00840837875170755,0.10292610133855114,0.03403676725423522,0.04192972725571391
synth_M_65_041,Male_60plus_srdc_poc,0.10506119470502999,0.13722333242512635,0.020252279545500036,0.02264283042289474,0.07132969112529172,0.03397571889030068,0.037364076109430905,0.01748548410122942,0.08717227933123214,0.07586392672949531,0.03804595995148269,0.05839786898616272,0.17899113307360803,0.44361239726519824,0.016708986137614873,0.004726356933749344,0.2551683514639916,0.007726772630933298,0.01692660238253772,0.016144813976962175,0.08133697454669055,0.020514132112642424,0.05107976427291942
synth_M_65_042,Male_60plus_srdc_poc,0.11414267236142434,0.015745296003166084,0.01952725730998234,0.007465692142950079,0.06276410849985917,0.04191679407133851,0.034653009307877194,0.03444302614448479,0.09003145712982152,0.03351069657896756,0.09116917586447974,0.04049853602468818,0.17659576379995112,0.37466377237412474,0.0201775982008721,0.23944120902941626,0.2221278489779839,0.00783058972979682,0.011392066725454501,0.011116892884612607,0.07604724140214682,0.0459889211075413,0.024207988805681147
synth_M_65_043,Male_60plus_srdc_poc,0.1624913816915111,0.05962246431537847,0.020529453898357832,0.03563548824244047,0.05299852547159671,0.04027368666627668,0.040775865317211654,0.020032146615831886,0.11625885233802138,0.04296747082277794,0.7323836935837494,0.08542432114257453,0.27373297690248144,0.6021724880460403,0.01624245497816226,0.22179701705185825,0.2187049150917709,0.010496754442255745,0.04548478580856923,0.014160696311239214,0.11209926099874191,0.03654191789550454,0.024425429905149676
synth_M_65_044,Male_60plus_srdc_poc,0.11544386606032869,0.009367748493394749,0.01018713584353418,0.008166378424978795,0.06563033382600934,0.05292264430931257,0.03896749850012496,0.009163604846343477,0.08217164692521411,0.03854965535657048,0.1780271953308734,0.03995835416121867,0.09793355230122455,0.31137770782411284,0.01047714902805914,0.012620410382227727,0.21813854262227467,0.004906908671391559,0.0149723636739451,0.01143481141494151,0.07395725265301348,0.029444299979457775,0.013247268388869889
synth_M_65_045,Male_60plus_srdc_poc,0.1356871741935956,0.028532929223704796,0.01912902168128458,0.017993845773608325,0.05000263708274645,0.044650659775857277,0.04031621835881914,0.0142758200765954,0.13979965163550306,0.048067410212584975,0.11666869047064929,0.06358561587086549,0.2902862380038393,0.4576484205192516,0.017452282971241535,0.16757006076936948,0.20064868067625696,0.006592234876106983,0.017725978789325806,0.031064347633603516,0.13281393455234938,0.039292204668876105,0.026778069773745146
synth_M_65_046,Male_60plus_srdc_poc,0.08236134449550175,0.01882138840470078,0.016486816901015323,0.006998399208928352,0.06240516627763529,0.05094551234580935,0.025524335344172887,0.006051972067933141,0.06967524619927414,0.026920293902784755,0.05778242086460442,0.016941250627334425,0.1592368720655302,0.3328706592376523,0.012206900638962227,0.05628414866840857,0.21057564494398465,0.004688438519744165,0.010380952515755607,0.006565494342935297,0.08009207800679174,0.013437514915374659,0.014893686952774461
synth_M_65_047,Male_60plus_srdc_poc,0.21406309883875468,0.035879875275104126,0.021025166760069523,0.012765836112793694,0.05530193914266928,0.04240211716770916,0.09697742423902295,0.0491015814504787,0.1393201674508106,0.040139843118058106,0.23788852752069684,0.12023003872742935,0.36906836200805976,0.6466180616592107,0.04722536317661776,0.021893941153824557,0.2030879729125238,0.0102140431544125,0.037388876566727666,0.01016910722542912,0.12152744124237318,0.06295168401102906,0.021134533362572625
synth_M_65_048,Male_60plus_srdc_poc,0.09018983906256366,0.01074179286790407,0.02260659044073871,0.01587887754906069,0.06301328108920534,0.05186806497921452,0.0407012693049568,0.02307083526224631,0.0744885584641063,0.05797233447122939,0.1421240569077688,0.030505205284572675,0.147485249621075,0.33448698298805046,0.012265765835933215,0.2918403573237819,0.18795236838002077,0.006464276394576051,0.009613424977057592,0.008990198852483694,0.1014712477021012,0.022787292176370138,0.013999333706213127
synth_M_65_049,Male_60plus_srdc_poc,0.12726167169429808,0.02234634240045944,0.017772183963220597,0.009184636641960318,0.048265257091758294,0.04470461672179078,0.026152585987509455,0.020184859370490527,0.10060689565930113,0.04374733533177426,0.0917785507470772,0.042904263484555075,0.2791399951545491,0.47923769341360023,0.016389127822754018,0.13664910653950824,0.17104514268201626,0.005855800661873199,0.013650831339645795,0.007150247098725036,0.09167385531461328,0.028041748337752536,0.03559663157602491
synth_M_65_050,Male_60plus_srdc_poc,0.2034106846911287,0.08086762865171686,0.017219027442486656,0.01080687152726875,0.13016398515381938,0.06203240352782283,0.19507101399972598,0.033721586486060884,0.20057547898111253,0.03927404635248829,0.38242834275871734,0.0986905646489133,0.42769502499575496,0.7666492571819565,0.023535850732708072,0.08003857952532077,0.1635616290598544,0.007414486046627105,0.06295957374200778,0.006720374958952327,0.07857066540278906,0.047907733169588795,0.061456877669319177
synth_M_65_051,Male_60plus_srdc_poc,0.09036396226132383,0.25445917119532746,0.018103183694651227,0.015259020678059856,0.06397141409907665,0.03401962423738661,0.03761722265321606,0.024813418473768483,0.09839145896651567,0.04918459921924765,0.20881023780089464,0.04140544796603909,0.15731261539068048,0.5525852138435784,0.018610874482323552,0.0740077289831508,0.18210546577364403,0.01640961294654638,0.02700588265869582,0.01918695618718703,0.07001512128338859,0.034110870296462356,0.03748421357943366
synth_M_65_052,Male_60plus_srdc_poc,0.23543840945642744,0.03394328706430525,0.016698236624306945,0.006080618354864008,0.062205979126576806,0.03862890920067764,0.01691307749917934,0.01603703794288094,0.07772647423959538,0.042046215411176646,0.06949699313619483,0.06524664867719428,0.1677786222613831,0.42274184340167703,0.014342166585289069,0.008613611480403432,0.16745192865738223,0.011970833496680981,0.025191492797744214,0.008651575595095953,0.07543578392055297,0.022668232057778057,0.1682649604948834
synth_M_65_053,Male_60plus_srdc_poc,0.17673109738444026,0.0437750425752382,0.02061330774953064,0.011833188617235348,0.09253948958141833,0.025351188796027376,0.16038951237758126,0.08926089730046617,0.1781950837512265,0.057456115175645556,0.578644528947285,0.21128557216278926,0.34113049451483246,0.6097741396437681,0.04933587599592699,0.24733884217320223,0.16992868694292798,0.011908931315364765,0.0396404807668935,0.018229710691875806,0.12327171534288672,0.09193431326507667,0.032175976279576725
synth_M_65_054,Male_60plus_srdc_poc,0.055614176067918485,0.05849933041589809,0.016776873548051026,0.018387397524395013,0.051561326404602606,0.042043582772825,0.024173179945262902,0.01820488938228027,0.08690567938327771,0.03720973954528361,0.3639538193401651,0.038497826395535534,0.1617086408559952,0.25161916927952727,0.014826276146392895,0.005425408463531381,0.20917014534787884,0.01015914362058005,0.017074729763742632,0.014835598668829728,0.0921127851673137,0.04441198682364714,0.04156426544139809
synth_M_65_055,Male_60plus_srdc_poc,0.06980167729738337,0.015072635331703027,0.01590130688676372,0.010562634118307294,0.057176145525533496,0.06146377317098533,0.02293165769094009,0.00873065283478268,0.09449153867804648,0.0629570676657018,0.048451993946608464,0.01899966326554144,0.09199995159924422,0.22444902038967224,0.014246530267380304,0.013953529092993418,0.15787415392611492,0.004137953664480472,0.009096948220144889,0.012751402031151972,0.06709734421981565,0.01983177966940223,0.04860225855386397
synth_M_65_056,Male_60plus_srdc_poc,0.09281172097483353,0.21766807348832834,0.016658662765876114,0.009755675158421212,0.057043458628552805,0.035858403839850894,0.026413811211228627,0.0674303888029065,0.09078333577577175,0.055397262354544334,0.11017915298425618,0.046151444627990354,0.19123997784869148,0.5990762808986931,0.013689891751862956,0.15249096482820357,0.17351130955391975,0.008026370958695364,0.015472127922472814,0.015558027720961872,0.07366937674110452,0.03622056059319003,0.03821016347120619
synth_M_65_057,Male_60plus_srdc_poc,0.086352968786873,0.00908350849233631,0.012649116855378511,0.0027293239232935814,0.04730715603552279,0.04786033634055619,0.016349292394040888,0.008270494336134549,0.05124308737370582,0.042370320358181154,0.05584922382264651,0.020486508438179143,0.17857685570176865,0.34277012023737624,0.008719273887511298,0.015999360038311712,0.14901917499354544,0.009174773224515603,0.00718046219736542,0.008689413844379995,0.08468857872304297,0.02785842028610617,0.05169881302628504
synth_M_65_058,Male_60plus_srdc_poc,0.09686055031396928,0.04902416483552534,0.024969089852951952,0.01923567582693031,0.07402595211734288,0.03870124226537154,0.046602535980408165,0.01677165525306796,0.12469783235349821,0.048182528276968443,0.2245408882060975,0.08080811420247924,0.22187147108415475,0.4212026446182484,0.019637819506725582,0.054761618240413805,0.16968139139542804,0.005285182460641193,0.026330224056156818,0.016691550445478542,0.09298713864018966,0.03248198352338725,0.027756168404594325
synth_M_65_059,Male_60plus_srdc_poc,0.1435629380774016,0.03583630741689038,0.01454734344106726,0.007459717619997771,0.07979830943213871,0.06396417425612262,0.06571825437347863,0.013747339093372368,0.11094404906187795,0.04380881813908337,0.19314125300957466,0.07484206665714484,0.1240782084551232,0.6537071873971867,0.016676624014465374,0.251741054448812,0.17237880772119699,0.00663956699222918,0.012533558522798336,0.011302979295212425,0.1294187279162312,0.020959861843318172,0.006488556360961396
synth_M_65_060,Male_60plus_srdc_poc,0.256436555706166,0.25948720148308807,0.030124429005435483,0.0508887843482515,0.09304549166008312,0.0346505995266585,0.18639869595585204,0.013330829880742856,0.12971202235389429,0.11952558583559542,0.1933784520358884,0.1752231380683474,0.18840232672198431,0.7763132459828372,0.022286703542157487,0.292030672074701,0.20674420367810611,0.008526739422068604,0.05102304181508431,0.02662345623090569,0.15910866520930445,0.05323665340428542,0.03494796538160994
synth_M_65_061,Male_60plus_srdc_poc,0.10631832625019301,0.009004842418279117,0.012232230238134164,0.005826034346960178,0.048127120147892576,0.03586340846969048,0.03506392786799799,0.01322969533690259,0.07792433556112018,0.03905148986152188,0.20699821234080826,0.042544249461594824,0.09321692227100033,0.27222844218236125,0.017952470015377763,0.006216558211491697,0.17642148323107612,0.005362211257832403,0.010278576525607718,0.011139311920999638,0.08345521307698028,0.014692666641841335,0.011843016752849546
synth_M_65_062,Male_60plus_srdc_poc,0.15887564556563996,0.01719991156871104,0.014652459191978481,0.004124552175302356,0.054474655074153756,0.048928460755686326,0.013939833654660528,0.012788185481765807,0.089781669183931,0.029169107721307475,0.12234657444618112,0.05338454988672173,0.14761738826796864,0.3687937433623176,0.016263148035236537,0.19283564168030365,0.15326836908583635,0.006854749289454593,0.007768066972104155,0.006652458760384199,0.07799346719294542,0.02760874734866509,0.02816465529236054
synth_M_65_063,Male_60plus_srdc_poc,0.16716550848076211,0.01788698721676083,0.014926060292957176,0.008452986525067673,0.04584586360048321,0.050178789277231586,0.04729854523224076,0.012312190807876263,0.10482249750078566,0.03642209285787454,0.154158924298147,0.030875890081291515,0.25844661156209076,0.364383982374504,0.01506013075404404,0.2456859264001489,0.22993631124671504,0.009890454958876546,0.0113318456572907,0.008054663272002013,0.0934483446829439,0.023806573986970746,0.011984722514116435
synth_M_65_064,Male_60plus_srdc_poc,0.0738260405339363,0.043899725638053895,0.018309275473718394,0.027724078618693054,0.08672103827601818,0.06389863531997544,0.029487811876829476,0.04164579999645446,0.09046703332274077,0.09572377700595208,0.36533157478690675,0.04264106449823468,0.33042693792766825,0.498009634498157,0.023101914873408493,0.04960499879061028,0.2129199749342009,0.012365150566188572,0.021281751326831494,0.013561946067717184,0.10534160370222202,0.04261206296895924,0.0717153037544516
synth_M_65_065,Male_60plus_srdc_poc,0.08803951071942,0.1161944024251795,0.013851204521294591,0.011646440700040905,0.05490042847820599,0.038427345160700135,0.022683457623885912,0.018694496543445877,0.09516645049572503,0.048880731176844494,0.0632483554136646,0.05313938261377033,0.12781996850872562,0.4113153487437149,0.00976082740012564,0.1975394197877164,0.1657812266295446,0.009134340889607793,0.014652756975587903,0.012046759477539802,0.08046078838121003,0.019120765258124776,0.020259864398262876
synth_M_65_066,Male_60plus_srdc_poc,0.05229761549939863,0.014476440646647257,0.01873213435101071,0.010002906154712634,0.0686800900474278,0.04718711777779045,0.03698943332281287,0.022438171837858192,0.08784127401178934,0.06847682316976382,0.5424942444679108,0.04227415517107174,0.11874747392670287,0.34794498562959003,0.025037553452990857,0.13593466716559477,0.22145703858320984,0.00871558715177162,0.010779288297747002,0.023647501270526682,0.10052536072995215,0.02486428661755829,0.01624562911152875
synth_M_65_067,Male_60plus_srdc_poc,0.103591422456406,0.03729929920085739,0.017181149787356763,0.010471193804603958,0.06547281831233016,0.04354612339007523,0.07098917230482817,0.009534547554774824,0.12889505659745257,0.03489823600070243,0.07525464146267609,0.04632262332603675,0.1973199120631573,0.5354901960733048,0.018387239927339195,0.01865944491219466,0.17412162704663553,0.011180234360980913,0.023744888654260596,0.014662293236102662,0.0938961343684558,0.0228115893474475,0.022991561108711457
synth_M_65_068,Male_60plus_srdc_poc,0.08932259950843044,0.004462578057676201,0.012147645223351978,0.002934983556695011,0.04024326664006995,0.051209807371150703,0.021323460283617042,0.008455707474609797,0.07488103978302361,0.03200035303161385,0.11623312154158587,0.0447720617623583,0.17523069638387223,0.32889150432806297,0.006094515320744164,0.022646590424503003,0.13439228681022383,0.00605071203795726,0.007559855432619416,0.0065749796848456,0.09883200008903104,0.011997159548118544,0.015944627214893474
synth_M_65_069,Male_60plus_srdc_poc,0.17170088825862018,0.04741238262235222,0.019049868747367214,0.0162746827942652,0.07514026734847161,0.04404371730982242,0.016400684776048183,0.014598047199579262,0.07133041463422954,0.04406439947481527,0.051352133190193196,0.04706613516315309,0.16570057859948478,0.32489371621155066,0.013455761035236557,0.027118640509258548,0.23794827815054878,0.010293003263989842,0.024825476015473077,0.006764435725265393,0.09519386633809511,0.055116246813057455,0.02005820054550055
synth_M_65_070,Male_60plus_srdc_poc,0.13043192340502735,0.05578018090390681,0.01715221151663679,0.009068405124976723,0.08760186010636488,0.042656420576286484,0.07180416963706435,0.014064497180952757,0.13734417942217114,0.08057971791508373,0.43336017312684205,0.05428013212494062,0.3554862357193957,0.7309527819654267,0.029712993927328984,0.02200830165498879,0.18187043196434743,0.01360776088862035,0.02099027045926893,0.01440502538207311,0.08360782092563517,0.041272351304981914,0.03833280146479331
synth_M_65_071,Male_60plus_srdc_poc,0.11906327583267613,0.025141072528346315,0.017866682596655213,0.008991906601242808,0.06253684302108538,0.037993072386136334,0.038078325996384825,0.023223132561004667,0.1620319813787867,0.08119390685172058,0.5223440235108456,0.06163657105706805,0.26068316767679,0.35412170313552427,0.024857969145319073,0.14442363813176748,0.1697468762502284,0.006874393379306181,0.02323442411659405,0.009457701943199203,0.08216100200898757,0.039139323087914506,0.04209467429887904
synth_M_65_072,Male_60plus_srdc_poc,0.2740774063873406,0.053747394265679246,0.02798753581436373,0.022889522563099535,0.05485882878872963,0.04324915456898834,0.039866759413238154,0.02377510236619174,0.15137210582436605,0.04403506817250968,0.031745100666541855,0.07786085071163823,0.19791499296895482,0.48860344740413675,0.02556449753886419,0.41187193956829615,0.202743050301644,0.009374177903370738,0.037172207649740836,0.019557624954315997,0.1060456287163042,0.05076880792504404,0.035950080083396556
synth_M_65_073,Male_60plus_srdc_poc,0.17955906060230073,0.07438020441298505,0.01719204283730467,0.02870108586941687,0.08526338931543886,0.044124190507775274,0.03932156944765373,0.024728032870853532,0.12484969115202212,0.070681892437824,0.2436569512591347,0.1271922488719365,0.1994381737444642,0.425388565856334,0.01600999639725618,0.24102604663072988,0.1733791298425532,0.01096206972800797,0.04043333881155524,0.04993493296761855,0.1202008900159538,0.04556544610942139,0.011779739682231167
synth_M_65_074,Male_60plus_srdc_poc,0.21848314855497666,0.05125521596715991,0.01371702475581458,0.00538261665419644,0.061655460757878394,0.07890620112836752,0.07572902696469924,0.012230706135102448,0.09942244786788203,0.024219250567936036,0.17349248201174972,0.09662618152107592,0.1912843884466903,0.7372715431499887,0.026410986371029357,0.03822683075234058,0.18086752029837247,0.005766333789634992,0.016639050182039504,0.006558112297065922,0.0942739563215487,0.043012709362199454,0.008695609717631858
synth_M_65_075,Male_60plus_srdc_poc,0.16718068797187385,0.05469947985735623,0.021660360484801213,0.00818076957254625,0.07761804470156164,0.03689064822728713,0.016311829575259444,0.031977400721700154,0.08954937065307107,0.035395191643309634,0.06987044320177768,0.07119503034330399,0.11889240346371628,0.6678850199971049,0.014072438626104428,0.040031841748108324,0.20427966873059106,0.005570588524139186,0.018983164606189505,0.004928615073147537,0.08314179118586033,0.019671633826428735,0.06467967352589549
synth_M_65_076,Male_60plus_srdc_poc,0.06695965738598579,0.00926552739787233,0.01760734937189818,0.004459289543336353,0.04649008636196235,0.058666669599583936,0.023269816796831006,0.007963313967845397,0.07284333002930561,0.04693261122632663,0.03748885252187613,0.032460561342748766,0.1012122570218201,0.2325161256857398,0.018880807763440508,0.006545024236783079,0.16921421114160576,0.005789898809198525,0.008172673554318093,0.005927059092547015,0.06613217519742004,0.020787586941956662,0.005886609404686932
synth_M_65_077,Male_60plus_srdc_poc,0.13305083218775682,0.024025621073923652,0.016162094349033755,0.007974559076475518,0.07606844397448026,0.05255446053962019,0.06095431509021545,0.0276047426537827,0.13773954585280077,0.02861387782277045,0.18242657650184027,0.04933151928618673,0.17958968172237882,0.4568889293557013,0.012449664379936252,0.014446481472683795,0.2619856168038949,0.006991647090838602,0.022690837271588084,0.007499802661420125,0.07071423293347892,0.03738328219689285,0.057917134688549095
synth_M_65_078,Male_60plus_srdc_poc,0.12790645142691376,0.042789100910062036,0.01945372105985374,0.013250544947993251,0.06096980981984401,0.028716452612322155,0.09176084175637432,0.02310430887348274,0.15646919639236617,0.09789234380914046,0.2912258873435193,0.08885276960102438,0.30419639052663255,0.6520024164800605,0.028158358013644465,0.18138617777303934,0.16786514917873552,0.008813222262811374,0.03310379855387158,0.015039064545470951,0.08300410841776432,0.07299039074515555,0.10167923657016122
synth_M_65_079,Male_60plus_srdc_poc,0.14807821694331957,0.05163617900079905,0.01492896598182837,0.007933265098795283,0.08713313960791992,0.04434589032436244,0.0447407635826066,0.022854811884413125,0.1376088291959939,0.030770005036344812,0.1453292408262967,0.09045454423323818,0.2102573396537984,0.39229863184726355,0.025851144742702673,0.08067496722318356,0.2040733162245213,0.009321597488699866,0.021915467961944102,0.01264962032252478,0.08668283281009798,0.028389211042530657,0.02013672613348979
synth_M_65_080,Male_60plus_srdc_poc,0.04297712885489511,0.015806374635850537,0.019872174746432172,0.00637649812473252,0.05010336480207022,0.06000269278314465,0.02291977405343157,0.011312678034835603,0.060228170534963,0.030978414080586894,0.1369345474129206,0.030198371750888766,0.21062077895017509,0.24556218437768745,0.017778255898889348,0.003749721219676663,0.15954482741689485,0.005514962799868755,0.009119099046928321,0.006741225448300311,0.08932643424020872,0.03064471875826801,0.025909757941612228
synth_M_65_081,Male_60plus_srdc_poc,0.11216316297129106,0.02412098615968985,0.012737544686314318,0.005424420628365236,0.04814829754719603,0.028218631532494064,0.017717336803830752,0.008123222787023774,0.0786458288194643,0.03707838820762979,0.4390734723532543,0.05888545764086657,0.16991306937837675,0.4979149355351284,0.00806938737354771,0.15350968006254603,0.16328002787839924,0.00736805458684197,0.011790553510569566,0.007621218878966244,0.08400033203831352,0.01730333623700346,0.039022847407136185
synth_M_65_082,Male_60plus_srdc_poc,0.10920694049706016,0.009758997214293517,0.014498633707730664,0.007006662572497695,0.05071796075508161,0.04798327227816549,0.020370964810784896,0.03123000738275751,0.058872899299051415,0.0434545990549176,0.05121813599743653,0.025814104411072337,0.10427084298755253,0.25989498427242713,0.014708997480398006,0.007468593614137953,0.19919249455719024,0.0069625788251977735,0.013641708712591927,0.01052043215036339,0.06424879470976072,0.032070551790546145,0.02275471008844055
synth_M_65_083,Male_60plus_srdc_poc,0.06554774713867006,0.007027863785808883,0.015956962597575636,0.006622695985629911,0.07076660669422705,0.049025587567896066,0.04109028272371748,0.021400505627293374,0.0852123546437738,0.03030411887296468,0.11835984982970603,0.03402619769659691,0.26747737495999796,0.4527032510859864,0.01692439529719734,0.013652264132094905,0.13340356078937485,0.0161046404779675,0.00866924506694822,0.007324215866837623,0.10684973699080315,0.023377980133391398,0.0398886552115911
synth_M_65_084,Male_60plus_srdc_poc,0.07335414198688943,0.054987725115679315,0.01460757941016736,0.007015997760237405,0.054256666090099354,0.07145478464255689,0.020603663344946413,0.010010610602979066,0.06585987279967731,0.03310798420127698,0.1254586347688179,0.021885558305190667,0.1312343326537773,0.5739942899351547,0.0117128056389248,0.006810244078537934,0.20560732553811967,0.005648101482131292,0.013482864934440274,0.005627236451075941,0.08319916969067072,0.015936808631452307,0.009737591265735002
synth_M_65_085,Male_60plus_srdc_poc,0.18043895835150622,0.06708046793922595,0.025519517001023107,0.007670849732448228,0.05752397814163333,0.03532069447096768,0.042910184109241516,0.0670932418575812,0.1500748649548336,0.026592675134243415,0.19428640753533638,0.10483435310796548,0.4531678004539049,0.7124609879250725,0.028015855701198997,0.13350343282925822,0.1621357745027528,0.02388153742705067,0.024822105739567692,0.01730961903978456,0.09854542725934036,0.05545790202004409,0.10836473348580124
synth_M_65_086,Male_60plus_srdc_poc,0.07844330598956242,0.13087186110027882,0.019272237895552706,0.013349733395873413,0.05825336724358482,0.03331477437943368,0.043331394863613246,0.028656193896235572,0.08810429717279708,0.0429015851480286,0.35285008191307743,0.048108406667950625,0.264768072788232,0.6704807709315064,0.02038930956554609,0.008132319619294233,0.19848048756027714,0.006892375942256041,0.021742488222718206,0.023510607783721865,0.08180042052578072,0.03136956158529519,0.012244999160101033
synth_M_65_087,Male_60plus_srdc_poc,0.07931833549925044,0.06521639363949731,0.014473222150903527,0.008555708697416677,0.03862814528729202,0.04161582819264756,0.020052370614120463,0.021176373275998746,0.09986432572543451,0.03775445536706294,0.1484312092827867,0.024054619278167343,0.3274010373130929,0.6322782442484465,0.023416326474866012,0.08175288134699882,0.19668313439372342,0.008904395722731093,0.01270628121426846,0.009451206905829191,0.07709390839608893,0.03488449105887072,0.026202553964779992
synth_M_65_088,Male_60plus_srdc_poc,0.10239737197465103,0.014068267573425053,0.01447399398341151,0.005505525326600441,0.04599224205613817,0.056929725696455234,0.052692778089591205,0.014410633284466434,0.07026804362402532,0.03766201516248099,0.05053128734691478,0.04337919669251128,0.09482779663067373,0.3042338293906234,0.017805634864803882,0.006932830354961754,0.24301599478016073,0.0074120714951908945,0.0069353669274932785,0.009170522545887808,0.06921287162729045,0.01546118229467373,0.018113046977963756
synth_M_65_089,Male_60plus_srdc_poc,0.08662105709338616,0.17900030077068027,0.024639723810863493,0.02925535585521128,0.07237068162082554,0.06435017539933535,0.03173173942486819,0.024701317127000785,0.10291206256881404,0.06525803871047632,0.137883788640086,0.05592860006997693,0.22487810410900053,0.5898658411736242,0.033469065859556425,0.06839291111446127,0.1723021558434533,0.009237923958625122,0.016193749750623185,0.015502712215668468,0.07569799624827345,0.036633915610286644,0.02506932700551686
synth_M_65_090,Male_60plus_srdc_poc,0.10137402748384497,0.020132620034350568,0.017454286945436437,0.005473709646972453,0.06541717137235477,0.05224338922758909,0.02271887158781705,0.028326624828449838,0.08865724991296227,0.05844591089754289,0.057429543994117586,0.03367541434757157,0.14647055567410935,0.36114808426646056,0.015039126441452727,0.009983163217570456,0.23381846973505646,0.004916414266631867,0.01029542561189672,0.007827688432946997,0.08603690513530717,0.029356085742838604,0.0091879761344639
synth_M_65_091,Male_60plus_srdc_poc,0.14912573486728722,0.2727871640511371,0.014519529418534701,0.02001251367451164,0.07106770449636088,0.05485688881636139,0.03338223315643223,0.018344907360185316,0.10133997822229918,0.07722642180942718,0.1497699724678368,0.04638223611761136,0.1658678980759468,0.6664605083823668,0.013649317390022531,0.325500006736537,0.18201326859800915,0.009368819286382087,0.027125156246004995,0.015391639663144241,0.13627865291950636,0.02900818964494675,0.01303862530118659
synth_M_65_092,Male_60plus_srdc_poc,0.12508046285262722,0.01622387682441171,0.015638166575246398,0.00861072461711105,0.053486266251749355,0.03565630017966997,0.01362671241261702,0.020262842558033584,0.06604778191533364,0.04348308840090562,0.03660793441101287,0.030871938347378433,0.09363280529630429,0.22140667659195234,0.012089938136576436,0.005465033093622218,0.24876752887380912,0.01659968268542111,0.015437078148794886,0.010274891718993198,0.07563726753759742,0.026064681377683162,0.07107199151801481
synth_M_65_093,Male_60plus_srdc_poc,0.0829006610901288,0.06148162681917133,0.015738117506162268,0.020071400314032675,0.07228390504991529,0.044334461095328105,0.06502170000207987,0.0157153650912235,0.12316338739350285,0.033369673529816214,0.279845335414404,0.06404313205097359,0.22723378237135025,0.42647250127374525,0.014203318461704967,0.007119538693412355,0.2501429940269844,0.006207807595406618,0.029226064236006464,0.019223249023086614,0.11703429283309137,0.028297322059825825,0.017235413901217436
synth_M_65_094,Male_60plus_srdc_poc,0.13650354575772058,0.11945509774933266,0.01910861586015931,0.013784052682260541,0.04643582637000116,0.04480986162886958,0.05565858857279541,0.01312082212062185,0.08606538812264933,0.031409312131475964,0.17371551101261998,0.04243365702738892,0.2362376846824212,0.5705222095082371,0.017046073630282033,0.1698187267883704,0.23309414056216965,0.01275019326620541,0.013268585599144187,0.013882935910226405,0.10816976072212899,0.017503514969241758,0.029150872894985268
synth_M_65_095,Male_60plus_srdc_poc,0.08148912211242527,0.015799849940728923,0.021798686220751068,0.014433780266051197,0.061681377931252133,0.0588287382078363,0.060508910586469365,0.013334318167498495,0.0692402498758385,0.03183167189324882,0.05964690580809755,0.022434038557913084,0.13942664796832852,0.29404643517389867,0.016010435433713374,0.03379267701824449,0.19339127797071876,0.005121220192817999,0.0077660604621508,0.008833215665665908,0.10528266573165303,0.01705980196345646,0.03036568714050495
synth_M_65_096,Male_60plus_srdc_poc,0.14962404054405676,0.030759723519857986,0.014186329238598423,0.005240656716306849,0.052350052043871706,0.05157654956669541,0.03445713344267659,0.010179134822610868,0.07961122744121939,0.051723893544650214,0.11133783088342909,0.04009810585749496,0.16387164252784572,0.5960377888017053,0.022090256296517688,0.048964310810444556,0.13321627686216245,0.011459201101907613,0.01002970984824277,0.008092923421040878,0.12042273962244954,0.029117752033617782,0.016312058777938853
synth_M_65_097,Male_60plus_srdc_poc,0.12508805323976427,0.030055733151490478,0.02009421927334328,0.016185761089598336,0.05023036014424467,0.03760532467407119,0.02119940648429488,0.01704660827309085,0.07427117983203027,0.026238193397641555,0.08941595716828822,0.04867315349614543,0.21614793107606203,0.3899400179184411,0.01574359212422644,0.015326574045980687,0.20425593756600563,0.007744003024286382,0.01569020878230578,0.007802832514294299,0.07100546861411347,0.03068520221206636,0.016018192559462616
synth_M_65_098,Male_60plus_srdc_poc,0.07453670007951084,0.01231657538513748,0.01877699256508711,0.008664633920589939,0.05689672761115961,0.034407263925921534,0.024808968621355967,0.010466752441759519,0.08801484714752537,0.030255311355862284,0.5569417440432354,0.03877777079537193,0.17264975912541358,0.3067816343656251,0.01587297556617218,0.011124320776191085,0.19777651630587995,0.004670598540194982,0.010644050489130747,0.008256040243484657,0.07319419205587963,0.023527971590791452,0.010861250587483136
synth_M_65_099,Male_60plus_srdc_poc,0.14412828913756026,0.0786051310934652,0.016514259255764472,0.02082361956527883,0.0727387064704209,0.050740925382557374,0.046330075991793854,0.0339025583073808,0.16120927514985953,0.042763508588876994,0.24628035247147992,0.10261676684914559,0.3353162433512756,0.5439302434911116,0.03907497643692169,0.10134797077450743,0.18420526128929093,0.020387093160676238,0.03655265220562182,0.027338337668267303,0.10474567694012556,0.044601515005983465,0.05094928592218823
synth_M_65_100,Male_60plus_srdc_poc,0.1419546967398815,0.01949730426433972,0.0184622699740022,0.013604424861964358,0.04971482078809671,0.06372668688509257,0.021221325456077793,0.011217944519684496,0.07375221838483095,0.03189305859983214,0.041721713097964824,0.04937539463385562,0.15057842626691642,0.32405444209690576,0.008351555964960972,0.06862201789617688,0.16568974580613907,0.009964407551579004,0.012190211095127714,0.00828250744345932,0.09752380798071521,0.030275985428543633,0.010887146039263194
synth_M_65_101,Male_60plus_srdc_poc,0.09413830968782465,0.03428100303831105,0.015152058307219876,0.005724859460397604,0.04166084911329948,0.04282596561599135,0.027954079304920512,0.016969497789292357,0.08952173236799155,0.03256596696050073,0.21058825309763887,0.041441853375771394,0.25812928364617815,0.5749278064660241,0.012715519430378935,0.01267282381705437,0.1615278287332164,0.005245472431670671,0.012801230595509474,0.00980236843906334,0.10092555322067244,0.021217482213287793,0.028535902470112055
synth_M_65_102,Male_60plus_srdc_poc,0.15167934294747534,0.034075305915852616,0.01670965302573162,0.0042080341775337935,0.06600581686548299,0.05254578162955094,0.04471221344173143,0.020942979240556086,0.14482448324128214,0.033324891300128175,0.07956475046361115,0.062265001271258454,0.25983018568676985,0.6804312032176791,0.02584367718054643,0.20785170423899899,0.1765510347195568,0.006741996712434833,0.009100900771640302,0.010854262418309328,0.08783154037839441,0.031092148359057853,0.026593035104130885
synth_M_65_103,Male_60plus_srdc_poc,0.06946322327750323,0.019454566667808003,0.017587893758487454,0.010088231740150536,0.06244124840347554,0.08189825692074261,0.13115848934566068,0.010889618645038643,0.0616435542787942,0.06130312493551094,0.17939883867828152,0.02734202671913184,0.18526807905865683,0.3151686996189555,0.029080061286319268,0.10540985552596295,0.1602630310735043,0.007952084021305608,0.008888627104552186,0.013656939161691686,0.11265928955241995,0.021829885193652886,0.009942657189119465
synth_M_65_104,Male_60plus_srdc_poc,0.143230434607508,0.026945640042905953,0.011564529817786048,0.006009469402377285,0.051902117654015444,0.03872652477494872,0.02571922861586575,0.016430319537243557,0.06924957136720497,0.0334495195911761,0.032954044154915964,0.04016806169901863,0.1416119357222077,0.4287776630839966,0.016034241071855103,0.06588412605067973,0.16650799861569174,0.00455091850955986,0.008229847648036097,0.0053649198940694115,0.08280439506481005,0.016757098664281506,0.03573331094642264
synth_M_65_105,Male_60plus_srdc_poc,0.10942814685836097,0.028073259852371277,0.016920693880240038,0.009684487363293645,0.059129667905820055,0.050250325398045324,0.06593945462807858,0.023763632450361744,0.0987427078355428,0.03488802068498642,0.19733601526714722,0.07527231511535115,0.2798551914270881,0.4144763469218091,0.021281176434541027,0.00876616448498697,0.15176772030170932,0.006464953705604185,0.016257318035017978,0.009340585062587226,0.09623445869839573,0.024749234179147903,0.0345832347541669
synth_M_65_106,Male_60plus_srdc_poc,0.1295934493096995,0.06428859029932353,0.016125250346803396,0.025690454478634904,0.06599077046813466,0.029835472431282338,0.0476828625895234,0.02704551618856646,0.14997865972453117,0.07601864043834285,0.16720112789624345,0.079029324336269,0.19004866963605424,0.42895548466591277,0.014418270182665288,0.14494862166768852,0.16892337007030742,0.0055651713110020295,0.02693420193233025,0.012496567726705701,0.09251114587943447,0.03414710356622286,0.12931931415368383
synth_M_65_107,Male_60plus_srdc_poc,0.10227730603154088,0.0281177325528752,0.01930450946047816,0.010454333205429153,0.05501332202810501,0.03740667964181959,0.014144533972243797,0.024055849315666004,0.08966245091795291,0.053433197058243495,0.09898792596766438,0.04363572942415629,0.11632469204004381,0.35518962723027175,0.01120586892999746,0.13244381848516476,0.14290643723061697,0.006728552076817607,0.018637479821306726,0.015034834038568529,0.06430496100541658,0.025719702788876517,0.09649032407237401
synth_M_65_108,Male_60plus_srdc_poc,0.13586931596527907,0.19984826388639446,0.015512524571727221,0.025466929196849307,0.057102507019463414,0.04540942182838726,0.05096542697601479,0.029033722696258746,0.09492440762863534,0.05941655526506074,0.11773881522936783,0.08051036212151658,0.30422098774289014,0.6005140126770288,0.025888832078980767,0.20972382159301062,0.20160128113763767,0.00651204231591791,0.019736081930939068,0.0172510694420461,0.09914914951607098,0.03339163688196903,0.05649471252338112
synth_M_65_109,Male_60plus_srdc_poc,0.1145553779050835,0.017781713112909506,0.015643212634140143,0.012153882968277104,0.1725186441321448,0.07129695337345315,0.019511019193389424,0.015669994603636998,0.0721610495037586,0.02621065894252373,0.06666770951093527,0.03145403920652851,0.1876748201476731,0.2709197727509656,0.015398322814630347,0.18544764840543237,0.20958100450891937,0.004531249780861933,0.013272254895186849,0.008512239018386838,0.10877074858704094,0.028736555755255702,0.006784217769546121
synth_M_65_110,Male_60plus_srdc_poc,0.0882800228318002,0.025420844786510462,0.016097052606404174,0.006582733150722577,0.040486728225395646,0.06251589728811673,0.019299906314926504,0.006996980635317031,0.07495420369003578,0.031202901696430505,0.037733387192691,0.02650169766972638,0.11705032848863269,0.42995277157764455,0.020135717465730556,0.011393366820620003,0.2194516310261801,0.01207426809201672,0.00792417754477021,0.005068883211213817,0.06956573535725709,0.021393541097346792,0.005689674769120729
synth_M_65_111,Male_60plus_srdc_poc,0.13285741492471168,0.19188691053602228,0.018196110219353075,0.015726536902293947,0.08082146018029848,0.031858741274254136,0.022059552835962264,0.02006718236055988,0.08954306474790005,0.036182197370311614,0.19151225161773433,0.06521720676266558,0.17348172851785879,0.5623269502779292,0.017637696040048532,0.012360565308457609,0.19905905768944274,0.0058663186622486185,0.020333816167878983,0.016696781166930342,0.07115498510765121,0.04819743560847346,0.027358106987311857
synth_M_65_112,Male_60plus_srdc_poc,0.07310378053456715,0.01048849964190893,0.01593396498922654,0.008701060088970787,0.05467318428688192,0.06052797729918202,0.020170883029066857,0.01657791608671573,0.07481951004890539,0.02150092543614784,0.023830329310714733,0.056791129047993036,0.1156283800207996,0.1962573504283802,0.01818923826132558,0.0032145748774509283,0.19489025578299665,0.005536151855506213,0.009416776014516305,0.00481294722964827,0.11394733615461636,0.023067611132790974,0.011988791667210733
synth_M_65_113,Male_60plus_srdc_poc,0.0839987828868862,0.036562849511338015,0.023050128957669024,0.012195953894961257,0.06974650966068278,0.04422149424168084,0.08813791572177568,0.011861636344694025,0.08489809591232907,0.05782254901120041,0.14470866902439777,0.06065376900097535,0.22016805792167282,0.3542465866072566,0.021213438836075297,0.0157327032256506,0.21389077315860452,0.010173568678363205,0.02940201311390347,0.02319343236102015,0.0856543000916799,0.025445656317685347,0.030066412341655826
synth_M_65_114,Male_60plus_srdc_poc,0.14720217439717095,0.06922833683895194,0.02195633225876786,0.011530208238069085,0.06650494830936324,0.05928859074233326,0.024425009620271172,0.017413492494145283,0.08892282123317506,0.058669837022940055,0.09545683292153859,0.08228268444894024,0.21615518982853685,0.4772343726323239,0.019096929704292026,0.12020855722234886,0.21105364256976003,0.009102381418151539,0.02018356694318673,0.014336385974868696,0.09631127701105209,0.04795955767617471,0.05853992955329932
synth_M_65_115,Male_60plus_srdc_poc,0.06559170060057926,0.03726159128728381,0.012883763120325737,0.008809042988480191,0.053766435487149086,0.049568395282653645,0.021441838432733527,0.01694395795530504,0.0751569112210003,0.02757772628800799,0.0434580353250693,0.04164862422281993,0.16121218081865882,0.33021843488440183,0.011282997655106498,0.004250469982103096,0.20070855530110052,0.0052397173879291815,0.007385880476193243,0.008074090403455962,0.06411532414271427,0.014943493963470302,0.03326485797290809
synth_M_65_116,Male_60plus_srdc_poc,0.09887672169477414,0.008879752473367532,0.018566953921857754,0.005707757842694011,0.06539346240571173,0.056149467735780764,0.024420501487519838,0.008338261044550415,0.07937674831224842,0.04364608838720553,0.07734097154365346,0.03228918094793431,0.13299774456728558,0.2718359502495174,0.019993461827279766,0.01702354270790762,0.16213156526449793,0.0076235353196599355,0.007900699179576575,0.007926504520053815,0.07667566331430663,0.025165834694838626,0.017356701586471457
synth_M_65_117,Male_60plus_srdc_poc,0.104315584366957,0.03252173818995527,0.01521998042878551,0.007439562269978483,0.04685863534612145,0.04458304770469722,0.058495129055488225,0.0519235822690903,0.12856948144081984,0.028826044435662362,0.19036355027546198,0.12838143667018573,0.304026115358105,0.522429388897955,0.020944402261528782,0.006405073512857885,0.18762687574767703,0.007374325201940516,0.0169218917871145,0.007902358611965653,0.10498428844313512,0.029247596066249795,0.030351029478889187
synth_M_65_118,Male_60plus_srdc_poc,0.25257983574292214,0.15833639205054054,0.015665955832377326,0.008855040018508648,0.06275938212436076,0.05754815235223748,0.11548760661766112,0.03572395136770024,0.20934658128275996,0.07811374414156817,0.3684634930816067,0.18973996559432574,0.3887198472658265,0.8257576661507418,0.03391010923502191,0.2741783531036224,0.23312398787918595,0.013027478527670349,0.0337908497191122,0.01718679242899068,0.08891154598781396,0.0509784882522111,0.015208651659048405
synth_M_65_119,Male_60plus_srdc_poc,0.06864989366756753,0.028308091321548684,0.011912144783258263,0.010356232803788704,0.049492328467628535,0.04024223037036688,0.026294772367858682,0.021353960371685677,0.10791648250710623,0.055312763482438,0.14480655193471004,0.03879920053592652,0.26108282580980596,0.4582061772306214,0.013574664794624651,0.008135753961008966,0.17681657515903962,0.006606349068074328,0.013723396694382353,0.00713559941971134,0.06959025120549163,0.02978028368823625,0.010646641930719195
synth_M_65_120,Male_60plus_srdc_poc,0.26785049799747973,0.044885129305620115,0.021886492508152874,0.01529798964364743,0.11005713913568156,0.04736203761167085,0.45632984197987425,0.05417114068665905,0.21115905053486567,0.0774191786112124,0.33195735363046025,0.22349564490201854,0.3411466958722167,0.7298072392582151,0.03583006844826212,0.4056201616351528,0.20523846107603758,0.012845985597183718,0.0600008636892438,0.023889209264647354,0.17645183168157605,0.06165742938516225,0.01274554012960068
synth_M_65_121,Male_60plus_srdc_poc,0.13781590519782413,0.03607566363786877,0.01796602581865837,0.008238172476096275,0.06320499837868075,0.05555257292054277,0.08029979137233009,0.014187289740834073,0.12374767513934802,0.051921058755953105,0.0632375071552276,0.049363204171122596,0.23305018421758056,0.5432520155565258,0.02626464944615576,0.01766429906415796,0.24067842893079286,0.012717710789805287,0.030010668439795007,0.01599438092267469,0.09911191168218647,0.02161983315692532,0.01219250454593045
synth_M_65_122,Male_60plus_srdc_poc,0.19891128791878473,0.1953796895840622,0.020924917221771283,0.014393980302475072,0.08359443234302195,0.04384956662158281,0.034018268820559874,0.05706839349919608,0.16130820954950095,0.08526515874480113,0.06371754912086977,0.22022264854723017,0.264762095362485,0.7065462281695478,0.0357679191712204,0.16432522922565704,0.20252214863112777,0.019667965854423975,0.029334768229257013,0.02089683550310492,0.23069590967264408,0.050055638999070874,0.07471932950589952
synth_M_65_123,Male_60plus_srdc_poc,0.14721784034467794,0.3668842058253331,0.01886664978381614,0.025355159591480856,0.06626398459946271,0.05604805252641438,0.18143995831423587,0.029926119123186233,0.13010083532306668,0.09301124977666916,0.13044151070699417,0.07831640363920395,0.29223823122513626,0.7776746514930644,0.04383923800291408,0.06196419342411027,0.18235831757071555,0.008946827474914947,0.0382958720406562,0.01658908929153979,0.12298310897156066,0.047723574125738286,0.014125225009348761
synth_M_65_124,Male_60plus_srdc_poc,0.08377555510574429,0.11729838632663407,0.01725804938745072,0.0244390845814877,0.07492599918900149,0.04594774713668646,0.03960180848120593,0.03329251709489409,0.13833331649634492,0.06467004282278628,0.10317970841844905,0.04959442832455591,0.2568610212230002,0.4595602174236373,0.02140067817129109,0.032895696995554446,0.19518668667764671,0.014983168503051068,0.03674779883391672,0.015331392060935436,0.10299902461975484,0.03534441254588216,0.029708777104764494
synth_M_65_125,Male_60plus_srdc_poc,0.12195867075611766,0.023943070864184415,0.01735578851836767,0.010226713907931256,0.07462179889710507,0.02889810970968143,0.045707892971237146,0.41283965745688783,0.09810797503112681,0.03754007146638695,0.18805169389418397,0.05978307451162672,0.19047507406582734,0.4825853073983167,0.022498912177608337,0.03669303925290415,0.21128018546923458,0.012890257512461218,0.011626812946991333,0.011627761878126353,0.07076877560869839,0.04526954697997994,0.10701732575706052
synth_M_65_126,Male_60plus_srdc_poc,0.1149731546052446,0.016803656213630842,0.01424283221357342,0.007580075114037087,0.05079812412764528,0.06377742267054871,0.08782514669094468,0.015639678484451195,0.11178676296337901,0.02423182288032859,0.15855486240864025,0.033464044660239556,0.3306225975119107,0.5907922268095204,0.019830639251149727,0.09680614496159197,0.18721152085130682,0.004746144120100039,0.01185189285776532,0.006365497300949021,0.10947559349009703,0.035487975616185774,0.016688919312074845
synth_M_65_127,Male_60plus_srdc_poc,0.07512520556918285,0.004963031971303833,0.018068149072970063,0.007474461316198328,0.07883852805656918,0.06291922965804811,0.030708984900575574,0.015695650457472975,0.0792780181938594,0.040118784165897946,0.08484071338858086,0.024287458772101242,0.10941940316761745,0.2618173578298372,0.01502920616390182,0.01752256779431572,0.2184265699335413,0.008697308198359361,0.010771789795082191,0.007421796579018272,0.12144979867118774,0.026956673792361153,0.022661279157531487
synth_M_65_128,Male_60plus_srdc_poc,0.15785770828691212,0.02126200599748485,0.015191687063734005,0.007256557585260878,0.04165370878545462,0.035552104137364066,0.024823532617391165,0.020698992316374842,0.08697818584095171,0.04294318398354752,0.10077394623314082,0.06516340807645173,0.19224685560050267,0.461628903076217,0.016333883655744442,0.029745421081593875,0.2219574010837599,0.00521487605403749,0.01147739978117108,0.009911477446613137,0.08117760952599459,0.0317658111278787,0.021682536860255883
synth_M_65_129,Male_60plus_srdc_poc,0.07081167603815386,0.03385965677203439,0.016765291251848856,0.008590760933458421,0.061761039131488366,0.059150925088365364,0.03188786295279344,0.0120537169876849,0.06978469034165584,0.045621180408752994,0.13695317299860635,0.016393972862366657,0.11537029578141582,0.4570356524968984,0.009288113123765093,0.025147698784320577,0.17628354391722237,0.005597774590900956,0.01387739586075625,0.02958236467770716,0.0804255276039509,0.011649873901341217,0.010715502150986456
synth_M_65_130,Male_60plus_srdc_poc,0.05548986589934488,0.017408382426503204,0.011083407438451324,0.0035178402043493616,0.04610478930194878,0.06347700405897708,0.014911221947831252,0.01107838975804961,0.0584741785625624,0.02503709286543376,0.027913625309260115,0.018183220280116916,0.1184759164760292,0.2941092247522808,0.012121039712742542,0.00289394343350522,0.16278296301546238,0.002649442807375403,0.0056691988827363435,0.003794346935820022,0.09510755407646104,0.013591064566636411,0.007421264599238077
synth_M_65_131,Male_60plus_srdc_poc,0.16342252604834087,0.04163950398368527,0.028586907210920595,0.032621915033368525,0.05625766118051089,0.08035086706264197,0.1912416124888603,0.012288862034967865,0.09355913376607469,0.05933615541709075,0.0597269508307954,0.04807413282344548,0.19624370121371307,0.3002720461100509,0.019157053043570328,0.11633377028411969,0.21477699045189705,0.04155793885324241,0.015810169293328687,0.010874051960841307,0.1317366378910601,0.023567835689217945,0.012989251645011624
synth_M_65_132,Male_60plus_srdc_poc,0.11663176034651043,0.03967121560004382,0.02103338647606506,0.005250155942523844,0.04396230392859539,0.05195593628843384,0.05227319960485256,0.023119619931611164,0.10297056971672133,0.07343413849337166,0.2295826601397061,0.05067982273809161,0.14801003808889854,0.6631089865204991,0.011740832296773718,0.26515676950883793,0.24108927722104648,0.008515496488869498,0.011976781795158972,0.012749693631476232,0.09996958226022665,0.024046004055571796,0.02705685193593448
synth_M_65_133,Male_60plus_srdc_poc,0.14705790471931493,0.00511404516363544,0.013824650771689047,0.0028643569633972307,0.05276632007095583,0.042843052098484,0.0401285191353698,0.028974088291684883,0.08083775974710772,0.03640697236340251,0.11448058789764815,0.05145160640201275,0.10379196253463072,0.2850566964646407,0.012406781179330154,0.03713323865521079,0.18015424798926125,0.007477328227706784,0.010733353663428882,0.005988587808438232,0.08052417862436273,0.021051926678513983,0.016991947527738638
synth_M_65_134,Male_60plus_srdc_poc,0.07276069850763635,0.03345616430975341,0.01643597975757748,0.006911687364189309,0.04297198424684271,0.057216133027376666,0.017310983898940167,0.012116511944650467,0.05438314139216297,0.05115596318793426,0.0447842061457534,0.023667536758798572,0.09837270456023299,0.2744597306729296,0.018818243335784152,0.005139660547316855,0.17640480069963696,0.009486126391356686,0.011041640291412056,0.0054051022401680774,0.09848465348636094,0.01817089939972264,0.03216907280844542
synth_M_65_135,Male_60plus_srdc_poc,0.11214332933391144,0.02953669639370347,0.014849889544512704,0.01480719548059356,0.05853914508348904,0.04553644814437343,0.02672739480373356,0.07119505246671008,0.07058216864122496,0.04566524787943121,0.0943939418358526,0.05375339939229204,0.18744927199916125,0.3586640124234052,0.013648684567964501,0.006131577626816155,0.2175215173301707,0.010853123960209474,0.011538261045073848,0.009869588666362632,0.09491987836522763,0.04985808019128697,0.01843414300228557
synth_M_65_136,Male_60plus_srdc_poc,0.1896188598056584,0.02603396574568073,0.02259223814678666,0.00707081080174044,0.04893060962748234,0.06056372441857795,0.025187510853854973,0.006598799845298424,0.05741364153565597,0.03550599614166862,0.03785321525354069,0.07361118579427026,0.04521964252260049,0.2121912020660729,0.01265051085030958,0.10946472789202408,0.23574342269686388,0.004854244897204706,0.013596544318938076,0.007813065902650778,0.07751179050030955,0.014459456762017143,0.022094777184210268
synth_M_65_137,Male_60plus_srdc_poc,0.22766703288680495,0.12268227236997842,0.024303139931478066,0.019215307276923284,0.06988496270701126,0.05710388108072337,0.15509056782159336,0.02832534469754507,0.1354754382447176,0.07268031991699671,0.11653263360842768,0.1938018297878267,0.21460902667976217,0.5370531626765543,0.028851413597934975,0.16083555113234926,0.2187950495715208,0.010525177289391176,0.04173453438404233,0.029675659506992982,0.13492210241897049,0.056427165038167304,0.02005523834428696
synth_M_65_138,Male_60plus_srdc_poc,0.11488845036261491,0.022174518080963497,0.015111767045319453,0.010183750101152618,0.08704940039589433,0.041681551811319745,0.02540161844882523,0.02896611891414583,0.07568395615629148,0.028261616978668976,0.4805971820290705,0.04734826455754769,0.2650675318808597,0.5564835573489809,0.01633439838645431,0.039565638621301115,0.14409790437841785,0.007948945298706704,0.014698879126732274,0.007876213056900163,0.0974564066933764,0.036701623853007494,0.011743087897725107
synth_M_65_139,Male_60plus_srdc_poc,0.0545366785868224,0.018930230422567793,0.014583746212333574,0.015484948030589024,0.061240182112582094,0.05887051146050581,0.029334270507623068,0.010619793826976198,0.07983196011394263,0.045244609253039934,0.08265895720086,0.02305042625134781,0.17330385984355265,0.21427097317460844,0.011718423987776342,0.01523911518263468,0.16770990970438673,0.006975755296411945,0.01286347242890022,0.010508992817535576,0.1179909722836924,0.020826577015896658,0.008703905668588034
synth_M_65_140,Male_60plus_srdc_poc,0.47252747509078047,0.29479550418623346,0.02436760951100976,0.026641660290577993,0.10861567862342515,0.038494565039641424,0.5604939370614923,0.028124031809464673,0.25766247176450724,0.06906505160439312,0.20315023131631474,0.3244295905230462,0.3486164262666697,0.880821972632675,0.02547207157114597,0.3139779243047106,0.18298212590543114,0.016257196629261506,0.1080552069296706,0.022742456802226158,0.1497530409190136,0.10300080968820091,0.02422356796736903
synth_M_65_141,Male_60plus_srdc_poc,0.16851628750063352,0.13636020372825441,0.014773024495302552,0.011322332535584212,0.05371687415555533,0.047343282907233955,0.051885993884204895,0.014816817686556197,0.10607925158032365,0.04741085945733536,0.24998730878214595,0.06919861917140847,0.3328089241090176,0.532405437794439,0.023538384735563855,0.2573967761973498,0.14998175597570468,0.013363032630590469,0.016977241840170628,0.01892618657907465,0.11696969985504746,0.03484797135266436,0.03153757910825401
synth_M_65_142,Male_60plus_srdc_poc,0.1487224119101524,0.05674309024009518,0.015838917877024992,0.010470340308274049,0.06294282588496773,0.030971760863851134,0.0684694238749434,0.023221038972118576,0.12305160533324148,0.027035251401766523,0.26509704051287925,0.07584203498642181,0.2648979524112959,0.520779763896325,0.027833844532913404,0.027886142598708693,0.18802733824008785,0.008787488897865497,0.02756893179063261,0.02101776976267683,0.071410412686941,0.0516426835599451,0.04454308324747199
synth_M_65_143,Male_60plus_srdc_poc,0.2845437671912639,0.031175844036818535,0.026423802523777427,0.016898290725696916,0.07323582703178065,0.03691930824919799,0.07393122651800225,0.09264722477627327,0.10935455631874377,0.03719726959470415,0.427099200247371,0.16028055543759076,0.2029315385684888,0.5562954428884912,0.021654383936857435,0.2594119419890196,0.23973976552227488,0.025973315503113877,0.02891363394587803,0.023973672896159422,0.1009338477854758,0.04680799562883389,0.04169756985450891
synth_M_65_144,Male_60plus_srdc_poc,0.1131673555832755,0.054130949480528205,0.015253173679018834,0.007564354690436529,0.06183058228935867,0.06498906608907876,0.02142327875067356,0.010008207829240313,0.06892303523103845,0.0318389568035299,0.14137430295993253,0.02604349305191359,0.16852130832466378,0.5115984550792059,0.015922935104507527,0.00520545522097469,0.21621279949742997,0.005223826948747107,0.00831226897925743,0.0073502054457071095,0.08207445780735885,0.021489966087037606,0.00925064312492611
synth_M_65_145,Male_60plus_srdc_poc,0.13836747907765978,0.07084576051717986,0.014322387866958185,0.008696583235264363,0.0640495297671522,0.0382356510751354,0.033571796035790975,0.01784032796249392,0.11676170420318524,0.03839267782458939,0.20049013314648279,0.0590711452271805,0.2618903915954211,0.6244245224936837,0.01417186243875051,0.25810053784531645,0.18154625619041959,0.009600492268250509,0.015319368901052366,0.020990053313245896,0.08717475542101005,0.04126001219753064,0.03754921331193766
synth_M_65_146,Male_60plus_srdc_poc,0.1427363884438935,0.20096111980914208,0.018046768435233274,0.012351811564685811,0.11306763646932802,0.04245191390762691,0.06615343655579088,0.027350754897056,0.1097184134737461,0.052013647404747,0.5106936136786465,0.06460728604579988,0.28722913811988654,0.6432085449065313,0.021408679404386705,0.2291159402524885,0.1890647039160926,0.015687139824822657,0.030000838851649145,0.008117196621993278,0.096703000440719,0.05014491170944768,0.035794199908272525
synth_M_65_147,Male_60plus_srdc_poc,0.15833515905127224,0.035997529047868446,0.020724681052510834,0.009719812942199714,0.06089822223953695,0.04976894238650521,0.03938937636104034,0.0178200139783043,0.12405852126934475,0.028676464025235028,0.34459807774033197,0.11377060792683867,0.24397176494503084,0.5378405097526318,0.016146734795864783,0.2587197682584094,0.19816159232903638,0.006163602301811869,0.020847228218079425,0.010360514573348642,0.13417989570725994,0.028641245130422176,0.013615887603102771
synth_M_65_148,Male_60plus_srdc_poc,0.12030662869304251,0.03270259987432338,0.015843945783048697,0.015292987795145731,0.058246230638753026,0.038545664128864746,0.07388402134691711,0.018264282584538185,0.11005229360566601,0.05816770716837307,0.13113872686721387,0.05759712118651798,0.20852974532095894,0.4934110837586861,0.017539328105324412,0.08441356484229388,0.17224960452117888,0.0068234075368664915,0.017151167050802874,0.01112991993186165,0.0859033655601055,0.04273634655208784,0.032957582544934895
synth_M_65_149,Male_60plus_srdc_poc,0.10421894766420349,0.04344214959436002,0.018933304570414568,0.01321401002351767,0.07743816498787512,0.04147451714903641,0.04167099881228785,0.025852253766422223,0.09244540076914592,0.050538299437193575,0.15991463971896014,0.04153120603456198,0.2064159025731826,0.4706238358503125,0.012220418521227286,0.036559124807052486,0.1571517683271342,0.005986653507788732,0.01839754852531649,0.011045060340461283,0.10781368350225036,0.03233682847127642,0.012315305937102491
synth_M_65_150,Male_60plus_srdc_poc,0.13160783665210363,0.06249161711161802,0.02167847547547645,0.007690008105278025,0.04808112187715785,0.044247153906639844,0.09422195125971553,0.023539210088037468,0.12896783499889058,0.04076997800509173,0.4025952233456768,0.0833457263572335,0.27529758018308,0.8266187226101506,0.023393371735305184,0.2810238589095336,0.19742795721500342,0.00614093194893206,0.018605072975620005,0.010308324130956293,0.1383978155636658,0.01779947928349526,0.009454987887380513
synth_M_65_151,Male_60plus_srdc_poc,0.11879043475131122,0.014035184691931242,0.018465163236591583,0.006538343853485334,0.052714617692772574,0.0347652200006084,0.02924279178046264,0.034555246793353436,0.10392524601687808,0.036621430418721256,0.1872710492467805,0.03206084841141665,0.287751737400517,0.5711099042005156,0.020807906275363285,0.08291699862375262,0.1637803735713262,0.006664621040634814,0.01818061943479527,0.005808317842449542,0.07561485728592704,0.019734047415985223,0.06431133096799649
synth_M_65_152,Male_60plus_srdc_poc,0.08820611661128581,0.03379493030326953,0.01263699489098491,0.008351455371164322,0.061890920144708386,0.04749405608474587,0.03209637422633585,0.03778654218098135,0.0749389252303143,0.057212751577665324,0.16365778263261935,0.05568083608125147,0.18450712202042904,0.4090595789248914,0.0125577615536294,0.013602267587939039,0.1362487772165992,0.005358378826252811,0.013451258530055991,0.017049874489134777,0.08076940154995767,0.04095615016336848,0.022802503280247435
synth_M_65_153,Male_60plus_srdc_poc,0.08783766703941653,0.2125303099326517,0.01835574163366162,0.014762608636678895,0.07246999239485678,0.03596449676629547,0.10013511372359693,0.03253170669340211,0.12958958827147798,0.05756257829624956,0.5204137528096954,0.08607518528359911,0.36975667992951566,0.7664687889037737,0.02667963319023674,0.08937719524077023,0.18994607109877165,0.0076257984587711275,0.03678422370548513,0.021549384321604605,0.15049414512832024,0.04257502734486737,0.015549640675473483
synth_M_65_154,Male_60plus_srdc_poc,0.10454248832422376,0.02730557333479051,0.016781514456367986,0.008255220844526628,0.054355167827060735,0.051220445862385354,0.02732790080450092,0.0107176450669023,0.06456932591214071,0.023151763925581305,0.021810960354759528,0.04285380333525232,0.08459875349705326,0.29378509112807755,0.011142516542163446,0.013154400123657902,0.2501598055898564,0.004192241035000663,0.009811128764778503,0.013354773419988263,0.10053761101238563,0.018217756561665077,0.014351619904885891
synth_M_65_155,Male_60plus_srdc_poc,0.07532991071964175,0.005782325575054236,0.015964098798233944,0.0035055855309484166,0.05475129731432865,0.057529490880277916,0.051679847366280104,0.019147599210776578,0.07270244391254559,0.03074566152706171,0.08976597924841138,0.02829309055086971,0.23051658909132197,0.44953934633058207,0.016121963213263778,0.029643043878949452,0.13777327505344242,0.005016953583087854,0.00653945230101824,0.005835033114989755,0.08372982681111998,0.015007370946441698,0.019815277723951773
synth_M_65_156,Male_60plus_srdc_poc,0.133563765102104,0.019554153728387307,0.02765402533477449,0.008732049019701689,0.09025870012590861,0.06165696385074678,0.044996824034563884,0.005755526852162524,0.08300259407237208,0.04148609171676002,0.04525306219494816,0.036351992736198706,0.1777327819473416,0.3329446833237512,0.009967155646604156,0.017963823635606134,0.15969649908160669,0.004230330188905722,0.01568394976776442,0.005643596327286346,0.07506739037059439,0.02197282994190109,0.012230137703400925
synth_M_65_157,Male_60plus_srdc_poc,0.08722775428730227,0.034513996966548076,0.011912789249506865,0.005680535478015648,0.050401047398401504,0.04106282426532717,0.024510946580614826,0.03065600839716803,0.07393767041060334,0.04862175473179365,0.15361040707617993,0.03576691197201773,0.15540433477483576,0.47555723634773583,0.012900618734625153,0.07946095964825622,0.1623373786312596,0.010377559277597278,0.008805573908984553,0.007789598757061203,0.10584080672492838,0.01641140345458474,0.014656334514060404
synth_M_65_158,Male_60plus_srdc_poc,0.15792258464509068,0.011048665566190809,0.02097924697947405,0.006690070264539846,0.04834744836589681,0.048820353922163814,0.031469542519535224,0.020079726061365002,0.09549577318264348,0.030654907377492747,0.10274167876643851,0.05564737981088813,0.17406059661748757,0.4175009684211252,0.015711668127741878,0.046750122740168404,0.22756795820592862,0.005901797582119059,0.011659995817666052,0.0068801820678960944,0.11158342227614468,0.026699390318725293,0.023630949131180773
synth_M_65_159,Male_60plus_srdc_poc,0.17072966698768785,0.042292318707817494,0.020549654344417786,0.01291429285022384,0.04048965661698391,0.05595651370444966,0.02782177528466548,0.02679876155920551,0.116739109805486,0.06287781460980904,0.3822272802981977,0.09894802510286477,0.4386287419713747,0.431906691231432,0.011827322037743688,0.05431695380582209,0.19934394805465377,0.007266527931394996,0.02734066496113283,0.013274880764911146,0.07694005489428156,0.06546400814157363,0.09939675952823228
synth_M_65_160,Male_60plus_srdc_poc,0.15938220229803213,0.13788174612634285,0.0171907346490045,0.01113207388895864,0.07844607787258846,0.03944994955168409,0.08849131205074741,0.024089011302979507,0.12615820969750188,0.08983153939030819,0.162949926840091,0.1373414406343411,0.19787724475810436,0.7622033918832406,0.03374447457870609,0.053344284006114746,0.18238239016856989,0.010655050115999919,0.03924189082922641,0.02449475050967067,0.08331889105498048,0.04707149762512855,0.0392825372821368
synth_M_65_161,Male_60plus_srdc_poc,0.1082884898452626,0.11421783040775402,0.022355539222174047,0.02479279791441252,0.08733639461608221,0.054495937519597935,0.0845022499880662,0.04729411590703879,0.15355524012736535,0.09822217314581673,0.3716746146296409,0.12317647685788595,0.30831360339646857,0.7693173739280343,0.033240453628837874,0.061823387859448874,0.21609744244849663,0.012532691783566344,0.042884136051086194,0.027665535844178267,0.17683238205081825,0.03389928295519807,0.03152291416439163
synth_M_65_162,Male_60plus_srdc_poc,0.06713183327136683,0.25613332801648003,0.0159073055789504,0.014497500597493839,0.04958216844351999,0.042731009027407965,0.023960449515180657,0.02498576246214382,0.06655234921708188,0.06268825145519087,0.09181466934073655,0.027035536927617815,0.20061414960597426,0.4685299336511474,0.014972697292139361,0.06058963140069551,0.18387795074091767,0.012636522733124073,0.011018629142056275,0.026358368073662118,0.09139242244940968,0.020534467458580195,0.03641024941914661
synth_M_65_163,Male_60plus_srdc_poc,0.11915766209270183,0.03790424472877393,0.014110763557741521,0.008692734698187382,0.05264865114345052,0.04818646790859362,0.02502082530510348,0.009157196668113106,0.12227687568213344,0.04393979798777624,0.646417776055708,0.07012134471292406,0.2450773582169096,0.6013738268151066,0.014844419204530942,0.024289358220922475,0.1589599994766637,0.0055028699966615715,0.01912068513826268,0.007059150219027116,0.09773266677728074,0.022123624466500902,0.012661135609620155
synth_M_65_164,Male_60plus_srdc_poc,0.16239783849549666,0.05773632576974425,0.017908153138595406,0.007088040107566589,0.04546244515018468,0.0448889576468774,0.04262687325868607,0.016110131444617495,0.09952115337958022,0.04117383011347778,0.47199050508249274,0.07673870945643832,0.3393637348942088,0.7032384675323553,0.01867490864943956,0.24056541283788718,0.18695339648784975,0.0076130396343040835,0.017060787962627014,0.008072267462262967,0.15776044627349864,0.025995216867333373,0.024777803256556825
synth_M_65_165,Male_60plus_srdc_poc,0.1155133489549524,0.160442752629246,0.018735920249583104,0.008199155929558864,0.0500517622376707,0.043786746021871374,0.030041635953626897,0.02548034123015046,0.11574128105006347,0.07896156022305563,0.11875340775554821,0.053783332624228304,0.20792773018096877,0.5974745917266379,0.01905306673442745,0.23573367592537292,0.2036479425017058,0.005322470668159308,0.01381764003641731,0.01125481816532844,0.09469082283635087,0.030648620235405252,0.025928771436614127
synth_M_65_166,Male_60plus_srdc_poc,0.11357093777948864,0.029168310489647492,0.021410498475578268,0.011838173970155517,0.07154392706254764,0.03315733036432803,0.05427113966698707,0.015145935489887241,0.06677555407582499,0.041707098836557085,0.07019899774657615,0.07831245839784301,0.14697178531635569,0.31223534028703503,0.012394657168631976,0.00844217819138469,0.2287352871631486,0.009258488239264465,0.023041874221304607,0.016998144741511165,0.06532531258917366,0.03148707154365364,0.10698900946780063
synth_M_65_167,Male_60plus_srdc_poc,0.22340072915291764,0.06905579982913297,0.019208623029071756,0.0036930160109498833,0.05588236398875764,0.04809754763049092,0.054728517826245694,0.013716328219024146,0.10006731756910084,0.025795212532512397,0.30366446551453163,0.09377510403418073,0.21797581943581157,0.6963018260578909,0.018476744122672875,0.21633994072546814,0.1950080920328538,0.0031883214788989674,0.014776206096251097,0.006191918990191229,0.10116908460802634,0.03804479902084614,0.014684221739519
synth_M_65_168,Male_60plus_srdc_poc,0.12097997150154997,0.010059061369402293,0.016766252835501184,0.004474699277939981,0.04652669494144438,0.03812741140548538,0.0766949221756579,0.023857704017428507,0.151368414228589,0.027570380752802364,0.11569924119767358,0.05685696935731478,0.4160128466600477,0.5929816102819118,0.02230652074778354,0.04774381844250155,0.19364346907122057,0.006467997295350581,0.014374485602446222,0.007846211982973013,0.09284811969648554,0.025737514358715588,0.026209052727885693
synth_M_65_169,Male_60plus_srdc_poc,0.08995154920485739,0.05005453284180775,0.01708520334694656,0.020384529245528214,0.0708464955698659,0.049105978207103995,0.028160769667872964,0.014649191447509199,0.07459957722144755,0.04040690656600259,0.06065507929553298,0.0224535169252062,0.13051910974304637,0.4122673869639158,0.015873862657946047,0.026347641774158107,0.22434704411495454,0.007740106422383758,0.013025872614068705,0.008828850775915317,0.08073947813727927,0.024769935020300907,0.05280575912827142
synth_M_65_170,Male_60plus_srdc_poc,0.09032116070357155,0.0306780543745015,0.01926659420381509,0.010006716468636231,0.04780896074105194,0.054140307191677006,0.016410811822934458,0.00841397660782159,0.06758851879180042,0.03424865617293119,0.042918946739546285,0.026039567955258254,0.1535723203376689,0.3030908822027925,0.009694408590067009,0.010064642698818274,0.20328310714711284,0.005409179911446103,0.010969023022571299,0.00776038380462299,0.06722110009285888,0.020548201184095102,0.016393807065398357
synth_M_65_171,Male_60plus_srdc_poc,0.11673002196851744,0.13845621999898244,0.021846902761694036,0.031178869701779098,0.0932677746664882,0.03560781946583201,0.03301390811621899,0.01777116515433476,0.09505917271833139,0.03979458943283142,0.07446125888301988,0.08124334462994955,0.25809554643860877,0.5625597033447788,0.016020144584731628,0.05406802103014702,0.18836911937997422,0.011548345231846164,0.018668322867836363,0.009910451524682316,0.07872559754035177,0.035588882422475515,0.03784917374401944
synth_M_65_172,Male_60plus_srdc_poc,0.17081985975434094,0.11959272898816956,0.016321240164143186,0.01138840848450101,0.07856961809986339,0.0449625505519988,0.1369951372942825,0.11557055236774308,0.2301876187078748,0.04053713350438464,0.6763041596319198,0.16713440251266334,0.35189978923139253,0.7682619794474366,0.026134792516479894,0.10491185495801993,0.2046733658944049,0.017292520665048966,0.04473186189516562,0.01616341899803004,0.11929632127392274,0.050813380895842586,0.01044800670716031
synth_M_65_173,Male_60plus_srdc_poc,0.1109284955532134,0.015298181628150052,0.01965118281535265,0.006976368902073579,0.05492180820620686,0.06140813174663163,0.013684627912855941,0.017420989425654773,0.09651648447931788,0.029418016936848944,0.08344176324753591,0.06567369454015576,0.191171349764874,0.3693892909358654,0.01861079564431098,0.020136827326985993,0.1863412955971745,0.00657648541750473,0.008665011520037489,0.00819584975218443,0.07052654289917927,0.033419941576168156,0.028266392833253384
synth_M_65_174,Male_60plus_srdc_poc,0.09143747870167061,0.11780266964564975,0.013965758877308438,0.005850686815335596,0.05457164896940271,0.040271981847673194,0.03301271197786055,0.012524935636430682,0.11634482780863725,0.07159950900019922,0.05623923332751057,0.045725575197052774,0.3070460066320059,0.6835388226807833,0.022632767476799442,0.021219997261328262,0.15332359075972474,0.010113868866399993,0.016227771438357415,0.011435843686085773,0.08154892582328967,0.0214789034226404,0.008887748400930375
synth_M_65_175,Male_60plus_srdc_poc,0.16694803224965127,0.07950828487207007,0.012142687390967851,0.009570623153280488,0.06280752633974164,0.041235051974153177,0.03313530020200893,0.05287802611969853,0.10508403495293067,0.04456983413416332,0.07774342453277691,0.03863627150126368,0.14306514064803433,0.5839041679615906,0.015744237858245597,0.016935881695825834,0.16736458712072186,0.010453246399174042,0.016250618706662227,0.010098386104227563,0.08124892308605934,0.02978788315040218,0.032069701117823014
synth_M_65_176,Male_60plus_srdc_poc,0.23623072307488116,0.1007618616568963,0.016375869716499524,0.022210943268527076,0.1225111121242191,0.02738632089031995,0.11688250235774983,0.09372651399296737,0.19278790887753272,0.03646257163004817,0.1691473977265156,0.23791490154356554,0.3665608550879052,0.6970008284474546,0.038495450417932335,0.011444770477876042,0.24976713470852097,0.024500986475364753,0.07945037575985167,0.019417740989744074,0.10934256268284821,0.06555135185285477,0.04335574390236362
synth_M_65_177,Male_60plus_srdc_poc,0.1812983868434916,0.06826322057480162,0.019297147088572865,0.012255737463706964,0.05451881361575499,0.03418908360438754,0.038121168085622235,0.06898368394724072,0.15953479855622826,0.04251566336717313,0.08948186466844037,0.07891208112215012,0.2766620916490811,0.6896202491696743,0.02740152426561502,0.2505122738705784,0.19428878891346768,0.007852890462594854,0.014844612462533336,0.017255736122801107,0.07636888524250018,0.04147914750267055,0.028114611811316696
synth_M_65_178,Male_60plus_srdc_poc,0.13231401570107557,0.06685168000266944,0.01804374094704389,0.015294586772161011,0.09074347692001818,0.04192649671498712,0.024840012865770998,0.03453846975750475,0.17781755741606212,0.07073308477611465,0.1387202510340121,0.06329127669252241,0.3243821414766038,0.5386250781988334,0.01898462615619597,0.038478996949750224,0.17625654677925695,0.0063785637561752685,0.028412409703594696,0.017758790664084024,0.06951655900097163,0.057903013602143644,0.07844944045930669
synth_M_65_179,Male_60plus_srdc_poc,0.11166205783196931,0.016044679757883467,0.014781652921227434,0.00932137545355006,0.042469921299249314,0.03253719731271225,0.024483333075069984,0.013806900215774909,0.11326092963070594,0.04009059261347818,0.44067354376932505,0.05380852513193405,0.29087896988160566,0.4741829362536037,0.019446193395762534,0.08954751017697585,0.12689192062464144,0.008404022031692436,0.020104466892740078,0.0051192655903005485,0.07115579635801599,0.030956473134754012,0.04220870567004663
synth_M_65_180,Male_60plus_srdc_poc,0.13611654894086186,0.1047304981499781,0.019554167813910856,0.00989574869549815,0.06131040553375683,0.053250726455157875,0.08851531642973194,0.014092220720911791,0.1273565020719338,0.09184144312050421,0.2595606746145237,0.09117883889825137,0.22142147256614236,0.6811724440330472,0.018433182211678886,0.028522810256810225,0.18008870679214745,0.007225797913345689,0.020498518225452782,0.023577657855244606,0.11192601923601664,0.051016572598707254,0.029492659687190927
synth_M_65_181,Male_60plus_srdc_poc,0.07890189852188577,0.10784707061439316,0.015820182087354077,0.022981613328279225,0.045651630640133584,0.032727457457918954,0.028637454941851444,0.018175081141345636,0.08708343155138062,0.03427066389355401,0.47263234539598287,0.054559122288279076,0.2672646499773215,0.6980674173581543,0.012782606892758806,0.012732988714663046,0.14749512973602355,0.00449479585486645,0.02165785614131644,0.009914124052536718,0.08145307834359244,0.05479423904254471,0.09511191552979233
synth_M_65_182,Male_60plus_srdc_poc,0.09523638929039512,0.01892579837396307,0.013960688129629547,0.006482126827126027,0.05913932349485432,0.056002485723802266,0.039356686428546686,0.01608706612015441,0.11289766143160201,0.02992791718620158,0.350461447058855,0.04931374939620401,0.23226151962511518,0.5472564935725805,0.016447557328027506,0.02617253980695392,0.18553429602169577,0.012443480868455382,0.02131494714423034,0.007265251407345617,0.10665398220437385,0.039474598466249664,0.03735297876506959
synth_M_65_183,Male_60plus_srdc_poc,0.1477719015522747,0.019234580235076654,0.016789229790935566,0.008467503296552891,0.06617133438698883,0.04634710102028739,0.0609569062136032,0.014909879140585782,0.10705578746289861,0.07452937055999122,0.16448681395928974,0.06044549416314379,0.20889897559549514,0.4434981531890915,0.024586916492756884,0.009323749552586606,0.21129735479239153,0.010033108708406928,0.027464566974466066,0.011900786318921618,0.08150280187670647,0.03859831322259356,0.05129370565033454
synth_M_65_184,Male_60plus_srdc_poc,0.1287692567645569,0.01007512687768092,0.015579298146139814,0.004188676239288924,0.04577795878155088,0.04698299853572861,0.04314395177100595,0.015382468928830871,0.08985616884031875,0.025153455391554797,0.15213959261958776,0.05821413341974347,0.1824616191361342,0.4892466810278956,0.01733636950167685,0.24747780213983603,0.1805722356618692,0.006149918668708525,0.011447511049662563,0.004909897033844029,0.08886899182309593,0.021561040236219516,0.022475785054703813
synth_M_65_185,Male_60plus_srdc_poc,0.22087553269852053,0.043442473782100435,0.020330707990555936,0.005034674097958014,0.05857560555396032,0.04340591815575902,0.04331301835274982,0.016594977949199605,0.11701890637363119,0.076364927094958,0.17308854231781698,0.15506905647948716,0.2199956236420687,0.6401485294741517,0.03406113878683115,0.30846789430581845,0.1773257192493512,0.005927409458754253,0.021967739746323357,0.014411919983906835,0.11538138044549055,0.028404314412377847,0.018045676513470756
synth_M_65_186,Male_60plus_srdc_poc,0.11140123789140946,0.012820850056075495,0.01725484652123101,0.004722080324594356,0.0531572942831161,0.04832790690117264,0.03273924580700605,0.018900749527568,0.10002705343343776,0.047548558475451155,0.08975413285639201,0.03620442606992199,0.14886927594581245,0.39383804191158267,0.01648082518426264,0.049991604270235364,0.1513849496548338,0.007796033520967086,0.010051557969210699,0.00857204364475952,0.06251987574609262,0.028032556842860254,0.01807676741419319
synth_M_65_187,Male_60plus_srdc_poc,0.06503576701407233,0.033284527073746004,0.02175188684909286,0.015637722851078843,0.055274214973523986,0.04219473544518798,0.015865905018662283,0.014296387764066455,0.07820702878921225,0.05581663602926832,0.11820580651069203,0.022512795366753866,0.15639212028040955,0.37243921868402385,0.007658771384413029,0.005490228809459774,0.1862932742881156,0.009769765353563636,0.02020142459112575,0.006818888412718506,0.06886588399384552,0.03470629697809493,0.03336315546835318
synth_M_65_188,Male_60plus_srdc_poc,0.0940780119746772,0.08883613704180869,0.01980685664621769,0.00710185215323088,0.08557274558866837,0.05469028077552111,0.05641963048747057,0.016046476388532228,0.11472563176059981,0.04249294229057227,0.07131121382334793,0.08328483273963413,0.1965301758640693,0.6274101555241752,0.037505104180379285,0.033539014558109245,0.19753760598736353,0.006125243480347917,0.01466447240352279,0.005343876713486972,0.08719381893780831,0.025041106825311032,0.01996648595196508
synth_M_65_189,Male_60plus_srdc_poc,0.14410877378815481,0.027279174804026453,0.012998621218058896,0.0065393346980453715,0.05894004503055553,0.044504866641550365,0.043299199260652954,0.01391943299868117,0.17084345705082568,0.03798471506071031,0.17237194881924697,0.09965374797960007,0.20825645187371308,0.48455116592235514,0.03107990030174788,0.04194272630384148,0.1733610723021629,0.00561772011102081,0.020542524294051737,0.015557397531339646,0.12053850362727013,0.03230334997622574,0.02408634374617684
synth_M_65_190,Male_60plus_srdc_poc,0.12900385631681896,0.018932415595826885,0.019757734628714375,0.006091980483435088,0.0491691847215076,0.05561697426696528,0.037832582541585995,0.008507677522153055,0.06196690817945274,0.022707192644946052,0.07588772141161017,0.04900363953939189,0.13361131212869926,0.24394376850656863,0.013212350810699096,0.00599497224327885,0.23388000811878787,0.007648682514907956,0.012456707395590932,0.009363392132676937,0.07122129277549664,0.028491923828038834,0.0108942560546766
synth_M_65_191,Male_60plus_srdc_poc,0.2084394644795451,0.0602361439533598,0.016196878394013164,0.011366091932176971,0.06584013186490935,0.034183896970011264,0.126841279218887,0.022788523804684466,0.14233191433414874,0.03843798337567513,0.726166693524695,0.1054339049458275,0.3144330286453069,0.7271117089779502,0.02602008700117198,0.2466844490719671,0.17281454727114548,0.007816495240900143,0.05087399250154386,0.010393862827218272,0.09506834398414298,0.09736125989107766,0.06503136917868385
synth_M_65_192,Male_60plus_srdc_poc,0.11881173751466485,0.11351138415620526,0.025488767399476586,0.015648348612254448,0.06994862196352007,0.06624497128810872,0.027039720964608042,0.012694146574625502,0.10181480307326013,0.06383730091097035,0.08046425816987895,0.056444100604869284,0.25871533995627527,0.5503623403498308,0.02012931970016618,0.07792410827578267,0.21425487167450724,0.010264313049249107,0.019007527493900812,0.012033490855517102,0.08871828673639305,0.042485363388931094,0.037561317007896125
synth_M_65_193,Male_60plus_srdc_poc,0.2284211149339015,0.1488922420771625,0.01709711661097583,0.03221008820380478,0.10627744826389048,0.041904610525993674,0.0833273504598308,0.05169602822886003,0.15291182572387108,0.07157060059412047,0.4606309458318257,0.1463016311640662,0.27500258277725204,0.7743725063031208,0.035433233959379494,0.26323217613304417,0.21932135584349374,0.012968925157663755,0.042012208717091465,0.014684439501293377,0.14888708433603356,0.043057980612973855,0.07721487242973937
synth_M_65_194,Male_60plus_srdc_poc,0.08476115784306086,0.24045434519747735,0.018385037078278755,0.009668277793968847,0.05513457456162899,0.05075897061891669,0.04010587002087006,0.016064329306006344,0.09645543467224281,0.035897905027531374,0.22137629098154327,0.06054522830493094,0.211738185716211,0.5124069805565092,0.024743704615480516,0.008960577895060632,0.20749737008258415,0.009138538354743327,0.02913477825628115,0.010120822140090871,0.10712540633495093,0.03325664651472903,0.010513937036210428
synth_M_65_195,Male_60plus_srdc_poc,0.21181908464383895,0.026451557772980992,0.022682416142201966,0.025950598926429334,0.09404021092464414,0.04664340181557693,0.033280466316399776,0.029986881635338747,0.13904508779269178,0.054904690409063046,0.32581072425078295,0.10641717976822627,0.31209950261689157,0.4925639005296349,0.013105753380984323,0.1903033214991395,0.16461295270533774,0.007969310108312191,0.023329657851642118,0.008309813193378077,0.09876632663213224,0.037070333028443425,0.025467116807650757
synth_M_65_196,Male_60plus_srdc_poc,0.10462543796407917,0.02410077504430481,0.024467116471024137,0.0043222997884618634,0.05341270690341696,0.06134455956320481,0.020670196074550617,0.009597735087175286,0.08524902372530828,0.03987852857763491,0.08017841941883269,0.04170487326219544,0.1905836519532002,0.4780409479579323,0.024537531421055428,0.10657463509859243,0.18809910257786705,0.020206895629517798,0.010899684158406035,0.007927596410930377,0.07746315966752068,0.02363955492459732,0.027242910841435184
synth_M_65_197,Male_60plus_srdc_poc,0.13286003464076868,0.08396243091328719,0.02081773757329067,0.018025138760753224,0.08330827568762185,0.034632531593508945,0.08107096607574213,0.021010882053983344,0.12406452783806202,0.07167599770010741,0.24059034047923467,0.08192680860835515,0.19562188447908474,0.452205727557865,0.021524430479822613,0.015861961546809026,0.23764111918149453,0.008465455989671801,0.03377450698354779,0.01442165613592001,0.07956820551061389,0.0474516407148927,0.034022154140511414
synth_M_65_198,Male_60plus_srdc_poc,0.1053103610939502,0.05229107483142685,0.019140721980862148,0.005042715377690239,0.04905325476152798,0.05945747388542927,0.040071055730084806,0.010741103268326429,0.08340553566448745,0.03494068647575842,0.21196508371314157,0.03241523564164924,0.17567831862852196,0.6763313128409373,0.011192031692596012,0.10402593426100668,0.1558028439476543,0.005901323348950293,0.010973900113869672,0.008313350804049371,0.08563179372589595,0.027833131152345043,0.005573032743966945
synth_M_65_199,Male_60plus_srdc_poc,0.12677377752056404,0.01959247967674157,0.019428530566606615,0.009311529545762457,0.08701654436429085,0.05500040043121708,0.0461226573851555,0.009940331062807145,0.08694802109126994,0.04464448097618093,0.06776241348924639,0.021250076228482406,0.10706235215241514,0.32787724906612914,0.03615890887122611,0.01017020292271386,0.1821867932700743,0.009080421985370289,0.018605548064532275,0.01351680000578922,0.08292976626846472,0.021547444162968138,0.026218943007696525
synth_M_65_200,Male_60plus_srdc_poc,0.07401008951053901,0.01243682331364444,0.01527572592775501,0.005132503949925514,0.04955978726963946,0.05421593101686747,0.0269944831978224,0.02372338053507031,0.08786446689023261,0.027650903398763426,0.038773933813628814,0.02886768157503787,0.2203991491080754,0.2955533588893875,0.009598108061091773,0.010330689155000348,0.1668220981199917,0.005524000964469901,0.007388627047608338,0.0075844705849887235,0.05229531645829287,0.031956348237173166,0.025951136385434847
synth_M_65_201,Male_60plus_srdc_poc,0.14689612888458073,0.017166367015398334,0.01528306003133087,0.010843195993039892,0.04734026096090801,0.0396140038127138,0.019903775190033633,0.021558327883239047,0.11079394637464558,0.03482498439966235,0.07886142765101158,0.05202671816149197,0.2272849337030069,0.46521490551367695,0.01410406070327639,0.058790076768465205,0.16718355403474155,0.004903754000078292,0.015159165811753281,0.006439598423127126,0.08221596258719281,0.02700171803735343,0.044757688420558515
synth_M_65_202,Male_60plus_srdc_poc,0.11335055201504396,0.010352045987697699,0.013383508346100158,0.005901081726358226,0.04448747094662434,0.04397067340624813,0.017503122445121488,0.007555418078047838,0.0719904114563964,0.019899875747117962,0.027322893713314127,0.03223312444067935,0.1226436097846548,0.22236813121427515,0.014876161627143936,0.03709585989711605,0.13777226604725665,0.0033679470708589164,0.005887296483317254,0.005379946387163273,0.07230328135637437,0.017654842057579542,0.004616315584737888
synth_M_65_203,Male_60plus_srdc_poc,0.10111157244077232,0.15754436351077591,0.01713781812655646,0.00695956680648231,0.04800858711368988,0.03785149783199892,0.0381256177392989,0.01337179553152593,0.11461459958290879,0.03339020943160983,0.19167744493361466,0.10019132815038496,0.1595271298485686,0.5095089082244402,0.016926208717913085,0.006340464316036314,0.19272494260109863,0.007643335184332037,0.01849839971910703,0.006477857364314868,0.1220729959624229,0.01949587774002405,0.009486351574431633
synth_M_65_204,Male_60plus_srdc_poc,0.13667134157266406,0.08921393334377903,0.01402811322437401,0.010245236429855439,0.07194107566204332,0.03727430892440556,0.021634702729907983,0.014741329685824377,0.08422083189063097,0.02796102138620776,0.4055438245065773,0.042509247710734416,0.25936532827337233,0.6216365141037768,0.013174288593194805,0.02222716804851924,0.1494249295319463,0.005063570294404581,0.017383999283839924,0.00625981364725879,0.08531099188273171,0.05032795860019969,0.007416932194237053
synth_M_65_205,Male_60plus_srdc_poc,0.10040785339617841,0.01096772545719009,0.016619494327207298,0.007662956202169394,0.06683560171183374,0.03873923502624224,0.020973271410246234,0.009172400154722059,0.10846239879481877,0.02705471714889429,0.3065838923607468,0.03550054013058813,0.14981685685812518,0.29212980968876756,0.015217468554645024,0.02571397665232303,0.1736112072922887,0.004040500056636514,0.01149457142672295,0.004377813677571625,0.06439158016377662,0.027784765339684665,0.013062338163874837
synth_M_65_206,Male_60plus_srdc_poc,0.07260377240936113,0.0171359126756426,0.019568255009521206,0.00796077832182587,0.06723626771723784,0.04277763725776492,0.02196452372158131,0.018320257991794944,0.08788908897324357,0.048278595318801146,0.0699403111804537,0.04192423356676833,0.09634032545386495,0.19729125827839855,0.01780170709627722,0.010078915823063743,0.22315117304923987,0.009549632454404265,0.01098604595440422,0.012734262336334344,0.07593980982012544,0.025581256594230647,0.03658844428132783
synth_M_65_207,Male_60plus_srdc_poc,0.08373113435651368,0.06795861528849069,0.018502019236168482,0.013459849152184568,0.0603016963831992,0.04599762608847642,0.0324057853671273,0.011030747498830656,0.07817195708561045,0.0506937526850442,0.06953731515584023,0.029712605269524864,0.15063469602453303,0.36244232645257346,0.013167617419340588,0.008791226860697153,0.13628749731155662,0.009041912149901892,0.011492730021810291,0.016900803686247766,0.06484261692120598,0.022205368221365943,0.06090808706436083
synth_M_65_208,Male_60plus_srdc_poc,0.1644242487228784,0.17782220317168498,0.017925414292237762,0.012835227031871468,0.06119469889590343,0.04747416148263392,0.0345722639096912,0.025811422833104596,0.18814937266602325,0.05047160700407249,0.1595235569692141,0.12557847739597103,0.2869880468277846,0.6441144624684585,0.01704325056435255,0.022329886503102317,0.19352022425090934,0.01138920676863008,0.024798123272349443,0.009356308402164332,0.09331064471248858,0.033892347022743095,0.026180478545923338
synth_M_65_209,Male_60plus_srdc_poc,0.15542508353135961,0.04947975087562806,0.018003206698610722,0.010431597460861041,0.07804833301246009,0.03808484205889227,0.1618061941755033,0.03353292756501995,0.1329759132224784,0.02909149976491275,0.5392430690029041,0.06280295368058161,0.273349761984174,0.5157863018099754,0.019662250952476267,0.06040474343340876,0.15472024121252909,0.012544796243177732,0.028200896126032573,0.005962667334601459,0.08576369766637022,0.06073094266805736,0.011760540731893311
synth_M_65_210,Male_60plus_srdc_poc,0.07605156076339419,0.009186372450599754,0.016620821149908073,0.006090121290600492,0.05479124247540674,0.06430639555703903,0.026433270299486618,0.009348069297954283,0.0961662065161688,0.05980028613280228,0.04667580656184873,0.04364986804316745,0.14928566064908155,0.2795680833709915,0.016469648738081627,0.03502083623241705,0.19018291267429152,0.008415126128226185,0.009661847789944927,0.010133698861832642,0.07515006932460153,0.024879241738959747,0.021689790421276427
synth_M_65_211,Male_60plus_srdc_poc,0.09718858913421873,0.027466240618671697,0.01625422278366678,0.019131486551854402,0.07402432930488327,0.0515076455758432,0.24948956989443022,0.05500692399381104,0.11155656548325375,0.04670667087480877,0.17231184115601614,0.07965758258700438,0.12965211525241227,0.46180830833772657,0.020824966103930354,0.017430413884342365,0.3051353658511084,0.01028121904955382,0.022171719197751932,0.017235113753435418,0.09781057635202949,0.03449591172558464,0.022393385188593583
synth_M_65_212,Male_60plus_srdc_poc,0.09733037035339637,0.11859345132652267,0.02785501263054641,0.017207241224827412,0.06409344279145462,0.047237676085421273,0.047658743989785105,0.012363335896576006,0.0686410765936795,0.07316671712699162,0.03284466831493743,0.05203427702796615,0.14914755002852995,0.47264222592309457,0.020488523591077733,0.05993684192192581,0.20125883933069091,0.010091170706245692,0.01989973063537545,0.04250082187039888,0.0826541352374347,0.023278246249085605,0.03711060836431281
synth_M_65_213,Male_60plus_srdc_poc,0.10511299250302046,0.05804039632835925,0.02471983951087059,0.01401475203630532,0.05699728200897697,0.03467701338153267,0.035431855252110234,0.007791355310895925,0.059404922517983745,0.06166203833880994,0.0613371110158233,0.02392303777455913,0.09879103608291047,0.30322193716994816,0.010640067659904412,0.007973767420418026,0.21417131034674355,0.006731203334051108,0.018908820812470157,0.0179586229775214,0.06128038260114548,0.019780356647443608,0.06497420011008388
synth_M_65_214,Male_60plus_srdc_poc,0.09769021102058606,0.17105379853045646,0.020546314138144145,0.013481698015542054,0.08026948393178712,0.04296181905890326,0.036318321128135204,0.08316204562238662,0.12266701947407936,0.10437552723457559,0.1129880941988032,0.0949135582700421,0.15938715784320576,0.5667455734257725,0.05855543520816311,0.011285939918652997,0.1940420044668603,0.015769205104534553,0.0259194109226389,0.01445204923964312,0.10253365611520977,0.05043933810341674,0.021358276696621072
synth_M_65_215,Male_60plus_srdc_poc,0.08743493370942722,0.014998948194280994,0.01476977275831958,0.009572727280407,0.04686799832518097,0.03435892561572,0.015315906958777189,0.011142663018736568,0.08803750824305132,0.034395487586451216,0.05245880220974194,0.04073499367342248,0.13744164892837868,0.19742891595084028,0.018041114437465394,0.006913053949203644,0.17737193220548805,0.005288627822542971,0.015258801545435621,0.006768045628021133,0.06012871567286962,0.03364556835518389,0.010946977405101905
synth_M_65_216,Male_60plus_srdc_poc,0.1344381215744871,0.06648138372822211,0.018670100671214034,0.007783007013396892,0.06862301733179875,0.05240835509695575,0.12885011087618392,0.017459771639267357,0.11356040420959533,0.04136675302799886,0.05066341875897579,0.0317835343065006,0.18983826037439883,0.5417089394341894,0.013727750883308382,0.011513132076743666,0.20986620780884996,0.008325828658821881,0.012540094741035328,0.009827065690042002,0.10128810512628425,0.02387916925033779,0.02509994498019969
synth_M_65_217,Male_60plus_srdc_poc,0.06827773301805601,0.016549643267380242,0.011996626902388598,0.00843205638717189,0.06853504528783974,0.04158084407972984,0.02002844693862594,0.02795353560564461,0.07434484595889503,0.04154649172756322,0.5742469878986212,0.021862263138946104,0.16167215934146667,0.4209075336282286,0.012741404268418787,0.012117574465628913,0.15850683634200674,0.00650793802509328,0.015441627700927387,0.01185994323323728,0.10305398577470425,0.024276942985196805,0.017694272642091956
synth_M_65_218,Male_60plus_srdc_poc,0.04709477428530022,0.10827055601176991,0.01422191124561968,0.008851336040212366,0.0440807885932811,0.03743798047008067,0.02171811964448139,0.01501330537094043,0.09336970994253199,0.03261023114148651,0.05192485333426108,0.022251299757023425,0.15608626918205154,0.4084020601057986,0.012346617801598382,0.006311442832873666,0.15424909296109968,0.010224175226914775,0.01710521597562341,0.006634737361477179,0.08472598720696166,0.027936476886084884,0.011739517192702397
synth_M_65_219,Male_60plus_srdc_poc,0.0554773271632168,0.005476749061739013,0.01314504141168056,0.0034059080592217994,0.04269253235710353,0.05428170586058334,0.025262996870682616,0.00975533095153149,0.04659133728258711,0.028702656670886766,0.05550618823454276,0.01223889042428708,0.09359529262317617,0.16425964347640887,0.012499821477913255,0.0022816078583145164,0.19157434221467498,0.007119236600714748,0.0055261649593746015,0.00622828410589604,0.0522352899780541,0.0142692758212135,0.010842986423017988
synth_M_65_220,Male_60plus_srdc_poc,0.2137950891499387,0.22201929965947978,0.02268218207280927,0.01291520019997967,0.06799152082608986,0.04985170864359494,0.04052754915234014,0.027515025076517596,0.12853548788902608,0.09087701930725338,0.060561664047649996,0.11774978310731708,0.24369380901309298,0.6516702188711315,0.02217085104508656,0.09061845219470371,0.18127042622796888,0.007768849525815816,0.03663121481295855,0.011560161729817131,0.10191724035678036,0.04422451558440413,0.020693939952464727
synth_M_65_221,Male_60plus_srdc_poc,0.08616619882261582,0.0935705726384905,0.0137982545901961,0.005519295137912275,0.056605314926322564,0.042775959056098795,0.05678950898959034,0.011200131831137135,0.1018593198736763,0.027393510786057295,0.15137783241224473,0.03535451332900177,0.1352069819534138,0.5612481115235409,0.008626129653599787,0.04009733470486204,0.18193160232899902,0.0052130014298673024,0.014984857012151858,0.01029331405643166,0.07606833021493728,0.01779875972712017,0.015536745424673823
synth_M_65_222,Male_60plus_srdc_poc,0.15657713491480693,0.14606909079931524,0.019157467535037068,0.016620694382470484,0.07334879771327256,0.040204709734887774,0.026849809358072754,0.024322764840195778,0.09278176430804529,0.02606248637207761,0.2217980969171224,0.06577199347148155,0.17536144313240465,0.6279338205287283,0.02203763557058558,0.015043495042505777,0.1940253761372876,0.006762976383302232,0.0200444017796613,0.006619685753745641,0.11463990921545575,0.03458220570213177,0.07856192402040725
synth_M_65_223,Male_60plus_srdc_poc,0.09992076590399912,0.05883256295059349,0.019816032459020534,0.016200612157253477,0.07068767061565252,0.052252900054027794,0.030680053337556818,0.015471740672775194,0.07451787456846827,0.028228458982611046,0.04352039275673569,0.02687590591049145,0.13943285104415593,0.26233394438080676,0.014482560129381183,0.009772077789077141,0.24691055720028737,0.006005742370543355,0.011800642322168311,0.01904323782032307,0.0695753020254568,0.019984674073419834,0.01189779572942316
synth_M_65_224,Male_60plus_srdc_poc,0.09146261338293155,0.15090509708319205,0.01683966789526669,0.009452255022125712,0.07294799005855557,0.04166058584173978,0.02446969858548421,0.017913485016975775,0.1278145619304635,0.09134359818282602,0.14198226999818522,0.05546914335937108,0.15319482230267173,0.4913652897620155,0.02303552880616628,0.043137273968494844,0.17706509105673576,0.0210882382998433,0.011773022166147716,0.020420064744710125,0.09871214886140493,0.021287070640789205,0.0745118684600482
synth_M_65_225,Male_60plus_srdc_poc,0.11405188409771412,0.10457325007688796,0.02140145529044333,0.023893414540666732,0.06150102703651365,0.04152546096560123,0.02330871116234378,0.039588178214273385,0.11370618688328595,0.061708132404636386,0.2724021417284449,0.05193486742780058,0.22298014149182813,0.6012688214955682,0.010800875218059272,0.006145220620795124,0.18420258622069408,0.0172249044927467,0.017900946438235484,0.00844790871892007,0.08006770759224302,0.06351238113289925,0.16482068670173758
synth_M_65_226,Male_60plus_srdc_poc,0.16299406204206204,0.019461012878315247,0.01663727000349125,0.010561151797960083,0.08760157693010623,0.04016263054725087,0.04194380646176598,0.01997061271665904,0.09153925462833525,0.04117464847750402,0.33471457694889534,0.053053038369804836,0.20589078612679665,0.498413565513233,0.028702740710942858,0.2306513077582933,0.22357646608519885,0.009481314718456955,0.018370520924096603,0.009434136277561223,0.10769228340860883,0.02486304688808468,0.04462503453955098
synth_M_65_227,Male_60plus_srdc_poc,0.22947798021685054,0.09831299894530952,0.02356449401577573,0.011040703105636632,0.07312067987790641,0.04315149772528679,0.09792520261678969,0.035500530286696294,0.14095618895795115,0.0538629908970965,0.21009858792055186,0.10694096152355206,0.2701457953685166,0.7800498903113885,0.055681542120774245,0.05600146518735824,0.19599664874441242,0.010987053850281486,0.02764282684865782,0.014273293904208678,0.09748766296445636,0.04557369710840763,0.025038130255998416
synth_M_65_228,Male_60plus_srdc_poc,0.24555843445405076,0.05850867143008853,0.02199289485847385,0.010601448428860372,0.05813877731823989,0.04392556200765034,0.031909012024089835,0.024800819025644242,0.10583167008951277,0.046228855856139825,0.2193348089618109,0.09522969679096985,0.2053324296828041,0.4868728110364469,0.02191814638023411,0.419685522036979,0.18085841938500016,0.011770303005059268,0.016684700853903424,0.009633684720812701,0.13027460720918155,0.03164342173200482,0.018125833072029123
synth_M_65_229,Male_60plus_srdc_poc,0.13657489264765776,0.022682123670150742,0.017256645920662193,0.006877259297819086,0.048369576189787544,0.055435822081061806,0.04138550865695966,0.015798392621431352,0.12388428920758904,0.09768089307703987,0.30481881427779745,0.09399080822737005,0.3004575321487512,0.5162065795654086,0.024247081982314893,0.1323512479740077,0.14290789842967844,0.020598806182090867,0.025445796545620156,0.015843162811886975,0.09982582472813654,0.04250363740731577,0.011271815176374185
synth_M_65_230,Male_60plus_srdc_poc,0.16250349526987024,0.21575466082797007,0.022132687335066636,0.021775153673789287,0.07158439880067152,0.05786006997918036,0.052868841472194665,0.017071152673054684,0.1751351020729907,0.06071225843534083,0.26455539123335486,0.16175125680699892,0.2609200636494733,0.6700249073886109,0.01449090338143791,0.2027952691479761,0.18222439690993003,0.05039219098941693,0.03073289441996273,0.02423865682833342,0.09159671399928938,0.05903471484697249,0.035570737680712124
synth_M_65_231,Male_60plus_srdc_poc,0.07029142280808887,0.026308291568674955,0.01735911587980701,0.020407919465597564,0.05609922615317861,0.033214849573577586,0.03146771241676708,0.037081065643021986,0.1252807920060181,0.06917522935094493,0.6124412297431008,0.06338058912656423,0.29248372103551734,0.5194920105229824,0.023502684378985974,0.01656589411990824,0.1554431138400851,0.016142450638371334,0.02159850196859298,0.012440727732916476,0.12127218701260752,0.03402011160111915,0.03660321489158531
synth_M_65_232,Male_60plus_srdc_poc,0.13923768817093274,0.04339413261193154,0.018239720107249873,0.016889053607059508,0.05125633066084664,0.04916639914971299,0.05347019526474581,0.02719448767540994,0.11111831270374428,0.031483061342564934,0.3816852605901188,0.07337937759341569,0.18206398488901862,0.4367385637320849,0.019435441548139226,0.011499632756528209,0.214465585721231,0.007141171830244948,0.045968129266974286,0.01142915894732983,0.10366420025365564,0.055690267932505436,0.018059129180547705
synth_M_65_233,Male_60plus_srdc_poc,0.16082889548856663,0.06937654839048021,0.015764759491009084,0.008857766862276982,0.06006234913357699,0.04264766630114371,0.04418040911394623,0.03653591299892994,0.11182348713549786,0.03769193098079087,0.16399338635970562,0.08738843623815072,0.16154933534114477,0.5394701773274653,0.018771718014642596,0.012559200339414944,0.189385771658372,0.009481396877252088,0.01870644674049205,0.008480980004230981,0.06610813243543616,0.02157517451699566,0.027812581937646363
synth_M_65_234,Male_60plus_srdc_poc,0.0946067744179651,0.037053204572786616,0.01520350849556503,0.007893722637004054,0.06754331047633964,0.04975111798519658,0.015886052054286726,0.008731965097703864,0.05880290302075366,0.032808020925893654,0.2652809876931482,0.025167187418334486,0.09763600736196809,0.4042955462154695,0.009227958295903541,0.0073372681035099455,0.20611119296079392,0.0037192167750079858,0.010593455689498205,0.015892783209670636,0.058555882187120746,0.021557864590932816,0.012793772950756586
synth_M_65_235,Male_60plus_srdc_poc,0.06539824252602738,0.021503897225812897,0.013861642037704987,0.007123685164729417,0.05689698035697227,0.04927204560422037,0.039721997721344916,0.03321303388440538,0.1095135156247858,0.04455390430871958,0.08846391996885405,0.041194060355833666,0.12617443438019682,0.32377352081931793,0.012748864200870992,0.017541292161521487,0.2109993825968272,0.005799912403023228,0.012525540929990097,0.010052434957429527,0.07830621925118085,0.03352132674264701,0.01224134804588257
synth_M_65_236,Male_60plus_srdc_poc,0.11224115187956817,0.01874713656583807,0.0136162142116039,0.0067336948472087495,0.05715504022494773,0.0831838988606749,0.06331173324756806,0.018584174993964548,0.14518033280672343,0.05357644032322793,0.09617981963859452,0.04520871309012538,0.13185607822921197,0.47846078637588507,0.016534315815068926,0.05704746050552542,0.19071650581499744,0.004772533647453253,0.01278631611314153,0.012261445649690384,0.0896716928424977,0.020291142206121104,0.011579946649031581
synth_M_65_237,Male_60plus_srdc_poc,0.17455833118256395,0.16996054220871473,0.01809041684795007,0.019515745172043027,0.10264673808954067,0.025452110050973784,0.07186720262971817,0.03247904796127044,0.13061390123970654,0.06301486069489724,0.16313377928711414,0.12812971081386712,0.18647978762294395,0.6045440785190535,0.018451061253232637,0.02737386563265253,0.18085109877328398,0.015115451565610621,0.02556455748611162,0.026280333830253327,0.09091978876565368,0.06266542207780389,0.11221054333755749
synth_M_65_238,Male_60plus_srdc_poc,0.1024907501141734,0.01799151596714853,0.015402327344388433,0.008247314303864548,0.05308822694872346,0.04338590497510429,0.023937667963428857,0.021749762680528063,0.09765471253276597,0.04486424530956546,0.05676985309193945,0.0644004541263011,0.26978001929395323,0.4229639411616507,0.032921521079788844,0.10558827561185725,0.17207921091089234,0.0053299957018452864,0.014831132311255284,0.012802144523767722,0.07031473322711625,0.028926401981224092,0.047446450433388285
synth_M_65_239,Male_60plus_srdc_poc,0.08227945460740159,0.02589540926827747,0.018783005828516955,0.00473903911455687,0.05906014301157492,0.06344468053698597,0.02613541213559077,0.009538564764018192,0.0985250465006623,0.04012858711018563,0.28027175624484835,0.02831157659710205,0.24344759726467113,0.41919572581453185,0.012174713533053235,0.018750996084189984,0.17231252885377094,0.004269874450744039,0.010508535759058954,0.008235328514028483,0.0681243568576695,0.025389499973749653,0.01455530551295673
synth_M_65_240,Male_60plus_srdc_poc,0.08249939775798214,0.02184299382160932,0.015865687525541166,0.0067235293058947,0.04681570960804488,0.045559707778745996,0.040347598189616106,0.018460209451441424,0.07991606328602996,0.031628817449951906,0.05188014049079722,0.03626536296293752,0.15722752501940976,0.26614883460523,0.013946539420686322,0.005067973235290905,0.17916769827763873,0.005844307967504105,0.008758022492878171,0.005721010375747275,0.08355500679552641,0.018430729556595898,0.010923810153013813
synth_M_65_241,Male_60plus_srdc_poc,0.05240911504419871,0.07058579402330604,0.016753263593118888,0.008103298548357096,0.040032163396595884,0.06965523427525257,0.05253196909949669,0.013319222612864608,0.1070486424860414,0.09663456084013905,0.08191587214346119,0.03811380678387461,0.20319421278003091,0.4663788692309995,0.014435448180981159,0.02074500903328389,0.18228119767420978,0.005528447293426679,0.008604974470277997,0.010127145478306326,0.16228148838285605,0.015062437994676067,0.015197086437568293
synth_M_65_242,Male_60plus_srdc_poc,0.08110361732934615,0.07980864014321916,0.015150540673813714,0.004461062386234805,0.05889787823767697,0.05622052717339088,0.02489547470454467,0.014747714461227161,0.07582054377052781,0.045365628869146114,0.11326756151246109,0.03500525260342533,0.08101414014982296,0.4677029920750452,0.010807328038406002,0.0036711474521602546,0.19407747669813893,0.008429571859397465,0.01678723553178113,0.00938705097280883,0.06559267534708627,0.03138224945738475,0.019259148465406835
synth_M_65_243,Male_60plus_srdc_poc,0.19243776658974993,0.03504408021522393,0.01779347802460281,0.012445036080533059,0.07331607523467497,0.05113582800052305,0.06733555292177261,0.014420152917243545,0.13034468465406598,0.03153014678118334,0.3077956586389078,0.1253701122646585,0.20948923697078567,0.6440632303365783,0.013084443361633617,0.012371082083603779,0.16051668885613027,0.00831295925021278,0.026616985358402123,0.015041645628170196,0.0944460437463544,0.04404169325617592,0.013990606907923253
synth_M_65_244,Male_60plus_srdc_poc,0.08479683942935393,0.013953693034119781,0.014611347249424419,0.006836017851077543,0.054102097349243004,0.04115987342641668,0.013181121836961266,0.013238595631632865,0.06612670784507606,0.03708733185672081,0.0658276286732221,0.023125276548157877,0.13869433505039988,0.20000311163252743,0.011258647674588819,0.00222980545948195,0.1863199321082848,0.007768209326193929,0.014301239072726662,0.005034279267818901,0.06909287555904206,0.026374038349582202,0.05419652010072393
synth_M_65_245,Male_60plus_srdc_poc,0.10196228277059877,0.01585745060438036,0.014209788251171925,0.011513165370088748,0.06456823934744076,0.06996209341567446,0.0698770660945103,0.01070542075458545,0.08187735768345507,0.039357209662005344,0.059690930368657774,0.04485565579183268,0.17022846688809137,0.30915362125407764,0.017016412983475965,0.012602697644642514,0.1779215941162088,0.005377771400603056,0.008662857306473405,0.009318130041706873,0.07141566304788043,0.03060138295313934,0.02378525842110806
synth_M_65_246,Male_60plus_srdc_poc,0.12961084821033225,0.04177997557986891,0.01694557312428518,0.015327053390698035,0.061149542532563654,0.03765262035575487,0.08084653094550512,0.03672283264396465,0.1543319399725175,0.04389873901787411,0.39907979409523364,0.09983731128239755,0.2823832788595441,0.45911407222414924,0.01953920498982329,0.029154929030096116,0.15744425034300003,0.00727784805431525,0.03538326296719719,0.016150787649620083,0.09770922418509324,0.03716208141563446,0.02024086070419659
synth_M_65_247,Male_60plus_srdc_poc,0.07225140250596465,0.026495479002747412,0.023609370453439853,0.012100882000235727,0.06761520525265646,0.0638443375502032,0.022852840005006217,0.007885310374624642,0.10836025846523932,0.05717912017668804,0.17699676704528833,0.03374404564907286,0.07657804641615198,0.2347932115433454,0.00707841347029226,0.0030607143884583275,0.22109758838312443,0.00664336113107003,0.02162482172934949,0.017448306553395045,0.06273445978416257,0.02749530246943456,0.028283362656627568
synth_M_65_248,Male_60plus_srdc_poc,0.18575630107089186,0.03059568743188891,0.019901554448688543,0.011238435766345294,0.05436749858944235,0.04804747674816022,0.14285472862419643,0.023552696106699737,0.14629146436571247,0.04010754347771026,0.32191759462875164,0.10599531552542257,0.29971800544708077,0.6325894768213324,0.015916136380289384,0.37811062371038934,0.2425391410515436,0.011436538843397537,0.0272223901465555,0.009539483726490864,0.11595102815216611,0.040327696861304815,0.0205552239462289
synth_M_65_249,Male_60plus_srdc_poc,0.1950738291864025,0.1510666326528528,0.017087367879267,0.019052986599353342,0.07468004137755653,0.03456465984786537,0.05644355896952202,0.02746874684092951,0.12105626916666527,0.0478282477726533,0.1827040031510586,0.0628796489030803,0.13017720004526967,0.5858903506804105,0.012131810641730299,0.10625574194271822,0.15170607768186195,0.01151159352793934,0.029682321406607835,0.015828747203109964,0.11602415077147292,0.03561641327716084,0.020167907455234717
