persona,stratum,Anxiety,Atrial Fibrillation,COPD,Cancer Breast,Cancer Colorectal,Cancer Lung,Cancer Other,Chronic Kidney Disease,Chronic Liver Disease,Coronary Heart Disease,Depression,Diabetes Mellitus,Heart Failure,Hyperlipidemia,Hypertension,Hypothyroidism,Osteoarthritis,Osteoporosis,Peripheral Vascular Disease,Rheumatoid Arthritis,Sleep Apnea,Stroke Cerebrovascular,Substance Use Disorder
synth_F_65_000,Female_60plus_srdc_poc,0.05197108294569132,0.08212877114409128,0.01944201431603396,0.03965237566805012,0.013054939034977089,0.016891317682736672,0.05646509087786362,0.20195791359173687,0.02333800452318318,0.1398968110420413,0.041488141454803715,0.03392993694567948,0.05252447772238183,0.12401615864960457,0.16491953113424232,0.052071356359852,0.27757860711143406,0.02656129072875639,0.01802982232453959,0.018500301481439774,0.01242597918304225,0.03492436814894343,0.009292673150281495
synth_F_65_001,Female_60plus_srdc_poc,0.03362957712381236,0.02080779524997803,0.01748155303752819,0.030711497311684544,0.016913112790067877,0.009800506999178542,0.0495037289009758,0.027446635469129916,0.002697440390332598,0.07649429572799674,0.02609763968757073,0.0056783761064397725,0.007147095410094099,0.06583652548632273,0.03116626678943492,0.027046939051211097,0.09534279959885159,0.03245229514480572,0.014195885860547435,0.015758007524789147,0.004630498842589102,0.012065193671166076,0.003465786795927893
synth_F_65_002,Female_60plus_srdc_poc,0.05152276891057571,0.06482699260293433,0.03521791346178043,0.039669008185501786,0.014659512594652225,0.02308253709674318,0.0474414737823059,0.01528437636868265,0.023053459045790176,0.08204111570533588,0.019698697932536,0.056645554520570525,0.033351850887676705,0.16912258508681205,0.22173452663499582,0.02318166249684906,0.29563032813815465,0.030202925990696523,0.011345225794687828,0.01387838527701785,0.053100653519167075,0.025898088569200388,0.0018011527460706025
synth_F_65_003,Female_60plus_srdc_poc,0.04563827344740172,0.03253978254436976,0.015967569992012383,0.0391435592594288,0.015336934073947503,0.012078407814455574,0.05785227485855346,0.013989801512060654,0.016052390547106197,0.09061405382493008,0.03209357209378761,0.07135573718779933,0.01558978814516969,0.21108079744762226,0.11632198799892589,0.02547732088373082,0.13245912130634788,0.02952765435335576,0.012658240039052153,0.013150166549753874,0.004323814307092952,0.01941113644636249,0.0024272524568568483
synth_F_65_004,Female_60plus_srdc_poc,0.03266659918175762,0.01642523591994299,0.01120001947981077,0.03681290670650833,0.013600395565310702,0.007460164688034899,0.03339941744609399,0.005049809198685236,0.004640927787163806,0.05294473376759361,0.01416834769204563,0.008504241820461372,0.009398331906397302,0.050555733395436446,0.09287752149815791,0.01780519985314519,0.17158770378070445,0.031819548621349135,0.008001751372596247,0.010932219182324943,0.005141633639907503,0.01948979639372666,0.002062772214270433
synth_F_65_005,Female_60plus_srdc_poc,0.08466802127084601,0.02689842551509001,0.022027855163266028,0.03142240226936441,0.01166956094454402,0.009978752066384282,0.03808705466442733,0.006505653297017976,0.0067225250581392365,0.038161875987508385,0.028244407565189162,0.003711556912697135,0.013678008955137868,0.07293481630786627,0.17781791702605929,0.023526922600691256,0.18881943592383404,0.062457307155114446,0.012029488021957977,0.012456445742377503,0.0035744253943688774,0.02278083854467358,0.0044883772619086675
synth_F_65_006,Female_60plus_srdc_poc,0.07910665418094458,0.06241195573151785,0.05273206173585264,0.03811326596272717,0.01419101302756387,0.016590688455820377,0.041678434491073175,0.0076663134559914,0.021311239398963757,0.0736290892876124,0.03095558414492374,0.005942366681563529,0.05285751002808986,0.18974304050428004,0.1767472729959286,0.028890485018349735,0.1805446851222919,0.04978191054481264,0.020261973211928564,0.012285529089888622,0.008223103604156618,0.05790861723503056,0.016084417092260793
synth_F_65_007,Female_60plus_srdc_poc,0.061258317737087946,0.034529376716808745,0.00636661187390758,0.0294844775747286,0.012348652395717386,0.0021448603300812555,0.03851592004310578,0.02052326847598905,0.0021281374341681173,0.03443414215331035,0.020186810931549,0.0039016678586942734,0.01697789912939056,0.06305619074840894,0.07160290512350956,0.02230174411674566,0.20567286016411918,0.038143601446238365,0.008797381090296636,0.005504607346201925,0.004793586993694569,0.02200740328632526,0.0017213344210173299
synth_F_65_008,Female_60plus_srdc_poc,0.06188473456678928,0.06625531383333272,0.06029543285291166,0.0387200446494222,0.02594214854162971,0.04009824419796148,0.07320785089209876,0.1982009558968166,0.015984645381171652,0.16181358961134723,0.03764485316002012,0.23962825311455915,0.06885093229879839,0.2014918073891897,0.3323751229016721,0.04936397700714974,0.16700745717479068,0.047393092842199745,0.055993195353071935,0.02026077175213128,0.0207465895162153,0.0483060290734907,0.006795582374301858
synth_F_65_009,Female_60plus_srdc_poc,0.030183298000529657,0.011445858686555678,0.010042430560815954,0.03045351583377916,0.011646308366876657,0.0041467410627819045,0.047606476714141525,0.03288267907795911,0.010899670731718587,0.04556700727364128,0.027986391411760653,0.00668286222529527,0.0057363690595525025,0.11478087916531748,0.10016551368263528,0.0466795946576677,0.14205284525938622,0.02388344851481384,0.010572536661092617,0.015647330454123566,0.00926736224771495,0.01650610265593302,0.00902750008972236
synth_F_65_010,Female_60plus_srdc_poc,0.05492022810243576,0.0157731321744772,0.05079327873292581,0.020626322815670183,0.01035331747746761,0.01329957211646769,0.04195021709749285,0.004748655365547374,0.0022420653233791196,0.03967924890342747,0.03540769923916689,0.0036714159361500034,0.004700493749819056,0.04029826840202341,0.030326302431718036,0.03553667182871644,0.05811920243829131,0.09216684507643992,0.02361746519780155,0.009126445380336594,0.0073671821935411995,0.02249880592851638,0.003257563158461406
synth_F_65_011,Female_60plus_srdc_poc,0.024229118158819275,0.01847324387853713,0.006036106408410703,0.02442444758794196,0.014399680672552184,0.0024167910401399944,0.03959532980913771,0.002668907262386869,0.0014024787700571409,0.058986029560755826,0.010903952675568677,0.0033448808198416804,0.00973308086123666,0.04982343451600017,0.06863481730002513,0.016445248465484428,0.06841759056371896,0.03177326018088641,0.011314663380397185,0.005157046316955181,0.005098367546343356,0.02038146333058062,0.0021647249597960025
synth_F_65_012,Female_60plus_srdc_poc,0.03127147515065045,0.026596620484324204,0.010406021772070942,0.03203081910160317,0.013004493428858873,0.006445837490824086,0.03718274767612719,0.012098609918683665,0.01040767443067469,0.0647561962516914,0.016994287159494362,0.016383656786743493,0.022543766537355008,0.09051720090111484,0.0657316494539508,0.03512858875400369,0.2389702994020111,0.02282010524725891,0.00788963774115906,0.013607838241675892,0.007857410700256307,0.025729917646755352,0.0062710968078488125
synth_F_65_013,Female_60plus_srdc_poc,0.057626153222318045,0.04592471706119187,0.012722710802382582,0.04930413545726252,0.011883751420470563,0.010073832798591217,0.05178001445166796,0.014677235881048434,0.05944018824457339,0.09312932566680653,0.025257045727488606,0.08783655866505143,0.019009767166192865,0.11626041358500087,0.1195334927574095,0.029152941071593285,0.255042039326978,0.02583220791917891,0.009587350893816174,0.020105615485305324,0.012936761997043847,0.016465415675858165,0.002796921866279678
synth_F_65_014,Female_60plus_srdc_poc,0.03511306166026114,0.03341497511873088,0.008416414275902354,0.028095079245122664,0.014427667733934418,0.003680332114200395,0.04387255090218084,0.00909212743155387,0.0039583373913218015,0.06883966321860922,0.011973439716511734,0.13281283827222976,0.014761405098074835,0.09934352463968127,0.07958207386838995,0.01578057059533703,0.26884485391289875,0.020361133014912797,0.009357063028824438,0.008141130928453177,0.009622007933376569,0.020827710299013626,0.0023531532866936655
synth_F_65_015,Female_60plus_srdc_poc,0.07675649087551382,0.06245306470506288,0.04861689340119169,0.03023937718801362,0.01708401332542725,0.013921222679588233,0.06661244176170965,0.022714258636746604,0.0687674098072114,0.07852661034147482,0.03867014258254212,0.013428192378047005,0.04522296520027528,0.1485110895017557,0.3054259391518355,0.03886250833720769,0.26051561758401115,0.06316308258138255,0.016667454764790954,0.03303666222419319,0.013529719486433356,0.03517826454087838,0.008063980919926257
synth_F_65_016,Female_60plus_srdc_poc,0.07241048675327877,0.060522155117387885,0.06448733599364506,0.04021730513631701,0.014966314327978542,0.03645380429862606,0.08193065452443198,0.1336163672377891,0.050154528676246556,0.2039364992136842,0.06628786611921905,0.3879249485239949,0.14642200653298618,0.2912420857741485,0.2736083033174733,0.0686866205173796,0.29060653067250913,0.05231805474371328,0.04829037921148833,0.03763664385946784,0.020110982947799377,0.04261608898558608,0.004717486293643289
synth_F_65_017,Female_60plus_srdc_poc,0.04168894049143019,0.03581017498333158,0.03762686440441802,0.04408960297702722,0.013880567453967494,0.011828848728688527,0.07265978853974417,0.02036000125865734,0.034739424176460844,0.0682177968337976,0.032317317245245836,0.019376902631526683,0.018857148159900805,0.10357641018884074,0.08721492193077748,0.030035053726369082,0.13648514454916003,0.033482490852361345,0.01950113964887786,0.01080524360054544,0.004593854535179552,0.019823711346225837,0.006151714279779976
synth_F_65_018,Female_60plus_srdc_poc,0.04017098189213939,0.04752396091263871,0.0262395577716033,0.030822775890659505,0.013441699865270537,0.03417627006491166,0.06605728555117969,0.09137550610569818,0.005515563055726252,0.09052965134008951,0.0265027076286586,0.21292430715107719,0.011776423292780364,0.17271214276070468,0.18550729576106356,0.03060679201071225,0.20211543506724697,0.03256745177844831,0.03078669397733231,0.01393402094797529,0.006860904133133681,0.03790850732154817,0.0014244374197959946
synth_F_65_019,Female_60plus_srdc_poc,0.052022546762304105,0.022943670675917346,0.009326855181391211,0.03525165068989386,0.013665015879523805,0.004028656895940492,0.039970101074692614,0.011878848564524118,0.010842229264817486,0.07889068712355678,0.026254495576107966,0.013572103776214987,0.013048521437434832,0.07271713413014474,0.06939228830329745,0.027744114254525564,0.2320141442942455,0.029203366454386613,0.014489284797163018,0.019089321857539567,0.007734325700315304,0.01658620811668022,0.0015791378305472887
synth_F_65_020,Female_60plus_srdc_poc,0.06309834264096965,0.07628822510180276,0.057877127114307994,0.04719292268896004,0.012512793427105224,0.0248407315360829,0.10065803229208783,0.019898296602435212,0.015924100047545547,0.09832877617787877,0.03476294499011565,0.0484843486699319,0.05270763249024782,0.14588684778467162,0.13932914981593564,0.05581624695093285,0.29249421074908677,0.035825790132682125,0.022668468638393707,0.01659132277872033,0.02331056395027755,0.023670418478527848,0.0034933820473701353
synth_F_65_021,Female_60plus_srdc_poc,0.03077680396137457,0.02311749176200359,0.0073825127581269336,0.03895640771340976,0.012942916352149314,0.006122594659362468,0.03519958229913551,0.0136952802328778,0.005605122289432906,0.05582323702557794,0.011749075227147679,0.006099680375035278,0.009286994900130706,0.06137325342285705,0.05953204785928247,0.022070768944521535,0.07813522674449798,0.0208432123813831,0.008411666501370908,0.006642116915695892,0.0026216134801084977,0.010254248651822178,0.0011232533218121113
synth_F_65_022,Female_60plus_srdc_poc,0.03597373269171419,0.02764987460816893,0.01772443705125707,0.03434337422684169,0.01095050075736395,0.006177496322057804,0.06722557064630558,0.04547864761270541,0.0041639098664758845,0.06145516767380977,0.020835072935243393,0.3180017009890931,0.013318667577909874,0.13447664080114383,0.1335180888885308,0.041056474798797815,0.11833934615443974,0.05250326642071553,0.011077859175654407,0.014643303985000185,0.004137660005585826,0.03243024868477765,0.00038996238805613225
synth_F_65_023,Female_60plus_srdc_poc,0.04060938330002929,0.018862861633679125,0.007613114583659074,0.03445277527078544,0.011258580007945138,0.0028337513434362597,0.03921457931515222,0.022729171336346075,0.010720723439897209,0.03396717221174055,0.01290614605651661,0.006133380194660191,0.011520090899187352,0.050545822196720915,0.08787881871828057,0.024357745636916027,0.1163052647089529,0.01651250227509708,0.006906865729029449,0.004396319023574024,0.004591714670263096,0.018123474910755204,0.00478229823740647
synth_F_65_024,Female_60plus_srdc_poc,0.039604541354002785,0.02915477586010322,0.03669003663769471,0.03104530770968128,0.02213403235274151,0.01055596737722847,0.06709936481737977,0.12434086970524855,0.0031874861256169828,0.09429112759161135,0.027746002231925627,0.03268409879478081,0.030144999031920663,0.06726047889835658,0.12094394807458993,0.029387132760029553,0.18773369915683605,0.046320551101976366,0.03083728068186883,0.016655728301331378,0.023330130127333287,0.019719797280893965,0.0008622733502025272
synth_F_65_025,Female_60plus_srdc_poc,0.04136453782782039,0.034760064173585264,0.018448824626216817,0.04907489702378574,0.014128627438726511,0.017857712555190326,0.04290088650870092,0.006766566262640737,0.030868745246263787,0.0735902459643589,0.0205863783149401,0.10835306097036693,0.017503189170098826,0.20075991008808178,0.1680092810223911,0.025581731772934605,0.17157544411565975,0.029032255302933022,0.009843454528960996,0.013420149403873602,0.005464657796464111,0.02940501388990934,0.0039185110208225125
synth_F_65_026,Female_60plus_srdc_poc,0.037531964893830844,0.046018891623892756,0.01897573708434529,0.029677223105595205,0.011120132875988849,0.0091494913692113,0.040303149173244304,0.039190289711816234,0.007968186650572133,0.0952386733624501,0.028083169811136247,0.006764346390050724,0.01932699897107955,0.10923681684646293,0.10382855249942678,0.027252670204496832,0.15934497197773323,0.0538455735916889,0.02219522422304635,0.014208266645783113,0.0036565338993469294,0.016073971312646564,0.0011174046612606075
synth_F_65_027,Female_60plus_srdc_poc,0.02571472917607634,0.02152945570365975,0.008247328313666341,0.050875942571522864,0.016667926892766454,0.003709056884601661,0.04370587361433798,0.020729998578329835,0.0176708768601533,0.030117215081324096,0.015680324260048943,0.012040815229134296,0.003897372763669423,0.06611837745969656,0.06723096488040975,0.021742114648628994,0.09816746668589586,0.012556591957705011,0.005702085522219533,0.005307982319097172,0.0053640531364720755,0.013524583103578635,0.00227388050728045
synth_F_65_028,Female_60plus_srdc_poc,0.052453396337169854,0.017482876215118084,0.05974171903458889,0.03562074475805195,0.02058638448717269,0.01596564692921114,0.06072185177530775,0.07491305439724062,0.014543523503063097,0.10133387636435968,0.027876197749326776,0.09129264842081093,0.02725976724616304,0.19491499155511777,0.18423707779780096,0.029999431020834286,0.17928143236664423,0.0971511860185061,0.02526785512523949,0.019423304786410085,0.005514152631562848,0.036280405409757244,0.0019988082774121457
synth_F_65_029,Female_60plus_srdc_poc,0.035886970427395616,0.034221995179341554,0.008821127774888814,0.05045256190698791,0.012163294372235256,0.006126163926059049,0.0438922850579422,0.014332232493378162,0.014566067340351076,0.07602281889434076,0.016877069399494387,0.008063060441294102,0.03134766482709872,0.11239696330894253,0.17621178666064824,0.02126506575411024,0.20237225040542745,0.028935295109391634,0.007960756354523006,0.008729770075114393,0.012280415463431735,0.019520218425338968,0.0011732239106229112
synth_F_65_030,Female_60plus_srdc_poc,0.0316821805959733,0.04394835249828685,0.012370721928887387,0.032161266177332774,0.012752018305495908,0.012716853434620699,0.03571339000316676,0.014714784302723223,0.0034323835872122985,0.042456042737874206,0.020097020887136642,0.0036750048370312247,0.014857473116534927,0.0493781899703717,0.11226381046414446,0.017943525551060328,0.16875191347997898,0.05880394028751064,0.01576299819756853,0.00911328508166941,0.003853768659357427,0.026884348102159724,0.002557309397683499
synth_F_65_031,Female_60plus_srdc_poc,0.03495285483692154,0.03945661759869477,0.010563359168690993,0.03728031268113358,0.01272079903426659,0.005628649012930812,0.040926248866495145,0.06119643101874171,0.002188453203018505,0.10680609588867931,0.012884257918040196,0.07605584692263283,0.013288098548092086,0.14803554296583302,0.17189826699708163,0.020903578015932112,0.12162033937415288,0.021208273953885977,0.010472770253971801,0.006613792796696958,0.004272339453700183,0.024663733453367066,0.0033539524793364194
synth_F_65_032,Female_60plus_srdc_poc,0.039805898289414575,0.024629070891362608,0.011211409878883347,0.03430921556439902,0.012597432020300902,0.008552917567833588,0.034996940969009564,0.005288271190976253,0.0018764629254267766,0.038798849370076605,0.019857954952684175,0.0036680333066579324,0.010392349971091674,0.037110007705477586,0.04644240567564254,0.02359320824443229,0.10306781491999482,0.0279353457155324,0.008449528221320326,0.005504298185247031,0.002546658160157457,0.014175473270057106,0.0037589347573580944
synth_F_65_033,Female_60plus_srdc_poc,0.029794617508520922,0.034363990616782594,0.012905959939731667,0.032218554058700395,0.01298246906405978,0.0074463204408025075,0.06289087249800741,0.0499625034913492,0.007296233746457491,0.05188072090638889,0.01437986302843545,0.0059118757316354575,0.013142244355659628,0.06351259530139296,0.06438074925956508,0.023854313061237226,0.08626728099507772,0.048782499553675494,0.015353568121547676,0.011610580146468399,0.00327661600804669,0.01745808581568082,0.0009484603886444951
synth_F_65_034,Female_60plus_srdc_poc,0.047424307180973006,0.08979628119980788,0.0562820631762405,0.0358930200155051,0.01145443887178519,0.021443238974347276,0.05786141272721057,0.049676261502668725,0.014036239622831306,0.16751962982223945,0.030753135237427454,0.027956178671479058,0.047931234575194166,0.14275861734217804,0.15404069194423098,0.036233096268625954,0.20900295303483668,0.035951650681114354,0.03481946182613372,0.03682443424374484,0.0051774349380313426,0.03867128676671458,0.004297392977613463
synth_F_65_035,Female_60plus_srdc_poc,0.05392079166726599,0.045631182928213845,0.01758579565434373,0.036146163484207634,0.014453036438314904,0.014856819383321696,0.03564550903941123,0.00942537828884453,0.0037010186234596996,0.05683178774852238,0.016423218349890256,0.04863951722051774,0.021132874319708225,0.14899867066994077,0.05394712287037905,0.02349537431856146,0.10713428567219416,0.037158237939768746,0.011793505477222292,0.008107178052865803,0.005926732601979712,0.028375949783923143,0.002289715669848981
synth_F_65_036,Female_60plus_srdc_poc,0.052606482467127236,0.08720076876287992,0.028674193299174686,0.03900051197304591,0.014093730247322092,0.024422028631256372,0.07599437187531367,0.1382290421914755,0.036811396111092055,0.1744551412841542,0.028756572330381727,0.4062182990896868,0.1162989565612072,0.18656480768809575,0.2091834075113437,0.02790981101691822,0.22521121780622824,0.03732082686307524,0.07599153818868663,0.03164356861207246,0.0062529979536203005,0.03214034892598176,0.003431672251231775
synth_F_65_037,Female_60plus_srdc_poc,0.053025826967340595,0.061838936749650866,0.020123898399887076,0.031693651386640015,0.014323867425044476,0.008238211914704861,0.06934799135224802,0.06081238920340527,0.010062390713370957,0.09963406269334635,0.03164434340146473,0.012590860775373714,0.023826531056922062,0.11331236969633181,0.0981497658351901,0.03042997065227121,0.3058811795579669,0.05789217967834971,0.013507182422456543,0.022148046746219216,0.011780434544886555,0.030605361615567414,0.003821884557226625
synth_F_65_038,Female_60plus_srdc_poc,0.02368400434426709,0.023127620872850786,0.009804997135991433,0.0427135521862497,0.013470876420507212,0.0031535327066123586,0.04277891727854228,0.008472019595162528,0.013617047242953872,0.055015496304516395,0.011090266076471674,0.01028061752861899,0.012078004770984623,0.050969551405513853,0.07743754437268724,0.023494629565711352,0.19841692135386726,0.012227485411181634,0.005418181737831516,0.010352451049597066,0.02421760356944672,0.014484631909449847,0.0009199617946864108
synth_F_65_039,Female_60plus_srdc_poc,0.03074662723798053,0.020981146843940493,0.009435797290976116,0.030124719609904496,0.011785223356715493,0.0052599427536732125,0.03900403800951022,0.005048005987412666,0.021129341749513475,0.04291982999107543,0.02207020999230189,0.007817171214338534,0.012140994085633336,0.07818142283788006,0.10869164044760189,0.023984296050537156,0.17002052630807304,0.02666739601111731,0.01056526154826166,0.009279885177114549,0.007603769610116317,0.03117623352330679,0.003540033475684176
synth_F_65_040,Female_60plus_srdc_poc,0.051618828021824305,0.020305505077277294,0.011598631632699337,0.03587699364601283,0.011381590705223137,0.012543975799258665,0.03752804732842843,0.004311695887144991,0.001981097839423607,0.07891838716887145,0.02635905071487408,0.04059284285490007,0.009685609028205425,0.1144747510845632,0.06656921573103589,0.022832920300490403,0.10356379146374016,0.07502240751704654,0.01642957963906015,0.010617525461083754,0.004172001636763305,0.022986008954253023,0.0017292141165025398
synth_F_65_041,Female_60plus_srdc_poc,0.04061570045024043,0.053274447472584585,0.0071306192845490375,0.03249010452329663,0.013100991989659813,0.0056698699198241545,0.036713290543330876,0.01871631228806444,0.005848216827122991,0.0284177220068286,0.01482403664258451,0.009435399404805509,0.015623873325885766,0.06800835059340721,0.0836869943404553,0.0243790489069886,0.14985302607802883,0.04080749405517957,0.008493430285280074,0.005755726018491915,0.004718272718343906,0.02772931442366439,0.000837829304992599
synth_F_65_042,Female_60plus_srdc_poc,0.052831255331214175,0.0403365474690409,0.027178627528808445,0.03371610771502981,0.015792051214062023,0.005577857850679694,0.04068023457047467,0.00515177062381749,0.004139804175572443,0.0547306519128712,0.0144317173354545,0.006527634160056159,0.01789316425854102,0.07753000680996024,0.175492103716898,0.02090832550092057,0.19422107763168664,0.03723287410930391,0.010863254056915943,0.01896591473583674,0.006367593723925012,0.019024047291308185,0.0020660420584894842
synth_F_65_043,Female_60plus_srdc_poc,0.04058625094418582,0.04106946468343671,0.007076130945238388,0.05880665878910395,0.01626482927805645,0.023051832210511727,0.04084175460375477,0.013077057714992561,0.004787650834212307,0.07455076852255936,0.022792607359227716,0.012391488445475224,0.01973852361324314,0.07089956125923579,0.12447846699834453,0.021814378833724665,0.1657551149937165,0.034735217573105416,0.010688754400328378,0.010851761763404825,0.008047106748403794,0.018555522130046607,0.0070446291453594035
synth_F_65_044,Female_60plus_srdc_poc,0.0452628169187981,0.045545879784819124,0.014421368747306875,0.0415108527166054,0.01432598179148494,0.031094511983768305,0.039866139866795235,0.008185259179088222,0.014325760005283449,0.09388126817091347,0.02837582135615972,0.01572298917239692,0.01591119940796707,0.08704321321855685,0.08220157127519415,0.03747566076706054,0.18028907228959418,0.019286380602549467,0.015162698243275085,0.016695777240538296,0.01280689210845826,0.01821545832262224,0.004988255689979544
synth_F_65_045,Female_60plus_srdc_poc,0.031112300341185704,0.03861072120461917,0.030250090768263422,0.041633618563098364,0.01512023983842647,0.033616626349479796,0.04095556687456296,0.008156836885753953,0.008153152437646978,0.06375157425334269,0.022371247437732444,0.015953593368847697,0.019573101075596837,0.1263399326533521,0.07104042943142344,0.027449876774796957,0.2055573225035942,0.03683698986555488,0.011348126666822306,0.016125928625769285,0.01068804192364577,0.015151710142397183,0.008180837523460669
synth_F_65_046,Female_60plus_srdc_poc,0.045680532208641586,0.05874314619291877,0.016994521614702506,0.03416434841530844,0.014985968269672028,0.013738246241231128,0.03823382293908707,0.004924808566817341,0.010365446629211305,0.05705096159045207,0.02192537509827047,0.017652368484966298,0.02224941973306561,0.1895069649070554,0.06201974694690813,0.0382056990870548,0.19635342049705393,0.058085544738039785,0.012879486940305827,0.01880711169770568,0.004339458359811905,0.04754465535823784,0.0031358425182996183
synth_F_65_047,Female_60plus_srdc_poc,0.062353443889028685,0.02840589470420519,0.007838820272076163,0.055039356942993424,0.01918069274674433,0.008100787699429483,0.047288013777920315,0.008214154746802566,0.0036886280933161276,0.06697531572786641,0.017033365694118473,0.014105272418792735,0.013358988707488197,0.09060124483113077,0.03522639217791564,0.01897122842051582,0.15994675663181734,0.019334208948023,0.012991263306478719,0.008028624594701678,0.005523054418535767,0.016723704424244513,0.004228695258248466
synth_F_65_048,Female_60plus_srdc_poc,0.07943036402211476,0.024324282172591374,0.01762872886904801,0.03311337759158606,0.012128983392303743,0.010648551853708502,0.04176060386337635,0.011011783796296545,0.011929536943018767,0.06208050847927481,0.025598340672107884,0.007485652260005561,0.009115911378564438,0.0808356304606037,0.07593318113437465,0.026793688889729102,0.10286939484746459,0.04341156542806712,0.010518568285881887,0.017613893120165845,0.005323382381780049,0.014666610355767743,0.0032266496073219643
synth_F_65_049,Female_60plus_srdc_poc,0.02991984036213183,0.02025319765065242,0.008625944558991664,0.034011665444498004,0.014350086139351233,0.0072344064306119745,0.03625472001488381,0.004456800884849107,0.0029846048222450794,0.04879632236593988,0.014187472405910744,0.005238328736859534,0.006881431852903243,0.06482085636160154,0.12596306606704416,0.017622207535431113,0.13942531691735438,0.020417086603570247,0.010214195669843298,0.00901892318876018,0.004597536945861806,0.019420016857356,0.002640500446451474
synth_F_65_050,Female_60plus_srdc_poc,0.05461672097398857,0.10254615745211378,0.07385872389965348,0.037002119975736374,0.02587808569621918,0.027304829606562508,0.0714908619052221,0.12123551200264052,0.04825969343688357,0.14629786277864523,0.04399912713904182,0.06209503240622279,0.12897023029666557,0.1904699142058913,0.19183623431400085,0.03877712672547526,0.2849905424432717,0.08473560698379051,0.052333918864193155,0.023324332311529347,0.024557206843024905,0.04675652165125404,0.013021576719098498
synth_F_65_051,Female_60plus_srdc_poc,0.06986948074029746,0.1204043963048479,0.04964318006231759,0.047209876288677746,0.017467607145206517,0.05344204720528551,0.08609217897449636,0.012016809231544938,0.010187621823448616,0.08640024278377689,0.032168333432186696,0.019687574906782274,0.05498545280636754,0.12111470921661903,0.10879712048335903,0.04313886012074589,0.21772499641456944,0.042817883363357505,0.024817431930625994,0.011651586125367116,0.009119961006388635,0.04367574960966223,0.003741544260175207
synth_F_65_052,Female_60plus_srdc_poc,0.06213713370025744,0.179150272297945,0.0695449731043943,0.05293346087986677,0.027204581968899466,0.021104533182187732,0.14429032271052636,0.2703847197252072,0.028017278529553186,0.249368313570097,0.04396096371867671,0.2965610387453315,0.17667288862176747,0.3091250009453189,0.3847245246066623,0.05938099820379538,0.3834807041352408,0.05513042137939526,0.06363008793660907,0.05026843319350212,0.04687947659105543,0.10157551298426469,0.0045179318985951586
synth_F_65_053,Female_60plus_srdc_poc,0.04318501517967718,0.12036102295376659,0.03640725594175951,0.027360603722365113,0.016313697246356833,0.011292078764310496,0.04913177107565909,0.04656521061596858,0.01777744407593786,0.09387840913145569,0.027855406058010478,0.014458655126340536,0.08776168120386618,0.16730527429076467,0.26525864719840825,0.057135479057632506,0.3410809268668753,0.0796361837814023,0.012108669818948196,0.014524527902997703,0.004735416365189767,0.053383381785453855,0.03463257299803551
synth_F_65_054,Female_60plus_srdc_poc,0.03659280844381186,0.044612481916790736,0.015528993099066682,0.03502600096389799,0.01180096746503962,0.012824173467421368,0.03979808922449554,0.005616030315102245,0.007713033320085364,0.04120984809674825,0.021110215316308755,0.004713433113004724,0.011213799442024915,0.05251686043132216,0.030440693214086045,0.019583378958919945,0.09720286523311303,0.02644614593958631,0.012089955470036827,0.01284425787859675,0.00516537132272104,0.012283077719828955,0.004122372295964706
synth_F_65_055,Female_60plus_srdc_poc,0.04709026376254251,0.05319293706927144,0.04868997710813265,0.039421290271830445,0.01583272249198967,0.010308637604623042,0.10260839317705149,0.08140348978468005,0.030451017076132257,0.14608124757652005,0.0323087965700895,0.165238246775567,0.06670188146233563,0.20776416007755535,0.17619761999302144,0.04338046236527077,0.30891978747616083,0.06770873802845095,0.04538701228426628,0.023931799175956475,0.01975761571237793,0.02438362136557545,0.0023644185311551343
synth_F_65_056,Female_60plus_srdc_poc,0.05009586833686549,0.07490095391531393,0.03891141518180101,0.047666522263318536,0.018352194614860207,0.014590268063433422,0.05462616416825266,0.018223122297356786,0.005843401162013298,0.10736013181137903,0.02607468365749284,0.10449405652306373,0.0389467421292077,0.12163367492026364,0.18479394470243882,0.02246531974256081,0.24836315309808107,0.026568726979184953,0.016113999017572756,0.016000097661941496,0.026211766101037755,0.025279701570651368,0.0020580897171666532
synth_F_65_057,Female_60plus_srdc_poc,0.02965504423126515,0.024698133687777166,0.012594710002433555,0.0335397632697573,0.011230683220835628,0.010262660531215767,0.03990519870607196,0.00738459290699062,0.006095702466067737,0.047125893860221105,0.013904961410647015,0.0033291109390772176,0.011200063598324057,0.083732625859177,0.13780415485064512,0.024840857061017563,0.09905193240320508,0.06020761924764041,0.013151849405822752,0.009983277681323009,0.0036330428430973788,0.024315752066753262,0.00714714161258426
synth_F_65_058,Female_60plus_srdc_poc,0.039222578300793086,0.045871727617034036,0.014037402873072018,0.02833555588965346,0.009915989733239613,0.00754109513820752,0.07380246616290805,0.054521821198952866,0.010861074077547536,0.05933642410397422,0.03867223204897649,0.015936194668409363,0.02650742710756687,0.09129582504951782,0.10276895657974482,0.04047878253989843,0.1656227290731638,0.041665534490184494,0.03420963019012063,0.01486926092673834,0.0038834568322360014,0.03174507447882186,0.006716148344331425
synth_F_65_059,Female_60plus_srdc_poc,0.03611719977700496,0.0253623036323303,0.007640251930940586,0.03445418284219705,0.013101266262790292,0.005952278117697056,0.0351469144246172,0.0033966962573820994,0.015002614662610594,0.048518298897462356,0.012906977960527512,0.005458074794703547,0.011976020237555503,0.062440077989276144,0.07697384526099418,0.02036775936780327,0.16543167460083125,0.033753133109625924,0.007218244946204133,0.004834351618573669,0.00603362398161307,0.014678728048990295,0.0039721205118747275
synth_F_65_060,Female_60plus_srdc_poc,0.04297154966040399,0.035735692591194294,0.015700173015158136,0.03414959979392873,0.01288202978222909,0.01013456524543934,0.03981172569538757,0.010964137598498826,0.010452118371022246,0.08389962271550983,0.0175026755163705,0.11737690969259915,0.018131542811121764,0.09354430591386269,0.10271526994224446,0.028411298052239475,0.20362437040203385,0.02720886193468131,0.009266029559051394,0.015179530211043622,0.017519092504154066,0.014060026484587351,0.0019958612696743226
synth_F_65_061,Female_60plus_srdc_poc,0.031156927950330565,0.03085230900545182,0.037461564805685375,0.03446816386282405,0.01106122678750302,0.011500176495844458,0.05232860135497526,0.03519854224330365,0.013582157878164984,0.08845122128296284,0.04072860731189839,0.022622410907923933,0.021711620910954712,0.08593199727596991,0.07223330281241266,0.04740683209186215,0.16159568389803575,0.016010986661486815,0.008924233573960678,0.02000071628542067,0.004458665146338137,0.020502914704590126,0.008963050622625117
synth_F_65_062,Female_60plus_srdc_poc,0.03562392345372358,0.04195629373117473,0.023398106008196404,0.027414189088079154,0.013753526031205424,0.014208916117173846,0.03558035991062223,0.029140238682209517,0.004600289634738681,0.08616170496384991,0.012747525556740052,0.009811495158715844,0.01924345811172179,0.16666508861082582,0.13562369241698566,0.046238088957129345,0.12813198903290224,0.04213282068276097,0.01496008178648431,0.013717318163241019,0.0049879083695737614,0.04525843627048976,0.0025957216297757013
synth_F_65_063,Female_60plus_srdc_poc,0.05246826356259856,0.062132244772022255,0.03778227225347008,0.03794156438293373,0.013059491879978005,0.019823409265383708,0.052579099385133415,0.019037103702662463,0.0052937108232954284,0.11594348940910797,0.0293632346816095,0.018242893416141926,0.032549788004963234,0.1368722091496345,0.10177797873121261,0.035255765421282725,0.07958890147229518,0.058567832136407656,0.0458602291938323,0.01347213172406175,0.004121514597461593,0.0296435338563147,0.0032920647734169814
synth_F_65_064,Female_60plus_srdc_poc,0.040682037341349266,0.03253043606791172,0.025027781599243935,0.032671359178162405,0.011707351460261882,0.010122335128979032,0.03945625773051619,0.014927631800036503,0.009110963482029383,0.06469819951854949,0.023996560483873,0.023396048369221607,0.015244610814057497,0.09897015361561184,0.13281334337947825,0.027588022036933783,0.2332887271677566,0.0767724711863073,0.016123609031741072,0.015318806770814503,0.0038039004380465468,0.035791274381827186,0.003282200500838691
synth_F_65_065,Female_60plus_srdc_poc,0.03958711154665435,0.13439504524563894,0.038672858344596175,0.04028638445557319,0.01218830583325888,0.009175967628424235,0.09016003814569817,0.18598187292940394,0.017297488616941838,0.16101143352522282,0.03160756870141897,0.07358286108579308,0.16747787494247504,0.11136588036309682,0.16043236188351442,0.035432513928023504,0.1403114360820862,0.06211856443476398,0.05836464855339327,0.009738575613115282,0.003957808718485806,0.04557441357670264,0.0018139219411631468
synth_F_65_066,Female_60plus_srdc_poc,0.0539651452384507,0.044050271438891966,0.015424255592420255,0.03925874616484434,0.011350554414099321,0.01008103658070058,0.034068589247981534,0.04447444741941563,0.005881446782202109,0.08084196140871665,0.025112441704583943,0.033771027992587355,0.023098322139975175,0.07935877085179079,0.07118015661751313,0.025477552004647495,0.18369705297826527,0.04797177135845227,0.018677204717244985,0.009043623552276786,0.003056148031813601,0.02244440224349449,0.001457867929521165
synth_F_65_067,Female_60plus_srdc_poc,0.04418429411138545,0.03508601512231818,0.015292766029087128,0.04407885207300841,0.011127992273457888,0.005933191979738256,0.05745762218988752,0.011148669797606384,0.0240452155614027,0.10859284942416293,0.018322595596398605,0.3903134470912275,0.022614464885853783,0.08547185437566719,0.22618388685907492,0.021708506867019802,0.17900740756442352,0.01076369689324313,0.011544619045805966,0.020863469472031954,0.0055617341353073136,0.014344687729408464,0.003318355484967346
synth_F_65_068,Female_60plus_srdc_poc,0.05594965124637217,0.08781981429752685,0.03552577909157244,0.03960181149227331,0.013619094063059464,0.012724892310890959,0.07843385412621345,0.13289487225680288,0.015472376293424829,0.07730563938047609,0.02732194606011228,0.010379431554171764,0.02759472232247257,0.06008977952178928,0.0907210354368313,0.039956414825439136,0.15758611265881267,0.09499118557445892,0.026981227327390892,0.03217796750577448,0.004399466044907046,0.037617797745637505,0.002202539994069496
synth_F_65_069,Female_60plus_srdc_poc,0.04699364518471619,0.031970380323200244,0.008464449927657504,0.033486193465337426,0.013264397026722618,0.003112329430007686,0.03832363636619658,0.028067169717876858,0.0046850869937665705,0.04528193793283968,0.014762069261111687,0.006388025809950523,0.014575269507236657,0.06059807852432926,0.07810096649335445,0.026757397733219963,0.2231633387232826,0.038659026942388666,0.010421429748047379,0.008512001195155269,0.0028836293920415207,0.01716706025218347,0.0007257413305607913
synth_F_65_070,Female_60plus_srdc_poc,0.05412842809236187,0.09220626255074653,0.04324677497257298,0.036078628834489264,0.012524374871971992,0.026249308562172252,0.06344306924706865,0.022211413031626867,0.016611311611905984,0.09906576984535138,0.04645937606139378,0.018581411738368345,0.030963033880261986,0.12812749445025318,0.057816587121153944,0.027521771040596586,0.16902339885177942,0.16891039469049213,0.03035787738040658,0.028566601160631536,0.004760501029515507,0.030447015603783354,0.004475693765317207
synth_F_65_071,Female_60plus_srdc_poc,0.03895646489507703,0.024761460654849576,0.011273791056343832,0.03187947633663911,0.015029972889835526,0.004208638229389221,0.03998874526527276,0.004503554291447527,0.0015783221371107935,0.03863481158963886,0.02401689091089412,0.04736427060943495,0.012258287234260869,0.06118430025844973,0.08887787757159973,0.019068136462325348,0.10553663600228164,0.029806713353823934,0.01075218397496715,0.004833443822848424,0.0029223561971990705,0.03266114947357118,0.0014198515321273352
synth_F_65_072,Female_60plus_srdc_poc,0.04495791707106078,0.021933558678868786,0.020964979225896185,0.03808188588442505,0.011906582224838,0.00892913067013769,0.04736905712645406,0.03582458300210321,0.006459280046872283,0.0856866680918839,0.028651610530432525,0.014000663326694711,0.018360943117025838,0.19913022139704872,0.1414650071238046,0.029685514172179562,0.10038297010341067,0.038428234115493204,0.012662175424991182,0.020098537939174287,0.0028520561032094045,0.025325659668043295,0.0031775072362196597
synth_F_65_073,Female_60plus_srdc_poc,0.04972242019918169,0.044718381507094396,0.0266570670001926,0.037290629513648595,0.014130886012899234,0.014962287999517045,0.04087540520361973,0.0245656888668684,0.011252677623276888,0.05793966566119947,0.031661281962680865,0.006995692674063249,0.034812433826182106,0.11520717851639636,0.11896889954488613,0.025410139243899902,0.17062709574091184,0.07529416278809692,0.009406109915320067,0.023640929349116376,0.0031798980632181673,0.023490531997823538,0.006122423479294877
synth_F_65_074,Female_60plus_srdc_poc,0.027087368790815722,0.03146233720425125,0.01456770046675004,0.041227310276756426,0.01059402973841461,0.01518921606087359,0.04097280117203303,0.015441246808309854,0.004275329463796421,0.0862826975171597,0.011118953464815224,0.028039672145439787,0.010908841398442405,0.09605933324991509,0.085699702726449,0.01896122449158962,0.10115958066385178,0.027140639368289178,0.01514373373277956,0.009136106065226279,0.0038274006709775737,0.03511365001180242,0.002692866333741556
synth_F_65_075,Female_60plus_srdc_poc,0.03819355198140453,0.018175800920853448,0.017048521543087305,0.02926707124042761,0.016049315551384596,0.009513875718815602,0.036465118023744615,0.012178188196543711,0.030315748570838335,0.07530979424544493,0.019831953951457447,0.011382872762299639,0.008327134780187597,0.10953852520065953,0.10032232101406341,0.03109482682103521,0.12125415551726307,0.03483740682057388,0.012632212184516227,0.010871340373734505,0.008729955924453903,0.027025921496647017,0.0029879180177891963
synth_F_65_076,Female_60plus_srdc_poc,0.03108677620781675,0.031976709307454707,0.010588773090956051,0.03789540588286186,0.015278688059916617,0.00549346529742653,0.08963954173591276,0.04844986888786687,0.06894422028049736,0.07702365203798997,0.0210310449973333,0.07309835266004494,0.0147743150956151,0.09082891047823448,0.0936224716627341,0.03519140179689217,0.2534787320308795,0.01938882424562187,0.01032138182542798,0.012399882872548043,0.012263992843435894,0.018875588971748365,0.0058453132063048495
synth_F_65_077,Female_60plus_srdc_poc,0.05791394727855813,0.042657735960857486,0.039227837650245866,0.03567464816604353,0.0199343838934405,0.01695454811526764,0.058673163192914164,0.02941689324457105,0.007493655410333501,0.1254930442553257,0.03381163203355133,0.056912987529434196,0.03305790639343918,0.09782082285183157,0.08541373671051478,0.03409856277264261,0.2405851076391916,0.055270853057682666,0.02140198202269874,0.023959698714566713,0.013366709492687196,0.0376879216102266,0.0033035036041740465
synth_F_65_078,Female_60plus_srdc_poc,0.05224870146161605,0.10053558786055274,0.03424846124356933,0.04319927072397871,0.011559539623461746,0.020782564004352733,0.07785379161120873,0.05685619918667175,0.0554881131154553,0.1107388500445351,0.04712233769494388,0.11072890170701342,0.05345405582305185,0.20623270224276227,0.23274537148905847,0.03466787998398815,0.40497313127959106,0.07045095797192075,0.01668624882504238,0.006833019917314495,0.00517411228146192,0.05074962366875361,0.006837701261283196
synth_F_65_079,Female_60plus_srdc_poc,0.03685292617068906,0.018997477147781,0.013002920705216506,0.03131289536886323,0.011565267449427307,0.0038342371614362024,0.03254439310187403,0.008460195557326224,0.0050269910209258745,0.05843502048801601,0.015208722177305855,0.00764020970095993,0.010619297646118957,0.10214876957799468,0.10439199568126363,0.019819807725494278,0.0818215770628145,0.04170566245975266,0.007233187383924983,0.0054620850273518155,0.003121951642904699,0.02900300364838042,0.00121402230056386
synth_F_65_080,Female_60plus_srdc_poc,0.04226978840778926,0.0285962736342577,0.028049256378022903,0.03777833287688564,0.014364688198998927,0.015820624560545206,0.04389883442349472,0.005201619870017175,0.01499312898289777,0.050966014039253806,0.03259996108200118,0.012531239167978783,0.023189601397491266,0.0971512076513101,0.14203697130468562,0.024350371927007224,0.12890561296553338,0.07503023859580032,0.02277827935723732,0.04147784012287491,0.005097669370004968,0.025537053533384035,0.005189320810418962
synth_F_65_081,Female_60plus_srdc_poc,0.07981011880843997,0.021616413199477727,0.01269991270008929,0.033918428370000586,0.010673549632039828,0.004377602892232751,0.040623519705976135,0.0096065385280425,0.010374774648553268,0.0650056558999894,0.02261197494313263,0.0038088015250479393,0.009428816147261262,0.07069318330294047,0.16378771584343038,0.02447086201243407,0.10352633810265255,0.03909231879150468,0.011163692383282374,0.013172936893013203,0.003154603270264972,0.019365631445013198,0.0012779368774645573
synth_F_65_082,Female_60plus_srdc_poc,0.03148610671467778,0.014421588773742453,0.07070607828629584,0.02430308742449235,0.011355674358008145,0.00634721280428685,0.05270382093614875,0.050878676973071225,0.012009326548851725,0.08307161936351015,0.013220745435834926,0.21214506827937374,0.011878239217809276,0.09773031768102465,0.032877147359785384,0.047082872854703306,0.08392864533791793,0.04993924614470489,0.018087703289007086,0.007737615192549141,0.006797626617203457,0.018896671469358164,0.0013951537173886252
synth_F_65_083,Female_60plus_srdc_poc,0.03109871963762603,0.018430196387992533,0.014491564519084683,0.033944953496563346,0.012568706340301185,0.004759686538862089,0.03365011095356612,0.003203682125180763,0.008467075692760874,0.036824825592094185,0.014711124580132356,0.0077671689493986435,0.013018041709625184,0.0614072134501104,0.07823624406724462,0.0159582631580554,0.1070398890385634,0.02201900450091218,0.008502326241744431,0.006895632561962289,0.0030557079125094234,0.010484579653727148,0.0023523669959998215
synth_F_65_084,Female_60plus_srdc_poc,0.03358537457645897,0.03988207468795777,0.01217871427295011,0.03638766637345804,0.011028746735578958,0.013470523263719785,0.0333937693151956,0.00675639811518372,0.004071882806855146,0.04683791045782736,0.011862460646566021,0.008813613145532147,0.01758367012999757,0.14004780091517066,0.11369886878242798,0.021750020786953674,0.0934535392119073,0.02939821129130138,0.011411917474194436,0.009323879994197912,0.002486588738738324,0.03743107417020737,0.0019351514338290083
synth_F_65_085,Female_60plus_srdc_poc,0.05573885722549251,0.030167929218660117,0.03680278085808551,0.03642568408408505,0.013412684533225935,0.006995873713456639,0.032153756886008744,0.004829658822382166,0.02035997498284707,0.032484267457355,0.031133704079513904,0.003984800676266019,0.006275910804914024,0.042473512141934365,0.026446098199298027,0.038183047524903375,0.09579546764741771,0.028534136439210572,0.010869909708346155,0.014432224051278314,0.0038299526581318023,0.014048089295295161,0.024466220939796918
synth_F_65_086,Female_60plus_srdc_poc,0.029993791734804452,0.023942266973813544,0.017281011658864642,0.03239623147579563,0.013276167121982851,0.016267204516910765,0.0359720963256248,0.008315235859892219,0.009692277589381489,0.07695885351438338,0.013703660305845728,0.004666799596153218,0.011643507773753616,0.06784620515092848,0.04620417503437157,0.026247831945631947,0.06423564826698008,0.059834259957592305,0.018179672327864417,0.010226002755523234,0.002263029844678913,0.01735500180221179,0.0008930707706984415
synth_F_65_087,Female_60plus_srdc_poc,0.04704909741691726,0.02547307110590375,0.02589958484455711,0.03555129516261721,0.013174107961198363,0.034109878865383546,0.041820853316913785,0.010913807373808489,0.012981010360000987,0.11127039605314204,0.024077465307009785,0.1326298010633877,0.016864899515911965,0.16956846401763231,0.09030977527693076,0.018685995614493373,0.17740299727283743,0.026467111136044778,0.0194245864739091,0.011390793016922897,0.0072496077353445005,0.015659599054060436,0.008883230241096565
synth_F_65_088,Female_60plus_srdc_poc,0.041500860585944994,0.05638673628111054,0.015486601296772722,0.034710939824891485,0.014125052556487258,0.007678958564665387,0.04095981103811412,0.05526101831918724,0.004033854208064458,0.12412863975267024,0.02718726282515274,0.048622933126083075,0.014659052341228251,0.1147784054964137,0.18514490865042485,0.034245074184763774,0.09913391371483074,0.02223697866462179,0.011713471497830776,0.008551604292101821,0.007513245036085269,0.036738746202081805,0.0026539371097883757
synth_F_65_089,Female_60plus_srdc_poc,0.037087768888742725,0.12612175896503652,0.01166950660767576,0.048998814531432,0.011750479540280414,0.006062034964942139,0.039231315627980046,0.006051798714726149,0.007400977015705226,0.03518181477399812,0.008349616662071263,0.002808757822785951,0.02556257204646327,0.06524187614330945,0.0703387172256879,0.02136566850526342,0.23254427391315843,0.02384992008707859,0.010187471435226258,0.013821934190370502,0.0029697743074974924,0.01909741859758404,0.001973188529478902
synth_F_65_090,Female_60plus_srdc_poc,0.05215385062094732,0.09376259677464546,0.0354543064692194,0.035769463364645274,0.016242941594860345,0.030422464687004065,0.06748176150962827,0.1966265786311816,0.021477029738623227,0.11871091469215168,0.034151156812886704,0.1146578994924234,0.08378974129080516,0.11329879809984757,0.32108263410682086,0.03024006666553776,0.28541265607734834,0.023497638913138164,0.02615870993653243,0.022191755278212988,0.016730236728275023,0.020409197513616677,0.012731991418303048
synth_F_65_091,Female_60plus_srdc_poc,0.049496157228937014,0.010094485864342043,0.014183135278981688,0.03004181463644257,0.013206853513670536,0.008888610368027013,0.03565712121575465,0.036533219083690484,0.002474931124408051,0.05361124384470084,0.015928936368702268,0.0035357684533474224,0.00408795764169667,0.06212182932260998,0.06078955276124387,0.029350268752082524,0.09743225213074207,0.040033717288050885,0.009914290069205803,0.015065689974838255,0.004492720483256143,0.013356629346539427,0.002237113980878098
synth_F_65_092,Female_60plus_srdc_poc,0.0516960986715272,0.05103548803593163,0.01722255640842092,0.03275036702174997,0.016425319772644303,0.013223078906881026,0.03823738703208454,0.012974931495393336,0.002256563922697859,0.060289379774872975,0.03230925048735221,0.02500211340803746,0.025354769265397165,0.06878275488409921,0.03832191695489654,0.022689831338276744,0.1528586103332769,0.06217100393886738,0.030304601736075222,0.011129443107219056,0.0034678433413284837,0.03483420299099083,0.0009666801045330137
synth_F_65_093,Female_60plus_srdc_poc,0.04104839083797092,0.01958520896643082,0.018262287378448136,0.026592094647464964,0.014367040466313756,0.009432875447331245,0.048252772296941145,0.03831795536192713,0.03408055075089916,0.08395354506797556,0.029140353713935422,0.05177119011786441,0.011300795569211215,0.08543742145043343,0.09390547917982234,0.04289038080085085,0.17646643487222635,0.015878996547081477,0.015086576224697291,0.01361010157297552,0.004715564920481631,0.0140803001658562,0.001532357150059933
synth_F_65_094,Female_60plus_srdc_poc,0.05253093012566482,0.07402597562975714,0.030757850640515668,0.030388719107869566,0.02244044288957596,0.029797857462086293,0.059460971232910505,0.07485398814841258,0.04350924302144987,0.12430262325530243,0.031326469927516,0.10242178898448757,0.049345259254509395,0.26394570621511143,0.1519766850266653,0.03758305699605338,0.2505077926589119,0.048081117324183374,0.021317473356167085,0.017506945663408012,0.016479908595698794,0.025176883001390166,0.009428501615871937
synth_F_65_095,Female_60plus_srdc_poc,0.09716502481742471,0.026431966477771022,0.013521018918629571,0.04001670174179643,0.01272241152041948,0.005648727793147229,0.040199151211540614,0.01537415796988489,0.007463617704401949,0.04546183821241596,0.01689198717046882,0.006179456465990077,0.015345366209316475,0.1205129427677501,0.1441835528333099,0.028280767250024402,0.1956244971738634,0.025214147430726242,0.012736303930769279,0.01323607464675186,0.008347906053971862,0.02276392211824962,0.0063470615104564065
synth_F_65_096,Female_60plus_srdc_poc,0.05538379106725704,0.15481825826163614,0.04861425929972207,0.041955844437353285,0.015149055270643762,0.01665906048212886,0.08970636005793313,0.1694072431005469,0.009056488109908492,0.18351733982904264,0.032058267738962025,0.053770270857242654,0.11872782049850629,0.12171199352339397,0.16836003141788733,0.03531136158801066,0.13066000824431953,0.12469888222508166,0.07100727358884053,0.03021770892359957,0.0052033865109299676,0.06694442083721878,0.005001099377625677
synth_F_65_097,Female_60plus_srdc_poc,0.05433898905901824,0.10298743145912592,0.01998301525996945,0.04531958617803473,0.014581512213329014,0.01929487790707917,0.052580570135175045,0.009566017727271644,0.055971819335379085,0.0839361339047159,0.024218406457527857,0.013090074237531604,0.0454388663440575,0.16782547517661636,0.1551863468490122,0.03059350690604461,0.17809943168100814,0.028185426586009397,0.016186191827244803,0.01106652259975163,0.008247240716987835,0.028434266458543998,0.00735735441229408
synth_F_65_098,Female_60plus_srdc_poc,0.03537119827089956,0.039734513617822424,0.026340084305944114,0.035053112167351644,0.012314046203640367,0.007960821389893015,0.04046854425645866,0.01294126985127867,0.027863799764351542,0.09812790814906841,0.015194172220887304,0.46253705503166204,0.01859749839385894,0.26959882035494004,0.27468407916164206,0.027300378624175153,0.22114820503541943,0.043168953466589007,0.016896446932634913,0.012407845115492113,0.02331427499647691,0.03414551329666524,0.0036155257875883097
synth_F_65_099,Female_60plus_srdc_poc,0.07095102847746303,0.1546143052032509,0.03498310860026061,0.03348611352368069,0.01197257324056166,0.019167108509785365,0.06354118698797145,0.222110695268812,0.003667339928386296,0.11621550315684084,0.02880140411381492,0.455716694843502,0.07886108709030058,0.24144905673710879,0.34334530979516703,0.03307571905259034,0.20957533315369928,0.13295721601605204,0.03277573358267307,0.023155596403602215,0.009229970327641966,0.10993441505599841,0.0029077902371384195
synth_F_65_100,Female_60plus_srdc_poc,0.02904335767258601,0.02123878880731964,0.021422646171187564,0.030645481164613006,0.0122118578089175,0.007398486381748253,0.038330954116761254,0.0037508724337297285,0.0035946216275698083,0.03825432678963085,0.013524830732871777,0.015526634019506432,0.006825868594402477,0.05154414979282947,0.09105200389934215,0.013575803029457758,0.1399409232510619,0.02056479983457508,0.0074328877799214495,0.007497643456182355,0.0035050109907445474,0.020038890292460535,0.0009800309748377906
synth_F_65_101,Female_60plus_srdc_poc,0.08205265512706614,0.17043018248005873,0.10886393556254217,0.03497005491996219,0.012871666772876213,0.028483895385702958,0.06637874465339089,0.12637150450567436,0.09231645700648466,0.13666681040859432,0.04833420609077964,0.09074107540518654,0.09550730411360155,0.15651627053830555,0.15715581610994192,0.04179666617580351,0.4728337187170301,0.06597168546361466,0.03743825604581047,0.032177276032267194,0.030234604372460325,0.09616918875383504,0.017531048519601574
synth_F_65_102,Female_60plus_srdc_poc,0.04722266719101513,0.030746544397532077,0.01827449879082972,0.04585495431982061,0.013265659667747013,0.01200298037626839,0.040556835396205,0.0047877001274395405,0.025318067843159733,0.057071633168800553,0.021335616764994614,0.05471010789329517,0.029078402901898073,0.0857475307726871,0.1615329620060601,0.01603657473018495,0.10730549573842241,0.02709796936571215,0.016121215082256037,0.00929984981059009,0.005287601366482615,0.024014822085837165,0.007329304716362815
synth_F_65_103,Female_60plus_srdc_poc,0.03584865159576985,0.028960972520081903,0.02765193662051272,0.0453393535674751,0.01276587451872116,0.0101311893291454,0.04434688575132231,0.0050779513296410105,0.02091501444444688,0.08509290263119461,0.018418354352190247,0.052008778395088454,0.024697026216742603,0.0562923271756174,0.07529187062335006,0.026703681453834466,0.12768299121313414,0.04078858157327567,0.01637266636003383,0.010317593769901365,0.006315487282027533,0.01713838297455228,0.00744539938168503
synth_F_65_104,Female_60plus_srdc_poc,0.049126318218380635,0.06915040151277665,0.056103963074995024,0.028142465533103355,0.010676037451332505,0.015730955244002965,0.07020550963035,0.021483956776038416,0.05845574128393065,0.1426730845244557,0.029567106234070425,0.013616401358708632,0.035268768762869364,0.10077058390279692,0.1024078010611693,0.03836138864817325,0.2642584261676511,0.0498286299097294,0.02169900026953958,0.03242263221766703,0.007797908625960223,0.0477405277159937,0.003175442273808932
synth_F_65_105,Female_60plus_srdc_poc,0.02941822361350656,0.03616946099734617,0.014109558728219614,0.033377790347710476,0.014477207167194967,0.007953676158095535,0.052995847494242514,0.1145177676120867,0.010068509795385665,0.0767610394877102,0.015054499439154953,0.03876755956812079,0.013798519051979026,0.11395240184970554,0.09184725663964421,0.018299904122621995,0.23813631597287596,0.04842450240818788,0.00950044642910867,0.010670332929378672,0.017781178876061732,0.02516318632038841,0.0026454444072194737
synth_F_65_106,Female_60plus_srdc_poc,0.027965306642564126,0.011569157130074793,0.018282739774243197,0.04108648524363074,0.013037631761332115,0.009162467811530956,0.037045225169996275,0.01117917397519729,0.007496451207987686,0.05215754562243346,0.010369953636317321,0.004126908093454797,0.013208507808475036,0.04127286378673811,0.04068099206147855,0.017421586858876237,0.13887236553072788,0.01439901990259444,0.006126521166922183,0.011270981644098883,0.005800281197682019,0.012432631265780713,0.0007240024168773652
synth_F_65_107,Female_60plus_srdc_poc,0.028047421549031604,0.016152870135364945,0.006392473360528777,0.03226286061040309,0.013446521454583879,0.0037136888991160986,0.03558193824245647,0.005136142565332199,0.009931302099931295,0.02984520916710769,0.013253296135275072,0.008105534459512856,0.005675065387300842,0.03990101793958644,0.04193999409067115,0.01634442342084551,0.15572091056734183,0.009778782953041326,0.0047593739430180325,0.006999180757807775,0.005914389419181583,0.009381972489699122,0.0012124229822055715
synth_F_65_108,Female_60plus_srdc_poc,0.03781197933678916,0.04553727816848701,0.035010045338666196,0.03877177530774371,0.013616165941028662,0.012509380432067745,0.04507277019384006,0.00451167202444142,0.006174719297727495,0.08111589547878441,0.0226872234037114,0.02074560994978299,0.01922777313097767,0.08355108163241415,0.06914716768557198,0.02426574902898256,0.17015588257346145,0.018838526711962948,0.01548285901520436,0.015611216357296025,0.005687494420702236,0.01739818302133647,0.0024130897356343913
synth_F_65_109,Female_60plus_srdc_poc,0.04976154153239339,0.025276852404445674,0.00650156433786628,0.032634366756299354,0.009759110252013052,0.0031292821747727043,0.03324624327829496,0.00428961723765939,0.00238930209499299,0.02453541058797087,0.01023584561852673,0.005183948717802761,0.0067070674744297044,0.041513379292281466,0.018409982884508395,0.02089450782503702,0.07758376573820804,0.030530884466303275,0.007151395785446469,0.005657745624346909,0.006134600721241315,0.015974874512917354,0.0018135570615549527
synth_F_65_110,Female_60plus_srdc_poc,0.04615233611335057,0.06285481838037636,0.044858373281186394,0.03472844860131267,0.011983506013317144,0.012411712831619931,0.04954699537199471,0.007967397923593529,0.01335297072321261,0.06268435829708527,0.027560816652576613,0.008827527548145128,0.027750649765470058,0.10663829448451992,0.08688444317865274,0.0219365692944795,0.17795836048367628,0.055939955668235314,0.02163732016954624,0.013130209463255849,0.011440303267213441,0.035356586310332595,0.003844647847636463
synth_F_65_111,Female_60plus_srdc_poc,0.03408082947595868,0.017627567311555327,0.030202669290028378,0.032650279714808356,0.013336825937516622,0.0073679352864362705,0.039025034624891514,0.00884625732896033,0.019778126364014343,0.09812371899140672,0.017261844905928105,0.15038209818605158,0.020919570293454957,0.12555054521460568,0.11276996696757471,0.023411544458421116,0.16035925659181882,0.017804822187639704,0.014022551902191495,0.01783089937681404,0.019294745235575537,0.022535148793450036,0.0024525892121850528
synth_F_65_112,Female_60plus_srdc_poc,0.03301794000357786,0.01940366040214968,0.0075434746219691165,0.03691617443437291,0.015570248919997212,0.006665931358102301,0.035867052600479045,0.003540389352783288,0.004702101790681445,0.05133767043915394,0.01712210229883763,0.0071178481803747555,0.004908210287716786,0.04053395039166091,0.035767871518288225,0.015915551027335342,0.06770699430507349,0.028481680541782285,0.007161891111964746,0.007840587755556898,0.004419251986004204,0.012467508978824935,0.001631034272714607
synth_F_65_113,Female_60plus_srdc_poc,0.05016413023186945,0.03365185175771486,0.04650661575545953,0.03365756764243626,0.014807304442091546,0.014891959933575106,0.06332303001043306,0.055029547204470106,0.009611464191399847,0.14943848267809545,0.027813297526151585,0.06159645414546652,0.03142861919796652,0.1601185764194509,0.09262807980193659,0.036967581934555314,0.1957053828067556,0.022497625477018696,0.030256542664696674,0.02193374525197317,0.008260791280504196,0.02396033083748997,0.0009044911259886311
synth_F_65_114,Female_60plus_srdc_poc,0.048527344791337995,0.030641515630458586,0.008588003865288959,0.03483094448524439,0.01613874326447984,0.0075954736028736695,0.04422310576152182,0.003988208105831576,0.004196091251422704,0.07633649895599595,0.014309993230221401,0.02049925478176063,0.015901193494108807,0.12124044025277284,0.08820022898344036,0.021153634401193385,0.22876817207708525,0.029701794944290476,0.010596294673908886,0.009447951892847783,0.012628503765556128,0.01597315777217246,0.0019180995363517804
synth_F_65_115,Female_60plus_srdc_poc,0.04352034819337667,0.03453318156039014,0.008505395026274981,0.029589554249145635,0.013650363237009638,0.008112341787586234,0.06583888823784717,0.0035886941572573876,0.0070394527875549395,0.060353574875080154,0.027015174311158453,0.015575428889049553,0.02400815710564503,0.07436819131402478,0.07780816673922672,0.023348271377608077,0.1602400830643151,0.06181974827745263,0.024505480859601556,0.009772178985894232,0.003681484947675789,0.021572102510647305,0.018491566218212466
synth_F_65_116,Female_60plus_srdc_poc,0.03630448881236327,0.02774014895716539,0.01597720034538558,0.03299090934617622,0.0116072235239152,0.010475917689657367,0.040518105461164425,0.00615347300633178,0.008925916063849381,0.04355924691516278,0.01818120536574224,0.011859340208657213,0.02243784758791215,0.12441097586834773,0.06766194651410815,0.02506334070122163,0.1488309550623879,0.02355740470110374,0.009651010562072938,0.009312389143877274,0.006216643386966787,0.019699399146363344,0.004172934315542577
synth_F_65_117,Female_60plus_srdc_poc,0.05887074700865473,0.06319153211237236,0.056527776148410945,0.03728131752746995,0.014938589269075014,0.056898692942329326,0.058145024975986434,0.0266830334565327,0.03415536192672417,0.09113944817175479,0.02296024203040781,0.03029873004991076,0.061215743819750826,0.19076654085275577,0.18627401576983404,0.03831360536275262,0.1900628562659322,0.023040577094419097,0.03531777608076623,0.01739988145759478,0.015783814260326757,0.03224528307109323,0.0027328220900539766
synth_F_65_118,Female_60plus_srdc_poc,0.04415361631859448,0.09165684644898335,0.05880967636175577,0.044336435937813695,0.015107808163720367,0.012175600630162904,0.07122419363517497,0.13927780548413807,0.01785230058842458,0.12313130619158358,0.028746795426125137,0.054126672572688966,0.05763762237844403,0.09458196206999578,0.15012351271444924,0.03828680579974411,0.30555935527037437,0.06383379460158443,0.021036437036132505,0.0296038496690195,0.012237198837069661,0.04063623163508362,0.0007856321802011716
synth_F_65_119,Female_60plus_srdc_poc,0.05304848183753248,0.08649027330637309,0.04771736986829725,0.035762979486857895,0.011472432442606399,0.01365204194152545,0.1012108922467393,0.02045390838853917,0.035701803324969236,0.07916330507212199,0.02814858166003948,0.008814800091882706,0.03192108706810249,0.08636310789233166,0.22413859122364718,0.027625742825446373,0.17923229918405856,0.02668134866468614,0.011625290634392162,0.029939254635712183,0.008774089879126484,0.034722894993109904,0.009526183866034908
synth_F_65_120,Female_60plus_srdc_poc,0.04227304869097628,0.0718574907391271,0.02071160884192976,0.04242975674698052,0.012908062311865445,0.009332208007100417,0.06649790931845745,0.01887489351113982,0.009787972440399131,0.10608655122680041,0.029020930060224336,0.05323788486322826,0.029521725457321384,0.14182631165957368,0.1499067070587843,0.029238903133325816,0.21547721377750795,0.0307087300544289,0.025213273632270373,0.014101241248377113,0.007812397706889473,0.04032386974847638,0.004667056428887347
synth_F_65_121,Female_60plus_srdc_poc,0.034110958010263905,0.012746839155629255,0.014739686589042289,0.026185418942975693,0.017077386200369127,0.0042161527473061795,0.03535233888399513,0.01659118122676651,0.0037176193543541863,0.03413529033104842,0.03012928776763847,0.005387799050413092,0.007560883461456271,0.05140053930855546,0.11260068501743416,0.023987877477709696,0.0701449891369846,0.033028325049804956,0.010450552691807408,0.0048805983894389185,0.005283205779978381,0.023031016997366767,0.00855237094922138
synth_F_65_122,Female_60plus_srdc_poc,0.03430923943837104,0.02256429704613449,0.012899791340831634,0.05103990460818321,0.01319040505962419,0.005572938234186779,0.0534057624786135,0.003650857762260246,0.004375612206601529,0.0539215563130534,0.021202850961951864,0.01116163678690574,0.012194079816211253,0.0636191862300177,0.17060295120634392,0.016633733940549292,0.12739577524624948,0.022481053196337118,0.008414880088146203,0.01485945265067552,0.005435145799366834,0.018875202176663004,0.004878325197619657
synth_F_65_123,Female_60plus_srdc_poc,0.03460306998844058,0.049091522611896726,0.01942640749437207,0.05038119755071186,0.01376042863212984,0.008750052934887965,0.04626572230261086,0.00598454613386105,0.024963598418277076,0.05802463374893635,0.01664900654697852,0.013607792787143183,0.017333963302403218,0.07701460291319756,0.11330430568739074,0.02169307275410779,0.1580404308001095,0.034792487122658464,0.011054524961046254,0.016064366663882668,0.011297565622815938,0.01647217674996207,0.0033512389492872455
synth_F_65_124,Female_60plus_srdc_poc,0.04196849026663752,0.10266165890386406,0.09286232356022396,0.04594937567717495,0.012278614607673695,0.021697204708498424,0.06650465603500046,0.0308817319157474,0.04986400230824873,0.12735260723088052,0.033341215737927754,0.07466961109117859,0.07712244696539448,0.17874735096015745,0.2664298217543902,0.040536555851700816,0.3219518780366144,0.04528195928243318,0.03304592071042098,0.017072833070706967,0.010658510816039012,0.05018073169652821,0.0028403865531965405
synth_F_65_125,Female_60plus_srdc_poc,0.03734031149337556,0.036106387544814676,0.013044679611316168,0.04110789721149143,0.013387293573357627,0.008996484061617904,0.05603811818328411,0.01196606915992911,0.004879750816481221,0.09309419164239129,0.02267132218920158,0.020572361678194324,0.017182740532510957,0.10343828120018791,0.08831738141787565,0.021963144183516487,0.12240509625816846,0.02199536370343449,0.015013307563117414,0.010447303616020627,0.00551277671183191,0.015239892677879925,0.0013349162015739216
synth_F_65_126,Female_60plus_srdc_poc,0.054597309709644964,0.10196580829092977,0.012019052655062567,0.04082273289096655,0.030332511350462967,0.015029850579907331,0.06814626197224895,0.16260524219485054,0.00545484845129795,0.1019233455139841,0.033458614349448454,0.009234361283851685,0.029672802151626078,0.07185473459207141,0.1951063472424731,0.040293560035810964,0.26054878847202856,0.03751763167760206,0.027131664147871576,0.032220107371759295,0.009344594538741683,0.01902146986617352,0.00962265119169779
synth_F_65_127,Female_60plus_srdc_poc,0.056989454596236715,0.032883896186120164,0.023132466978778632,0.03496037076875398,0.015404084629773577,0.00927244498694678,0.0551934807399803,0.03516367253558296,0.014707429328811096,0.047018768569491345,0.025769015907171604,0.07739850610977649,0.02483403069853802,0.10220608093906935,0.10471773711696535,0.04590032008784534,0.15948214809984015,0.03117962437099615,0.016175742323326088,0.019221121284820626,0.01644064654939527,0.02359115978622917,0.00047906411979157783
synth_F_65_128,Female_60plus_srdc_poc,0.05118786967374162,0.04081068365293376,0.113368214559606,0.0392057247814901,0.016117522100282073,0.024859461295895332,0.06904862565041271,0.037886277348293904,0.039193641495163814,0.13173967624346608,0.029932727819790703,0.029199561533818228,0.023430540591087526,0.21211431534454783,0.0783744863932784,0.04957310440385025,0.11263455129516119,0.10714116027253595,0.04472513548604172,0.01678621640914176,0.0068347643131474916,0.037918375172194554,0.0036139966480697888
synth_F_65_129,Female_60plus_srdc_poc,0.04387877400434114,0.05992673487419606,0.015827022281318957,0.0383057321879152,0.014651223980940356,0.014275936689528451,0.037402530957575085,0.009644725709123832,0.002838404112662063,0.08519108663171847,0.017529445410970658,0.012344075461342946,0.02186370013617403,0.10685233779087518,0.16292674896625176,0.012537374073647491,0.17841828213971403,0.036578010782140354,0.017187574826482817,0.005942204721425309,0.007295543433806299,0.02471770667173034,0.0020983305246179175
synth_F_65_130,Female_60plus_srdc_poc,0.04514254377066611,0.0343903392330984,0.023206112593801044,0.03031390990402012,0.013482535453020599,0.01790598846132662,0.05000323581135158,0.00473436851900961,0.0036579782536223715,0.06723556550338503,0.024780390960954437,0.01452509535563415,0.01867422118379968,0.1207558177365484,0.1399140334588269,0.021582332683004336,0.1363012275430617,0.06170744921887388,0.013133741806461166,0.019195123938552657,0.005223827388138969,0.029549696571915605,0.004229540144453864
synth_F_65_131,Female_60plus_srdc_poc,0.023841712208322863,0.03187900612508573,0.015581297397687334,0.026980082588743955,0.011037382214802488,0.0040514395179590355,0.038498135172787315,0.002666148785931657,0.005245477272229887,0.03629626863054369,0.01336766361471036,0.007996148763530084,0.0084391166364203,0.04731608936707559,0.03126470267687305,0.023216920130180622,0.13556569237618715,0.038027236222300614,0.008325202392157517,0.0049055681474308105,0.0034400512968396075,0.011453332520605824,0.0014507468225367194
synth_F_65_132,Female_60plus_srdc_poc,0.06153784265232369,0.09330335016301503,0.02231321936265487,0.033754299575133685,0.016994201961070675,0.009437892537423064,0.04009084370139002,0.012503292167049007,0.007891022305509303,0.033444365937158174,0.017006256878230864,0.0045611799812309076,0.01348258672358555,0.054565390272380714,0.04889656070902705,0.02414163389339275,0.22738334413006722,0.06022427476040811,0.01293614464200423,0.016496406434153486,0.005956873280835865,0.016200892987384658,0.004357326983145751
synth_F_65_133,Female_60plus_srdc_poc,0.046926580411082726,0.06032282176439655,0.11180207528233169,0.03686192115196342,0.017293736533036196,0.03773394865159207,0.0556451073483355,0.018413654364314826,0.002517864490450173,0.11066311951550709,0.022880949982518623,0.009690560735063272,0.031088588248078676,0.16496791647396541,0.12475798503600362,0.039099836551707436,0.14224955591600721,0.0800768765366915,0.018558111980797123,0.026350974098171172,0.00593009995834381,0.02852461979820193,0.0031895793137339144
synth_F_65_134,Female_60plus_srdc_poc,0.04368169582424971,0.015478325168165948,0.01082248636929412,0.03256863345986315,0.011444353895422463,0.009516709608600243,0.036242954236890945,0.0029179762779363307,0.005894955412952832,0.031174106963464888,0.018670353500200045,0.002298009563249875,0.005456770951933061,0.03241225586504015,0.024323772271409354,0.020267148276781194,0.10387799683077846,0.026556996770023697,0.009539154636944611,0.0138397383110207,0.006823897285784181,0.012918276243393072,0.0023931334269223824
synth_F_65_135,Female_60plus_srdc_poc,0.05027716391929569,0.08553547849904225,0.012430710671839802,0.049831755844343295,0.014731734644290688,0.009727850661601714,0.08389119480803815,0.11411977132022912,0.03824254166807487,0.09503393038384672,0.028050902799981372,0.029818578072327562,0.02616160341713857,0.20857795165706614,0.18536085674840436,0.03999013588225377,0.29608365909031664,0.02571671058508205,0.01235916091706671,0.021035408140814803,0.02048524418860194,0.0564841241952949,0.006081541896045163
synth_F_65_136,Female_60plus_srdc_poc,0.05557732609501362,0.05814905030511532,0.05577338880548646,0.0407168342125026,0.02172240871715702,0.019724938824211127,0.0940897558097857,0.21211255636436996,0.017581344566193216,0.16481024128534444,0.03747791004750404,0.4127832889302193,0.11116872621850876,0.23528383778357134,0.34015424037528313,0.054806900476797975,0.20000316718977892,0.04304787358687224,0.05694895985833733,0.02709299599557864,0.01623249263817946,0.05749647940846607,0.0015412996514093402
synth_F_65_137,Female_60plus_srdc_poc,0.056036554565578364,0.12812259343797325,0.0324612328597801,0.039887840186083025,0.01619074778256332,0.00895921442339808,0.08867126193068951,0.16499084613651224,0.06469000722062793,0.12611745813524744,0.028371900049400014,0.2804230218001677,0.05128691065907929,0.20912368239009888,0.30108096012327035,0.05500009487491537,0.2806784413778139,0.05290664108930781,0.030941530842929745,0.01978925108543984,0.008283030236284038,0.07467391247719131,0.005120531823703858
synth_F_65_138,Female_60plus_srdc_poc,0.053849256412274144,0.06265168992520999,0.060476551759908084,0.032427805667745,0.014660530504807827,0.020226000697162155,0.04837596217338692,0.012158025082422395,0.022544807831902446,0.08485337952597527,0.04450142534145736,0.0137890858974302,0.03408102612994673,0.10552347047936433,0.22839935297514433,0.035804806845800376,0.24853137234156164,0.06823792845891145,0.013650219357467635,0.04349760787452399,0.015114904411841684,0.04846762222572922,0.029122466842975404
synth_F_65_139,Female_60plus_srdc_poc,0.0459320777136276,0.035370142472425356,0.019920695394846453,0.03172860056355574,0.012671009415083999,0.007950934552603782,0.03591797028467514,0.005589076854460181,0.03934059323243732,0.0656176522341622,0.02129090049535748,0.007846993106108171,0.013114770312289888,0.0801986412641451,0.05972275054885559,0.02544704018353094,0.10996506064147474,0.03153959411660496,0.011640917705659866,0.012249734040407915,0.0051972131079809575,0.016980811249834096,0.005402059655679303
synth_F_65_140,Female_60plus_srdc_poc,0.037774157141094236,0.0407397790547167,0.025826304592372954,0.051602602404609656,0.011292815844065492,0.010838496119474064,0.04320048489651296,0.00804436041011793,0.005000182383973727,0.0770224421884442,0.027734054650179342,0.03581352355306154,0.036862113860078906,0.14042198454042545,0.16616339074565362,0.02347384645503336,0.12083706885500982,0.04880822666836432,0.01505874795179288,0.019684221234501757,0.012186008953859776,0.0413046973737088,0.004617457214923081
synth_F_65_141,Female_60plus_srdc_poc,0.07471399271969807,0.13615049533054585,0.16462470017463546,0.0399109628505829,0.014165906651630788,0.04711146024549684,0.07648823747932441,0.05264661519336201,0.029369103420300614,0.21186925014179772,0.04616938617124198,0.16238880341296472,0.15624210045781645,0.353211267779314,0.2164726721278185,0.03700171861594747,0.28824236711538875,0.14050750533843268,0.08290151381783661,0.059907245636300115,0.01385838939060724,0.09201961977801029,0.008707027346376604
synth_F_65_142,Female_60plus_srdc_poc,0.06719662231544757,0.12358935196529786,0.08880483414535344,0.03787886495467813,0.013496373795053796,0.02162944097099067,0.08083924384829953,0.13239008842969724,0.020732567421423615,0.16599629879345143,0.039367981929719124,0.35021426544707707,0.18074066381981196,0.28805333742877776,0.32653775437437527,0.047647443224334805,0.25563594054730376,0.10957339028376605,0.04797877139449468,0.062039090148640966,0.011601819702060737,0.062243202384412916,0.0059387141109357175
synth_F_65_143,Female_60plus_srdc_poc,0.04019156525618461,0.041830708771571454,0.021680622748138183,0.035194142458129435,0.012267588027627629,0.008193243876980404,0.04433556346196014,0.014451781823186275,0.02689527345354002,0.08991929350403384,0.02363688338365823,0.13230414977481925,0.02164191249785198,0.13931256042091003,0.15774815258108776,0.041564028166322584,0.17494476824211166,0.03359629405239313,0.022895189247487683,0.015883482243670765,0.0071319679184045194,0.04035187580290495,0.00797034172311703
synth_F_65_144,Female_60plus_srdc_poc,0.04611260215360668,0.0356653821632693,0.019847980949794803,0.034947999134485146,0.014053507288064322,0.007619997531523507,0.05820951237218608,0.19905589253048223,0.034215944790283774,0.09213933469302281,0.0263715632922554,0.13654612079671072,0.036453376983496016,0.11925662382300002,0.20750185316435088,0.033750081809104625,0.1307733778108944,0.025342508488463412,0.022355727829726328,0.016918388752563192,0.004862549316758396,0.02871686665679719,0.000887357804700311
synth_F_65_145,Female_60plus_srdc_poc,0.043803361413004796,0.04215214410098003,0.009253014573661358,0.029087704120128257,0.015717937837739795,0.015271577805055087,0.04123952361170705,0.05493289052834299,0.00485803723181099,0.09514528747992464,0.017352912460076277,0.01093192182213255,0.017270601595191146,0.09278488373423951,0.16951345420099856,0.03708034978318583,0.10162236608610978,0.04434808145310588,0.010620226822626495,0.005020433893982749,0.003972728255833717,0.029151901172047207,0.005238703505577321
synth_F_65_146,Female_60plus_srdc_poc,0.05380541405160347,0.040708040048835215,0.03272761644510428,0.027707811829307243,0.014420170232968696,0.012414919510051227,0.03916693503441765,0.0066971050728996066,0.008706013204306268,0.08594411734711928,0.019543353648094085,0.05460229735771104,0.01900292131449287,0.11382198672827114,0.06869620979047196,0.02492710372538985,0.13451673565501834,0.10759248142794049,0.017560186346554152,0.018084752433881558,0.004978718386828124,0.04404484999779873,0.002578851041468386
synth_F_65_147,Female_60plus_srdc_poc,0.035787343021352606,0.032476657185290594,0.019819490520794472,0.032443445214506116,0.011680145645984435,0.011805788246617783,0.060613166644365356,0.07137738221838011,0.003926316253790446,0.06543833984886932,0.027013483400668552,0.011123830537258825,0.011591322018491083,0.10356535813591741,0.06968008935992526,0.037141604948828524,0.16565180228035253,0.04736601880097994,0.019736961062585958,0.018065863031556717,0.004949041207594408,0.04297837511296,0.004804699442409522
synth_F_65_148,Female_60plus_srdc_poc,0.04849870939646975,0.05602811793843178,0.02146099756016557,0.03160748407691605,0.013852688968332364,0.0245455448870178,0.07433991531454583,0.03269836690201586,0.032922347593773035,0.13394658152970068,0.027866849188281542,0.2425237797865363,0.02972167690034705,0.16453236655917827,0.10871896624678032,0.026468435576564052,0.25089574930582503,0.11315868909486825,0.030221231848140108,0.02247624213051121,0.007139644837199394,0.04131178507467478,0.0022592102630492037
synth_F_65_149,Female_60plus_srdc_poc,0.05828873811519073,0.03353520999687449,0.03438714319433747,0.025003796514502727,0.013155577101901818,0.0104160913023756,0.04517706316168347,0.044085770235929224,0.003306738905983112,0.07194053583783255,0.023652363780757205,0.0064453402828887705,0.021656583796364492,0.11466323244207526,0.10204332132581076,0.03453438365138416,0.06854080171606278,0.07872854599191556,0.020379149022745797,0.014086338192348797,0.005884237925618521,0.033289296094011836,0.0021243070341179873
synth_F_65_150,Female_60plus_srdc_poc,0.04409015799488178,0.02487019636082085,0.022380975561652368,0.03997403137377301,0.014003990211646253,0.010532530583787555,0.07954101486157562,0.03475156340272155,0.003601613964927399,0.11459222213612805,0.03507580508408278,0.12540032812974888,0.01915421073342121,0.12376169511649718,0.10024177668403939,0.041764017790198185,0.09841955928375057,0.052217227944147036,0.027879970388454637,0.02139446951834664,0.006584151006069175,0.025098984108126995,0.0016044182995078036
synth_F_65_151,Female_60plus_srdc_poc,0.03829667648067105,0.04472007912086212,0.020547107510478682,0.03653100352893079,0.016629508168779925,0.009078516793739498,0.05090639718383438,0.13380314805699167,0.008074351726589327,0.09360614188623205,0.02739091680586701,0.0528249474226509,0.022325152335545922,0.10590945786994854,0.178528038254491,0.03570150801764607,0.16337783557958033,0.01986954872794945,0.02474802765586736,0.015146098285907184,0.0154070990833076,0.018815594086534,0.010462510139432106
synth_F_65_152,Female_60plus_srdc_poc,0.048271079954457646,0.04112375100531378,0.013385805100270234,0.04406110507365977,0.017510232157649824,0.004864632552296759,0.0866076205351303,0.0718517982571018,0.0763582890380236,0.12565070707332077,0.02924718221094518,0.11774820246798944,0.02772414276094418,0.15200130338743958,0.17524166170506061,0.0419280747436738,0.17364891110853403,0.028217191742927118,0.020013063508798824,0.023967319594165665,0.011291124547445398,0.025233558702581805,0.0034376117836870377
synth_F_65_153,Female_60plus_srdc_poc,0.04408427249229317,0.03800511078750742,0.020341861251157202,0.03842259084577588,0.014672191666590171,0.017567950083675867,0.03556829517169855,0.003588140353500077,0.02893357156708666,0.05422032244736276,0.030259009784299476,0.021073483035421264,0.008404998076752051,0.10601561256992212,0.05122056983141985,0.024757193166823878,0.08153783620293717,0.06097794726083107,0.01572191380009205,0.009027780181298378,0.008228372683111648,0.02648488897770576,0.056370985058847335
synth_F_65_154,Female_60plus_srdc_poc,0.0321891594146122,0.061688304355544864,0.048178503305237125,0.03781877523508244,0.01616202630724021,0.015933784371798966,0.0671942612207365,0.0399110001376476,0.012407181658857942,0.07277884222115709,0.033146040920999376,0.009446759040489241,0.032226946077717575,0.06525829858203035,0.051786822412839065,0.044451619976123714,0.14522550106032794,0.03683213151827412,0.01929602307698311,0.011695954609664772,0.008631620206812596,0.020405179832925703,0.001765577756777355
synth_F_65_155,Female_60plus_srdc_poc,0.041519358640182205,0.06110383798584311,0.028105739964144765,0.03533651071749686,0.016675537426252177,0.011908036824343797,0.0914891387431374,0.09410108787705213,0.01154553492204078,0.12458506140259237,0.03174850919867571,0.06105125069175883,0.034241538069145226,0.1506004697258149,0.1478234503872369,0.03584663656523711,0.2009602135831612,0.03711825392709372,0.032750958798366925,0.017036566327202445,0.007491867642061205,0.028963603790309263,0.002072819413985521
synth_F_65_156,Female_60plus_srdc_poc,0.024957238420682017,0.01738114948490238,0.006819009515517412,0.03409542548673409,0.010654800052241165,0.005419384502596731,0.04098584705641905,0.004863417254419583,0.014530981984029422,0.044323346791145544,0.014743725826533619,0.005116453050681227,0.00921910195224954,0.0444776686247901,0.06991436482223135,0.01776882323410913,0.12242217448233883,0.01367132662279288,0.008737115028287456,0.006817603764220435,0.0048500791358134145,0.012557411743189731,0.0010450282758372527
synth_F_65_157,Female_60plus_srdc_poc,0.03451643388364794,0.011383580478532265,0.009582705026545037,0.04142419171407026,0.015365252100665376,0.003863551883364033,0.036427201494986274,0.008241961507876431,0.0026172040026804567,0.03354191413937169,0.014170828323386462,0.003684365276951139,0.008738187529415692,0.038223921361261314,0.02217043627827833,0.029686061281473844,0.1000040235481886,0.024127467439150205,0.008717208198388992,0.004497244885938109,0.006688436569571522,0.0159424988660614,0.0004746102740088151
synth_F_65_158,Female_60plus_srdc_poc,0.03808327862160795,0.03457156498949365,0.02112185943949656,0.03709062715441413,0.013041931028676934,0.007328870058423691,0.04770825055558502,0.020523252704277135,0.020721131103533717,0.05508326531662959,0.03712377229492742,0.02172636444550585,0.012184405919325842,0.08722100701947053,0.0822637660156853,0.04945959635577282,0.20567192076239205,0.030173225216064376,0.015176114966031296,0.01605311898974918,0.006386233029856237,0.02074880975554086,0.0033398863806421
synth_F_65_159,Female_60plus_srdc_poc,0.06431634341925788,0.051947618944746185,0.049858064055672974,0.03813119732640623,0.011211782782955136,0.015436430034638033,0.04509655237450902,0.022158761979440618,0.012556163474220028,0.11163941268536477,0.024930973999654278,0.1287337373197977,0.026028864441374838,0.22685427349707,0.09967378073446599,0.041491560631890835,0.19583986770592843,0.06041499967858966,0.030532343743548372,0.018941568141896927,0.006562457515994212,0.05594287586991657,0.015345279243397325
synth_F_65_160,Female_60plus_srdc_poc,0.04477704772583609,0.01881100447419198,0.019641496263302156,0.020336151335141633,0.014211441937463886,0.008065388025482659,0.03262492566303703,0.02202105257223181,0.005118626856771304,0.03906085539505686,0.02002580646523285,0.014044267407569422,0.008403323510807033,0.09129370863795935,0.06555286914751761,0.03152014623515661,0.09399693927175291,0.11958010185331995,0.016896476029119614,0.007813291625780363,0.0035481992394066817,0.038043497895869555,0.002503983858850667
synth_F_65_161,Female_60plus_srdc_poc,0.03297595632477309,0.03652941438318476,0.013172221552538195,0.04285081735538765,0.014134832073813013,0.021008700821972915,0.04000771556298175,0.0030130630607280795,0.010893786446381538,0.06809933679980443,0.012187089294967177,0.005989353502781486,0.01731719084258086,0.08727195155273011,0.06717326993646348,0.019165517026568452,0.09396240240353944,0.06916820128869228,0.012192716104482982,0.007533583055761279,0.0044427133538902834,0.022472950578601218,0.0029776066690107455
synth_F_65_162,Female_60plus_srdc_poc,0.03764021239403349,0.048324398686094304,0.01560721444898612,0.033907694948092405,0.013525003647084812,0.008841263291320752,0.07721339019184041,0.06019538669470996,0.005580133955017829,0.1023440372837833,0.02124818242907597,0.28639020356419453,0.023287751269215468,0.13485850060239718,0.10447954612033689,0.03433690021045922,0.20334486288514902,0.038979021898033935,0.020383691068200448,0.011976187549781603,0.008323092015767993,0.04520939757266618,0.0009800989886502719
synth_F_65_163,Female_60plus_srdc_poc,0.04196035502763347,0.026214304497012893,0.026501906093984322,0.03528837122264022,0.01267086561567748,0.01779601548628831,0.04080084623787379,0.008437903487926737,0.005750039529610643,0.13161652199463278,0.02341595930147349,0.22614767500554575,0.035281668866671674,0.20602940917791734,0.18788394731024358,0.02033612945257999,0.10026152413776813,0.0380592437983608,0.02851620146739007,0.005975659660579582,0.004165929739568688,0.02650534678956502,0.0016179063667239742
synth_F_65_164,Female_60plus_srdc_poc,0.0495589013981049,0.040728104578378485,0.022666084164120522,0.04381757949776679,0.02499458658750218,0.008562624172720126,0.046598991195707,0.019555475963487806,0.015797544386697126,0.10639562704439161,0.029789333658676524,0.23678431899743532,0.017161596854927526,0.18887890039124575,0.2218441418009182,0.03098994250373601,0.12388377825419594,0.014636179317382283,0.021112937297605903,0.015495659328711445,0.050558034586656316,0.030658805117837605,0.0071283505181740595
synth_F_65_165,Female_60plus_srdc_poc,0.05873161976731438,0.08719832073874435,0.015835907158718784,0.03331247511256719,0.013784157932613443,0.012167105980134147,0.04224538642971502,0.0359799817470353,0.03852900258746307,0.08656544121762982,0.02176792121225455,0.04863206134589405,0.03197432127428342,0.23335302173274952,0.19899323867907162,0.02647554105139649,0.17296314176236763,0.03171287121206609,0.00839489486235788,0.01316767369969234,0.007808367479268385,0.05574038563804835,0.009791759327608408
synth_F_65_166,Female_60plus_srdc_poc,0.049220636732347306,0.040038731408060566,0.03320640675758992,0.02339982305108774,0.012412647342893324,0.01913737895259563,0.03907903603011213,0.004419092506619164,0.005892469912379083,0.08142170716705993,0.016460120573290393,0.02213418549032384,0.018061376144842836,0.13333753075994792,0.10048065971946026,0.014580152610381652,0.13685559768575734,0.1281892713989209,0.018285911933485267,0.011020925971109423,0.0031454387443012083,0.038821319752032686,0.002917373929613909
synth_F_65_167,Female_60plus_srdc_poc,0.0257532929887314,0.04688898100604522,0.03167596529594392,0.03580432383677764,0.01594195890941634,0.010124451360815192,0.03982052425239843,0.019079316204460517,0.01772173106148632,0.11438091198662718,0.01950580004035296,0.05291196375512164,0.024170791036629433,0.07060413510331011,0.17108730515092915,0.02683031822695113,0.15720443394075806,0.02650045790428936,0.010194963288777932,0.008476683218922936,0.009761999819513312,0.04965556197592406,0.0051007504352674204
synth_F_65_168,Female_60plus_srdc_poc,0.04132972658061264,0.015037436941671357,0.011163324228819332,0.027145423233145137,0.010850246986868286,0.0060306095076709905,0.030166490688076645,0.0018314715080919614,0.003475955277075465,0.02365489037266008,0.021639530290623207,0.0023258968699858018,0.004539327774225289,0.03200345253937999,0.051698665565848644,0.016123818648235165,0.0669483877505801,0.054716590483066534,0.016378346192609645,0.01047575188101943,0.002521395204371539,0.022178556078603626,0.002531446251912262
synth_F_65_169,Female_60plus_srdc_poc,0.0672387625508461,0.039473431833472294,0.010042318079236818,0.03935224595641512,0.01151387249636569,0.0038465080317322984,0.07916102172239038,0.014340483792007926,0.017648729321838207,0.06371655685520952,0.022179574383803857,0.005917752400242231,0.023902508030113224,0.06292870983574327,0.10832913895721537,0.041329652464914254,0.12613306545542083,0.03535899658227901,0.01334471160609933,0.008181143364154904,0.004850364571110109,0.02045162281340928,0.002228509723008232
synth_F_65_170,Female_60plus_srdc_poc,0.02961157306335582,0.012635226214225186,0.010771366675316045,0.0382953472368263,0.01138274135401364,0.004088717877396405,0.03777683337893889,0.003924014877090257,0.0025169458434534547,0.024532048348092805,0.013900788835822329,0.0035922458311421516,0.005277208819824024,0.03636934121422574,0.03729228143154853,0.018912787060049358,0.09378835290976986,0.012329245203466288,0.005614288589215165,0.005012708924914324,0.006657234261021179,0.011908039516219064,0.0014150065608031178
synth_F_65_171,Female_60plus_srdc_poc,0.038856518872161495,0.06018982540213048,0.031177986076532712,0.04940241825804438,0.01488290797832196,0.02375524982325598,0.041363185944783346,0.008735313831351826,0.010717337597417897,0.05400786393800734,0.026983802068422078,0.012186023485868029,0.030507570916200304,0.0829084909912186,0.09541044419377126,0.028245983940391368,0.17851351481735478,0.04131386011945249,0.01696832147249433,0.011295810432494132,0.005437065125936012,0.026259936882970583,0.0019238527693377636
synth_F_65_172,Female_60plus_srdc_poc,0.03955747371811936,0.048842939784127556,0.042374421971331726,0.033944867196187334,0.009718960268951856,0.012207760319375942,0.04053061411118471,0.007152842126305644,0.03693577457236375,0.07400186462513453,0.0243136822608317,0.013347800050139125,0.018641999992297653,0.1080645149080756,0.07312871000834739,0.029612581459630725,0.14524993084909266,0.04640432157634611,0.010318357145363288,0.014609542596780416,0.014644756642769208,0.01743687978621686,0.0038906813360654246
synth_F_65_173,Female_60plus_srdc_poc,0.03558173666654025,0.023402538296669925,0.021435486145151582,0.03403142013357502,0.014892965676986619,0.00789412012096679,0.03743970491573356,0.03800737373514255,0.006566255058184825,0.07100740003753622,0.01757127799523897,0.07646788263014655,0.014897573813407547,0.12742827130374662,0.19703359729426573,0.023323446077106843,0.11441549776360205,0.027752283462822682,0.011242592630349164,0.0091717502325217,0.0026461039079017884,0.022382106434698866,0.003726269274795629
synth_F_65_174,Female_60plus_srdc_poc,0.04131193135448569,0.031249920844270952,0.0064893824085248105,0.033790614624914395,0.013261321061240653,0.006992540321899815,0.04721954211779577,0.042663052212287576,0.0035562139872385196,0.04887214667124981,0.024132408966925416,0.007075849727642285,0.011955827332248078,0.07039656391986006,0.059930827461356063,0.032992212568509934,0.18945670442720938,0.03894885816420222,0.010363137317876702,0.01080506651691425,0.0067207556744503455,0.015184779874434564,0.006045068371547489
synth_F_65_175,Female_60plus_srdc_poc,0.029710517033826767,0.021515813303967256,0.007503296692293102,0.027476832142527767,0.01004852734112935,0.0070017162489211205,0.03858149952275106,0.0025312292848635788,0.03533271204497631,0.06535744912770906,0.02076689787237881,0.01663103529382465,0.008525581179994404,0.05370693445159834,0.03703734521435911,0.020616858120597936,0.15412221380147728,0.04791118597167404,0.010925456315708359,0.00960624023268676,0.004849282367243948,0.01694264647779709,0.0017721932577934886
synth_F_65_176,Female_60plus_srdc_poc,0.07516531396119647,0.0707750971525887,0.08359046896648066,0.03248598874428199,0.015356539934975042,0.02275384682326913,0.06166144902006588,0.01568295715929188,0.09178557716603258,0.09444104441989969,0.028199047469642052,0.028694930867443538,0.08454430991159242,0.1558246688907106,0.10209171880607054,0.04872814426310142,0.29734218349902625,0.09787116694452021,0.05079766285036959,0.016845055961207764,0.00762312669810092,0.06354000249107596,0.03115113406973308
synth_F_65_177,Female_60plus_srdc_poc,0.04435838252649511,0.02163930215695977,0.012381464181849374,0.038997017942703265,0.017289297485224793,0.010167049471359494,0.03519071232215603,0.005337923466620324,0.009829356970776299,0.04856239805973125,0.023669045783432572,0.004055914908709676,0.0065509115233984665,0.06763620289068503,0.07407688130054609,0.02492853058231873,0.11445353172286078,0.03174163071342348,0.00858779115685342,0.009262497401194213,0.008648679303136689,0.015568841523262097,0.007789214711495573
synth_F_65_178,Female_60plus_srdc_poc,0.04219501168126588,0.04771594050466072,0.03424813057648766,0.03736660609799129,0.013496403975077703,0.014524184988070085,0.04208875592426335,0.012118714746219176,0.018655501756138018,0.0847130533303443,0.03555843911108805,0.032200283769952084,0.046692806609501154,0.15761527857543164,0.1313076647482464,0.0280690045851247,0.18313580776547675,0.034724027871438565,0.01387642222028787,0.015064217423498524,0.006889285741692904,0.025758302025225603,0.004792876499830298
synth_F_65_179,Female_60plus_srdc_poc,0.05500967339763211,0.017919948529637846,0.011493066281886889,0.031746540979366245,0.014325560542279821,0.0027627949856639084,0.03708766785921105,0.003313719628291068,0.003994024446907184,0.02544676188872893,0.01529798487072116,0.003607182277707998,0.005593259626215023,0.04377246900133411,0.024620230662859607,0.016098145720812716,0.07371425617840606,0.018734208150228023,0.008014613725619344,0.00629571293519633,0.005089644849544053,0.01041384612603555,0.0015540664434283038
synth_F_65_180,Female_60plus_srdc_poc,0.0300942670935159,0.04635803142432455,0.013654128817676707,0.0468218507787303,0.011327721414895965,0.009363118524506674,0.03835709759469417,0.018100256829145542,0.028888771367854848,0.05927161625823691,0.02207503288505001,0.012624464045291673,0.013190521659493805,0.07873163653202368,0.12587790628336043,0.03860677291752773,0.1914898210927828,0.020951990758815462,0.011877121697705155,0.012890835567204736,0.005165011399263499,0.016847871150143186,0.019139015218805937
synth_F_65_181,Female_60plus_srdc_poc,0.030214432985128926,0.022742475975686627,0.02849920565866616,0.03563616408139703,0.012603379452934004,0.010146114847305173,0.03858661663526327,0.013162560798088044,0.004919156159877114,0.04842846610488313,0.015502153442653443,0.011566980053899726,0.017816016522074343,0.053227636006676286,0.10832673376011044,0.01607091857200222,0.12111836866043404,0.026029514712751573,0.00889353700087469,0.00894000536350569,0.007799273035713429,0.012704106839271255,0.004402012724693756
synth_F_65_182,Female_60plus_srdc_poc,0.03154278673208769,0.047963011098736394,0.04130998965439599,0.03614553850156925,0.012597817161467587,0.013837465009964776,0.03623986585006478,0.006141101348136271,0.04485259254727554,0.06319391452118049,0.02237659877430482,0.022060931239621932,0.020804601245417532,0.06340799440337307,0.1063745834877737,0.021163181979233545,0.21165627751952457,0.03369582580547421,0.009857950816152412,0.009910459482689381,0.007925264541430752,0.03147432739705092,0.01135619938685068
synth_F_65_183,Female_60plus_srdc_poc,0.04461298944316665,0.03803938624983108,0.03295077480979477,0.03998777280688147,0.013636088977179942,0.007316022190886377,0.0508840901241316,0.007660322734789733,0.053396786434112484,0.10201414810846136,0.03066269720951769,0.08148021321717024,0.0212654376136183,0.13838051124067666,0.12821989248806992,0.031241440211999254,0.2340054499536639,0.020912104603270865,0.01110189376043797,0.014933809529446087,0.010979032661322762,0.014987377810985757,0.003916683074684863
synth_F_65_184,Female_60plus_srdc_poc,0.06233261245596671,0.11040421537446728,0.07591523697052183,0.044208062175219706,0.02075463390400385,0.027866861878431414,0.06747158093672513,0.030147743454815232,0.007391624607598378,0.131926628032486,0.03346877588238067,0.11325863026242977,0.07183018627217048,0.18115575075840074,0.14405339134448183,0.03738900689968941,0.22931000382342212,0.06797740585989126,0.03540334417511284,0.0345136913967237,0.019049989196334428,0.024006723184166405,0.002311242507847648
synth_F_65_185,Female_60plus_srdc_poc,0.034460966544134365,0.06536690535847164,0.01891865873364239,0.03659351072453195,0.015513350072601132,0.005229742776741977,0.04143009153898556,0.01200494246955306,0.0038426729545821274,0.037001687154862906,0.015350441016604046,0.009494479766024059,0.016872614149174476,0.05220084760923575,0.040037685486408105,0.027675126455279253,0.26130336492008377,0.010571335400333096,0.009032952709023776,0.007731999596737685,0.036170032124112,0.012510809242997717,0.002346501166469355
synth_F_65_186,Female_60plus_srdc_poc,0.05157395096081274,0.09002969423112983,0.04588000622258513,0.059217144568020054,0.01700688606030077,0.008617269490193306,0.06625639287333882,0.04563505938015755,0.03715050228485607,0.09587745772711827,0.021013317403191654,0.2571209376038596,0.06927538766697809,0.16090920722158697,0.16408056252667896,0.030424959185315716,0.2730759170617456,0.028313855148018017,0.013682689199123915,0.014489630730147154,0.05861249205848508,0.032700988029566724,0.003419897055488496
synth_F_65_187,Female_60plus_srdc_poc,0.03802990622500898,0.03702292976895565,0.010866971562368002,0.03015233221813965,0.010061368709820748,0.007505197296397718,0.03952942765579489,0.006144086997218585,0.016648695480854053,0.08667438536039603,0.022735092581379738,0.0342146809607104,0.014131338093634909,0.08785452770004783,0.10973483288424966,0.02355466193540149,0.19299329746015956,0.025655458286341287,0.011863051875319757,0.009429162218780356,0.003170316952946496,0.016248252677397164,0.007733901399827477
synth_F_65_188,Female_60plus_srdc_poc,0.03916990429839965,0.028925534681068014,0.008539367153160289,0.03171034924080139,0.013877357895422774,0.0046643722671361925,0.034218751674808416,0.052040257552941456,0.002451312343685999,0.07102690355086651,0.014784235014837142,0.008790632921593886,0.014837687443697655,0.07962037362742719,0.1297391598945481,0.0326846820909707,0.15210572436700254,0.021457822463756916,0.010170654281762476,0.007434270911819234,0.003669537171634133,0.015354887782094855,0.0009385910190493414
synth_F_65_189,Female_60plus_srdc_poc,0.031843850538997805,0.02880770874628748,0.024311177825884524,0.038597569898081226,0.010957236659169698,0.01853622930932529,0.06550610625451396,0.01938448113819053,0.009447670185085816,0.07732045033667209,0.017882552172625906,0.011757950004867897,0.011114628599498275,0.06779919971591714,0.06139345460997244,0.02265629749633615,0.10342696036340088,0.07333848113828577,0.013079266161272637,0.010210941038856489,0.005264587491506776,0.01773551741390909,0.004317175098909225
synth_F_65_190,Female_60plus_srdc_poc,0.021266308972430897,0.03473984786279677,0.005905820532904454,0.036257623710679004,0.013698254370980018,0.00604131075794544,0.03987432553469671,0.0030275684459176895,0.0016141539216309772,0.03627440052986066,0.008939128935052788,0.00402346304117302,0.011025785641263204,0.053728233835182805,0.09988668646578908,0.018745506159457102,0.14489403542866067,0.025656988761732138,0.007348901674599331,0.00747237561283386,0.003293953157245076,0.016382963301554188,0.002742596810942193
synth_F_65_191,Female_60plus_srdc_poc,0.037066739247803494,0.05529829395191622,0.019040121866005757,0.03706100141887375,0.011200015034097958,0.01281093384850377,0.05631841415456653,0.04391950254409885,0.013087897795181963,0.05592760559921951,0.023536741522310455,0.021868171940050234,0.01605445316140344,0.07601605829060942,0.08917441402759982,0.03630136410114015,0.19561133886347012,0.027765667388864063,0.010230017549109294,0.013808805546682476,0.005522640503635977,0.020288878263044097,0.002864949433233292
synth_F_65_192,Female_60plus_srdc_poc,0.05025282896515269,0.09445282935427006,0.043858266492795284,0.043760597190959045,0.017647543801806574,0.00996726315419784,0.07195535678310652,0.04633501866199389,0.006030560893410485,0.07329682341927485,0.02937719704071777,0.021971409624481308,0.05611300658889877,0.1573385528558788,0.13961307073136747,0.027175155428803985,0.20194125394172804,0.047032798985951925,0.026964721629882782,0.019136290207270402,0.009860402288839163,0.019018688213593305,0.004679462237845755
synth_F_65_193,Female_60plus_srdc_poc,0.06743497419830174,0.02890428213665287,0.019922539394687407,0.02781040301374653,0.012119307000891952,0.01704432803326367,0.03504813691987656,0.004569648127589882,0.005626763072125807,0.04640472169641588,0.025426732584682664,0.0033473918452084014,0.010050572090435079,0.09169344664562756,0.07743074009713884,0.020804697416498402,0.1412162013675963,0.11823242916758443,0.013202478050043267,0.008895844006036312,0.007631621791126999,0.029103067017009605,0.004471755296484315
synth_F_65_194,Female_60plus_srdc_poc,0.033631135274061925,0.042519075775355096,0.025670670696529257,0.03143690176301003,0.01671329297853314,0.020642920491060923,0.048910688832173276,0.0051969174736396645,0.0032385908202518195,0.06882411961054238,0.02128344368543272,0.010523565369157906,0.015886408975779958,0.08291521624900514,0.12304967222838746,0.02218289622014572,0.10994275844564201,0.036671199601474136,0.015848953142341242,0.014712361074766216,0.003910574255770048,0.01365272090812906,0.004032523983946878
synth_F_65_195,Female_60plus_srdc_poc,0.06601850680091631,0.04688656376258017,0.019416720508327164,0.02996736723105563,0.012483923426167455,0.01348620826899551,0.037064368310942675,0.010313822717695108,0.014412715135681356,0.048290421482595505,0.01502949716238557,0.04671982380667871,0.03792973941455186,0.10283547769704213,0.07668055935702221,0.03808920194302174,0.1564437680121289,0.03117492847744222,0.011836056717234221,0.009437519449531879,0.006917409106484869,0.034188924492589534,0.0017388583374093032
synth_F_65_196,Female_60plus_srdc_poc,0.03869334881597362,0.040359157231748405,0.009325640095343837,0.030452846614750267,0.010112418828628286,0.008020757199608833,0.03950486949120048,0.007376261812389712,0.0037032764666788806,0.043553668254777855,0.014430914510932659,0.0034988731575513773,0.006259524716246253,0.05895679754354424,0.07621791598165491,0.017622669142144356,0.11348440802907303,0.02965815242774225,0.009315185886092262,0.010513274008259802,0.006533395002201229,0.01517803671805642,0.0012697007260589184
synth_F_65_197,Female_60plus_srdc_poc,0.03642556239126287,0.03300904983782002,0.021063921185777944,0.0386094091229157,0.017464702634726315,0.004886216854641268,0.05045384722504679,0.01977357492418058,0.0043995674599428165,0.05984339929461043,0.009469174449456554,0.02749755251178829,0.011669015719906466,0.0769002066656444,0.04795492169637167,0.023556392628975263,0.15765039904255865,0.028298578706977922,0.015383930489213903,0.008503945867409737,0.009287736508249163,0.019103340299809368,0.0031929317241916988
synth_F_65_198,Female_60plus_srdc_poc,0.07744397448950058,0.03508986102480522,0.07355292895722644,0.023949824710001465,0.011451524059836727,0.026146417428789842,0.037970102983688005,0.004298826753165947,0.008303658334898713,0.044680155876410596,0.035583730730753625,0.008340914239933366,0.015240149529787484,0.08848382075938808,0.06354588098581115,0.029114152036469384,0.13800318153463442,0.19232886053575987,0.024216438901497953,0.011912351606966604,0.005144181137698076,0.027288422398389786,0.021305412157153314
synth_F_65_199,Female_60plus_srdc_poc,0.028202111682726832,0.012826240726222179,0.01014908326666422,0.0304801144063244,0.015928166543884164,0.0062299617260508245,0.038146840393679854,0.002587204988100176,0.004459868784367648,0.05134744699441364,0.016117147086612663,0.007548142662741684,0.006169650273520498,0.05329494547749215,0.06491918857196663,0.018485592987334303,0.06969650551975481,0.04314809584435436,0.007916295990117263,0.004521384039248309,0.003053994219783767,0.012422201502105613,0.002395778536007752
synth_F_65_200,Female_60plus_srdc_poc,0.03675880793494746,0.02640094354408612,0.01262913436455997,0.028480024991839156,0.011091285809172001,0.008378524506150248,0.03402110899978184,0.006884102566727899,0.025713575466561032,0.09965749950855994,0.021888881524908085,0.01289737063874319,0.01022520593366143,0.14985800589735102,0.1047518280054322,0.022716128361036494,0.1877263113620183,0.04680541405503015,0.012074841504180658,0.011556253239775023,0.004775952138505783,0.01961223983929036,0.009987170859575631
synth_F_65_201,Female_60plus_srdc_poc,0.05715272449977368,0.01020453957857706,0.020439371486651668,0.03267652670469636,0.014763089305179713,0.009659560312141715,0.04292120448443215,0.0071742622878211695,0.03389383309051015,0.06203916447849357,0.020411616694436946,0.008290245501285987,0.01059471480017803,0.07185875902342814,0.1537336291031887,0.02328152296220941,0.19076601365002913,0.059319318443540686,0.014487363556161195,0.015015585700304169,0.005910623242471076,0.019739290452760124,0.012426608723495748
synth_F_65_202,Female_60plus_srdc_poc,0.038264442461782774,0.053930219439709104,0.006578707111634174,0.04502613859266352,0.012046067315910952,0.009056128984401621,0.04162688310289175,0.005289539659993758,0.026835957207618315,0.08067726618321731,0.014746844996217354,0.010230244629737536,0.02385782951677828,0.07561545128495449,0.11108154281981697,0.017541915402834472,0.2125682704616144,0.03861638271716083,0.008486605906868425,0.012972419140977492,0.008663797059042088,0.022874150034937035,0.0028573897830960105
synth_F_65_203,Female_60plus_srdc_poc,0.032524371726465766,0.09920392024976918,0.02972064811499248,0.03686847530694811,0.016603300990656083,0.01403041095804415,0.04360203660353567,0.008291435152732542,0.011496117095132256,0.03649345702286639,0.01927676678208797,0.006613062486566307,0.04070588540077929,0.12125482337080667,0.06801498324710212,0.029478076448881556,0.23211472658209995,0.048716519906584536,0.007081715828748836,0.013455015105480394,0.021292238151220978,0.03273655289525209,0.0011579808664040183
synth_F_65_204,Female_60plus_srdc_poc,0.03821573627529451,0.02512291827516132,0.024956939940703807,0.04155610394365919,0.013555450916565646,0.015314383232462906,0.03991920202301909,0.006865211330304438,0.010917136603490547,0.09030216380546338,0.018241500091186344,0.4379618018269515,0.019910162423917445,0.1424183589564005,0.47568314352862046,0.018624898807277326,0.1947593858035098,0.01663269874492399,0.014395895997424748,0.017235841332870275,0.015928149834986916,0.015583983570399655,0.002379177988998484
synth_F_65_205,Female_60plus_srdc_poc,0.05199828537334636,0.059511003807676426,0.05386191716120181,0.05170201745751145,0.019521618893780634,0.017022975358352687,0.0671949219068329,0.07564521507741051,0.01905769610183262,0.0923582022931683,0.034698384505292404,0.02058393683658497,0.05100523624578647,0.0950366902265637,0.18820214633826746,0.04792927305059697,0.2261696611207708,0.04264989876797586,0.018083145391565112,0.022360316032493055,0.005032819384708168,0.016618782382296554,0.021283272527671065
synth_F_65_206,Female_60plus_srdc_poc,0.05570864092220163,0.03782071782633844,0.03601135365973064,0.02569318106631477,0.014637289155046512,0.01871212118196561,0.055173234288920465,0.036595951083160994,0.021027757083592995,0.1372871225561036,0.04445993091853632,0.0540548377702093,0.0383217220510606,0.1582410425440203,0.20638785788421798,0.03288888285903703,0.18836059513396905,0.053146570758272595,0.018757212978128615,0.020723036190245833,0.005841116025720034,0.03754486690271901,0.0032954855163016225
synth_F_65_207,Female_60plus_srdc_poc,0.03421221819904251,0.048138918355718645,0.017661375769576392,0.03297123872370008,0.011678106524556309,0.008853506778072886,0.04440128921444862,0.01438912846932361,0.004825905420069094,0.11129681192012744,0.02469847175769809,0.04127921120796578,0.02417237251097256,0.08595232114790653,0.07977757947966829,0.027327067945010965,0.1594961908405173,0.04354992596333679,0.014453787845323363,0.012293212595202389,0.0034740298253674987,0.032472821171844225,0.0008070956438874651
synth_F_65_208,Female_60plus_srdc_poc,0.03088855597180635,0.021985613968248472,0.018826694619227768,0.03858448805824951,0.01879231697970561,0.007313830434088504,0.04994133404854061,0.009271994292372734,0.005111560044990202,0.05106283219600447,0.018243805951612548,0.013832642660680718,0.006233871891968645,0.06566270024528076,0.1080097946407314,0.015994595490426176,0.21776857425057985,0.014110582614378068,0.006700220028029307,0.007564819113907337,0.025289416616832074,0.012827335127434832,0.0018392378130737375
synth_F_65_209,Female_60plus_srdc_poc,0.0411275062192078,0.039641423637443114,0.018720380892146404,0.05469042172267118,0.011356098616000175,0.009333464332692725,0.06173102521533107,0.0811571874842896,0.0072340889297629885,0.036777552913583804,0.01842180970926824,0.00787906980357846,0.012767988102743233,0.05230262721950795,0.044975560273636514,0.031745454147843126,0.16610520941724466,0.02253795895456687,0.011725001669181145,0.006226557528826736,0.006960098140678701,0.01160337981729948,0.0015210269446441112
synth_F_65_210,Female_60plus_srdc_poc,0.052267127386331554,0.15420893962109347,0.07986028197593537,0.03633881070339313,0.017663501315886947,0.02568715042962345,0.08071731457627376,0.2068995577379481,0.011399739183990915,0.2183975775386235,0.0314156338040706,0.03443371264487214,0.13646192022403744,0.23221038595796248,0.20524960328786918,0.06614922041498644,0.3497097996866954,0.08067881319520885,0.05775733894652515,0.03204583736303018,0.015404737639993279,0.11528068491725958,0.0058976558155797686
synth_F_65_211,Female_60plus_srdc_poc,0.03293329124422778,0.027212809238924763,0.03819809186869099,0.07032108018592335,0.013895571893675613,0.010866263799550356,0.042164653357584445,0.05819007252591096,0.011280640286702497,0.060339454489552566,0.021763791532468768,0.01386966155386643,0.010609516055283666,0.10931152238880616,0.05365983345867467,0.030945014479185077,0.13684502865537057,0.023551539974617702,0.007634822751526782,0.011240564756563222,0.01839428810991217,0.013617874529980162,0.0017965540338883124
synth_F_65_212,Female_60plus_srdc_poc,0.04320338167190406,0.03394636067349003,0.04757098599596031,0.040271175419399015,0.015292447583071052,0.02355664710089372,0.05058386845492019,0.0177434626362989,0.013655335969053366,0.10235375945874566,0.020695447982605152,0.01906035804753533,0.031689067636810134,0.12775478515972238,0.22752102602494176,0.044084238223643074,0.20476123190695172,0.04665851969030733,0.022473939989909413,0.020361093332554172,0.009517128486374137,0.0354081126597655,0.0029711163021426713
synth_F_65_213,Female_60plus_srdc_poc,0.04211598314092786,0.06478491881199272,0.006943399435885945,0.04233087664116682,0.013072721863606971,0.00905622172481156,0.03649186485892082,0.00583069381114111,0.002897480054718737,0.0658980542622326,0.014519289984257572,0.0034361070206601835,0.031839726418119184,0.06727156199513777,0.07873183733046757,0.02020486448878462,0.18511365887371817,0.05918236945264419,0.008635307069404735,0.010008627285632048,0.00477499605117984,0.03644152799182318,0.0015969875868062256
synth_F_65_214,Female_60plus_srdc_poc,0.04392587802783964,0.029954739916034145,0.009536506546512932,0.02609559874600476,0.01183670079469863,0.0027219507656790353,0.03502439663463418,0.011188721869220212,0.012390970988277218,0.032968955645616436,0.014375692889153838,0.0029106173835659484,0.031231612550595724,0.0671660793658444,0.10944814658086947,0.027229900794438322,0.18735621579984116,0.03181720038013848,0.011876288608257174,0.0058404987444670075,0.0036935935105300416,0.024803037170369645,0.011028988880848047
synth_F_65_215,Female_60plus_srdc_poc,0.03969767914812538,0.02503711071282955,0.008263356729072942,0.034149871376894306,0.011371103532649224,0.005084493272066184,0.03465108281353014,0.004336904534727657,0.0027215911799318114,0.03625763963544384,0.01011072627800803,0.004318355637604289,0.009090432344118328,0.05369613523899712,0.0868025098423531,0.02588527076202029,0.10803973425868835,0.028245359427694613,0.006966435296639422,0.009411992387196998,0.002808115835226979,0.015499788105900084,0.005035027197337657
synth_F_65_216,Female_60plus_srdc_poc,0.03844778069064179,0.022138643512900118,0.026615621834123727,0.032016900372346384,0.016298498913416826,0.011991170088511171,0.06889684666801839,0.012540376134861309,0.0029968754155624087,0.05145119377365322,0.022978944947162818,0.004839683598949536,0.008101760709704081,0.05750147030067675,0.06437553455617599,0.028441180532318675,0.16253608873507466,0.044813860421218155,0.024305260756349863,0.030638596222673994,0.006173949773721648,0.0197747729912999,0.0012466983915082974
synth_F_65_217,Female_60plus_srdc_poc,0.026982865907337904,0.027986039362430833,0.00663558597035821,0.03407233129272016,0.009017171729606432,0.0043853069102418275,0.039670830153282946,0.005152520680558131,0.010060684622225629,0.04649274696861153,0.012155567971474069,0.0048209540338970845,0.00889095702791919,0.05489492584572448,0.07136484033332927,0.021147971477110374,0.10375888361321858,0.02546130753701285,0.007585573545780059,0.005940011312394609,0.005047360534035455,0.016918650067655215,0.0024989287875686393
synth_F_65_218,Female_60plus_srdc_poc,0.043216949674058557,0.018651337013637494,0.007265057564439824,0.02734159612289322,0.016015895986672097,0.005494319044025669,0.034016204631500326,0.0036457985776586323,0.007817552090748976,0.036751667230073864,0.02001147800912521,0.007018504854633474,0.01622165275204673,0.13965881241226344,0.14102123945947592,0.013927453802343481,0.10642836335906629,0.05346050658854081,0.008069449652805484,0.004831070606368007,0.004777960260843065,0.028331632063711986,0.003392409018729403
synth_F_65_219,Female_60plus_srdc_poc,0.05447768802870772,0.08291377026825451,0.009712526214514568,0.03595653885550352,0.013649065014113625,0.019204560091676322,0.06082752978158621,0.2311942719501994,0.008945854594607849,0.1255147379876129,0.028313222161666252,0.08723307303136005,0.050183591813260923,0.16508279515880217,0.17048963872406123,0.04716690544885652,0.20669308506794565,0.027851827215341775,0.03111572947166152,0.018859371342643406,0.005683260203744531,0.04279017582444517,0.0013225709798268188
synth_F_65_220,Female_60plus_srdc_poc,0.03368143851708482,0.026566357535963377,0.02184496936091202,0.02985070374258422,0.011013572293346301,0.011159295586040278,0.031685346275117994,0.013721850644269583,0.012670675095071813,0.03854267250022982,0.014157915128725211,0.04918656492849164,0.015130194082567567,0.08340052379070344,0.07932698235958352,0.0318847988446784,0.1479168432193788,0.03760036180812946,0.010177331506509176,0.011962066437730125,0.0048962242694275265,0.027322303535245198,0.006599611620953002
synth_F_65_221,Female_60plus_srdc_poc,0.04639090270763431,0.04367748189871411,0.059365094592751876,0.037570559175440076,0.012025797399991541,0.012767441812368096,0.05261570256975681,0.015498048128276484,0.017700073898204736,0.08213488658601202,0.030148473281156433,0.40334266283535863,0.03714651987655243,0.13156294207845998,0.15936405415791405,0.030887265240863392,0.20939376718055772,0.03599686945249623,0.020622024208809354,0.015087927767222049,0.007861605055145033,0.02164724504728375,0.0028291836528409825
synth_F_65_222,Female_60plus_srdc_poc,0.05202537949823534,0.0237732495004459,0.008833167975759112,0.04364097454085019,0.011865728497440001,0.011220680663907218,0.039152881240295076,0.009928597881464314,0.006737591409459755,0.07732737404540996,0.01713636772889806,0.21774241229752,0.022310681233579713,0.13341409090940337,0.12602336252135343,0.030010287766107282,0.14394253066761456,0.017682720125393507,0.015947110299239606,0.006340155767727863,0.004005761186531321,0.02849405180544441,0.002617296077905836
synth_F_65_223,Female_60plus_srdc_poc,0.04851260558900882,0.030304318660629218,0.016842212801058735,0.03250400291759988,0.013077338135706378,0.01399644947870311,0.03513582976907012,0.0029946897802829884,0.001961418600441076,0.047925543292657594,0.01854377091128553,0.0040663042011043135,0.014596104706416493,0.07378136813752498,0.11811698455320371,0.02326832735271489,0.11454161273488643,0.02778514033700868,0.010320473638994108,0.009458095140238184,0.004382572759770915,0.0269184770560416,0.009809122316954138
synth_F_65_224,Female_60plus_srdc_poc,0.04511118455671861,0.031773898387259004,0.010216199137946776,0.04818786168420305,0.012371256736721726,0.005999787660894877,0.04276538627573648,0.022707621940222723,0.006144630654652751,0.04766542834987148,0.01711922477832465,0.005529658352263585,0.009797571331027991,0.077262819869183,0.1024263516102668,0.03395232601791975,0.07660316356323502,0.028729297150904557,0.013478002753474428,0.006598436245003702,0.00391964356793184,0.016440087998371735,0.010341089686543068
synth_F_65_225,Female_60plus_srdc_poc,0.04520468903394712,0.0325332329160467,0.026205754287353267,0.02833147787718433,0.011631049473770213,0.010793407996568355,0.031357851877947054,0.009955928722334003,0.014278507054592614,0.03786688016333701,0.017656439576111748,0.004016969506582266,0.013084482895833745,0.09888531546213385,0.048478362170346984,0.022462266177711455,0.11625586040473922,0.06361014766166759,0.013010983591537862,0.010097598284705165,0.0020916165575803596,0.020804375672727606,0.0012302216748098205
synth_F_65_226,Female_60plus_srdc_poc,0.02997592786577232,0.0085667480806655,0.021136696437270463,0.02142397032800824,0.015454132367334488,0.006109830394505163,0.04762146506678285,0.010984130286440966,0.0023082177740415028,0.03729440645769888,0.01726536667618101,0.005176761479703883,0.005927484663230103,0.02369264787441231,0.021490164688891276,0.023105721120107354,0.07561099599169967,0.061161396302638685,0.016255138230032877,0.012642760276832988,0.006193104241129313,0.012762081096928238,0.0016273955642286439
synth_F_65_227,Female_60plus_srdc_poc,0.04286139799190194,0.059362808964070465,0.02084872738729407,0.041110867581669916,0.015524389624764904,0.010801571445116212,0.06706287362152012,0.027357062312835575,0.007277572080580613,0.0642509616042967,0.032120482069079796,0.01702242404308969,0.013939742141861479,0.08119988111548056,0.13782410636747436,0.038120859405556075,0.15897971646860176,0.024000571363663865,0.017729914705439335,0.017001258351313716,0.007986086165743015,0.02504005791353985,0.0013386812002465763
synth_F_65_228,Female_60plus_srdc_poc,0.031166064009563156,0.02830299845199895,0.01599044725053369,0.028238414758631106,0.01220878565306811,0.007245615975995421,0.03696041290932068,0.006857748885180821,0.009917945371227949,0.031077894859570257,0.014340003353834837,0.015819672966676926,0.01265995564472712,0.08928167849625221,0.03838430539658064,0.02073205072182766,0.13330117636446742,0.04081028808061311,0.010514581138757619,0.010772224377451487,0.004861285580607657,0.01510056484566587,0.010321711755211054
synth_F_65_229,Female_60plus_srdc_poc,0.04774222271617138,0.013050603522526887,0.013453760610434714,0.026207026201599638,0.017104170554844287,0.0035936680414338316,0.0445425899316394,0.005246282308028501,0.0015258249557319236,0.06023187872474158,0.018443237694144448,0.03171878990390405,0.010353210969645772,0.04118036786590504,0.04101792649934154,0.027219341541239516,0.0596565642947478,0.02958511344645741,0.015338810046238016,0.005976263729500562,0.00574540512012187,0.020893287231622017,0.0010692299369646908
synth_F_65_230,Female_60plus_srdc_poc,0.04832236916378504,0.08254454763418136,0.03769888280299644,0.02833290378636013,0.01180182569299979,0.01623321280786641,0.048006963207910425,0.010118300078717586,0.003638258342499855,0.08506077214881476,0.03389808003116305,0.08000680319378464,0.03717667261160245,0.09029855910929395,0.08885127118273844,0.028724142966892335,0.20893729152679422,0.08314829829897456,0.02058977240736025,0.02568257474706355,0.005307843470968391,0.02970469118456335,0.004882553379261617
synth_F_65_231,Female_60plus_srdc_poc,0.028574273791950766,0.03227999068886515,0.01679103218004676,0.031947656141195345,0.009054354293569532,0.007430053668285565,0.0347891452936052,0.0036608582176702177,0.012683969584095048,0.05348507015571757,0.016019545733554668,0.0039773874686375894,0.011084998247390216,0.04418627170248284,0.07756900247780421,0.018693900990175517,0.14385237299051898,0.033068928320058075,0.00896356860496416,0.013650992696883019,0.0024795232996458146,0.01761221354574252,0.0027036960325300423
synth_F_65_232,Female_60plus_srdc_poc,0.06693714867237503,0.06975532868359222,0.06823691284863052,0.04087893526872747,0.017192077774845816,0.06378440405402185,0.08469079797769037,0.09815506775899545,0.029531165822348108,0.1479586983110514,0.04452874461473551,0.13418615097965814,0.06548321313555945,0.1720491041266693,0.1684023911268304,0.03910397527333065,0.3261123337765551,0.07682742161338427,0.042436473350007796,0.040884488810285426,0.026968065866948304,0.04222314315360724,0.012025260506786994
synth_F_65_233,Female_60plus_srdc_poc,0.04494556964004857,0.035251956029231764,0.01129535742801819,0.03074884986421218,0.01496393577731385,0.0059846402701347326,0.03810863119561512,0.006706125007260773,0.009850014558949278,0.05778165543986747,0.01826650833500945,0.00839911318056173,0.018135593651955537,0.060552293827468254,0.02494930547036642,0.03308847186603941,0.12756898376927306,0.04067419446959355,0.011771692631518765,0.00959657142320049,0.00689109883170508,0.034709388929929814,0.010167249747251523
synth_F_65_234,Female_60plus_srdc_poc,0.04331967331519205,0.06896684302508754,0.044795582682492834,0.03351165256614503,0.01788144114553473,0.01976816286619038,0.056730538641171745,0.05582324421885169,0.008455570401529479,0.08222854393949572,0.035004766550321954,0.02242516719837787,0.050429898436721056,0.19096745968610682,0.09272868253088812,0.03304514303136035,0.20621467942489613,0.042985934845806116,0.01901760592897303,0.025761881564766425,0.00672390010748017,0.04663260742852823,0.005716520390545917
synth_F_65_235,Female_60plus_srdc_poc,0.028594281277107343,0.018124326507947736,0.0067816577274148,0.032974970669493626,0.01371871750403253,0.004289627725624568,0.035568025954102286,0.004093232600814406,0.003137806223935067,0.030960457553928993,0.016777154909537406,0.00317831556577377,0.007316037711644904,0.04275983633501218,0.06129238782449207,0.016834100057874328,0.1188443166488768,0.042747385413184194,0.006068587028405908,0.005246940382056856,0.002240355076896275,0.024360217694731373,0.0013719063591893317
synth_F_65_236,Female_60plus_srdc_poc,0.030257323476195228,0.10323921749836318,0.01587457787397033,0.04187305295132519,0.013905157081531902,0.013324217020100115,0.06950418666841003,0.02380663307554186,0.005803597238328496,0.07276043666304607,0.017753519886137152,0.019829536067340833,0.03900104860797794,0.0858692289584164,0.1826833511716761,0.031177389088342354,0.25195275161867753,0.039077428556298734,0.010670783756130313,0.014039363406210231,0.006546836264901132,0.03422265546209455,0.0011370193872542267
synth_F_65_237,Female_60plus_srdc_poc,0.03554929171363871,0.028138019827535447,0.014021578336606064,0.029392359735162944,0.014466913133572448,0.0057109516085119185,0.03999321843829366,0.006238941902661221,0.005202716479307261,0.07753622561780188,0.021499274315628113,0.018524783189091242,0.008117949657004403,0.11221358395765432,0.10279476226981704,0.036925387869011936,0.09417146266077152,0.04754775846592384,0.015533484455751374,0.01042798899888229,0.0071842489512763475,0.02424036553302141,0.0034653890605080566
synth_F_65_238,Female_60plus_srdc_poc,0.04306588280767709,0.055063468232033,0.02600717320907337,0.04116663987062826,0.01515120823207059,0.007517213696606237,0.05523963474429042,0.049729341758661165,0.012161992529538807,0.049734494201461255,0.029449325135380344,0.006320443335238301,0.019074880423141642,0.05407777804114335,0.07887116000351267,0.03942148155243458,0.2622950446261967,0.02686807343344102,0.010087361810656122,0.01318226739672798,0.0059905165059736375,0.016473680521423516,0.0018960412195453034
synth_F_65_239,Female_60plus_srdc_poc,0.0470611332174082,0.04273053407671234,0.022909463959315625,0.036467824664742694,0.010691968790733706,0.01728668635478083,0.0785151396724118,0.051483277689975085,0.030294879760389533,0.19536562930104187,0.02819332906737772,0.06514887404666621,0.02612713703737286,0.16641598131816504,0.1782654596015627,0.046922898418074704,0.23079229551694705,0.03809749146313752,0.02117744462946897,0.029044642476857386,0.019595902615753294,0.025866694698912285,0.0016145267202703026
synth_F_65_240,Female_60plus_srdc_poc,0.046215960874678094,0.025694662188250922,0.012855327767311157,0.02941489792821814,0.016712010907783143,0.010706150218074119,0.03593320709403954,0.046869611674081164,0.0023430950896376015,0.06519426642282392,0.016440744126746756,0.04052693109498342,0.012182767891015439,0.07725778428227142,0.09139413517973498,0.024175024668065082,0.09408872040035725,0.02430066666457881,0.017013017724413868,0.009735488886102291,0.002396033309609835,0.022111462655268362,0.0008354145351608019
synth_F_65_241,Female_60plus_srdc_poc,0.029328817570902936,0.008871719789408886,0.015051005035227168,0.03055640947026829,0.01627911739238712,0.005538766050173376,0.04403322364047301,0.02236207840854167,0.01333128926892128,0.06900210188536562,0.015514657863553239,0.018030076233090594,0.009198046203876122,0.09638409023854563,0.07147762762039624,0.024446318199133024,0.09372150225633281,0.03003155341107528,0.014886872702821805,0.015836886827402846,0.004683076821142717,0.02055686965638182,0.0007305433081635997
synth_F_65_242,Female_60plus_srdc_poc,0.0462261048733381,0.04553231833351298,0.022702185001889533,0.04067458383556768,0.013350134792450138,0.011442617091196294,0.06319681615316078,0.13494120197772166,0.00401103120531183,0.11518612856571935,0.023779096455671875,0.009036424695921141,0.0380127394214225,0.08385445600807603,0.17375610716018064,0.03644438530428857,0.14027769104241508,0.03766916385111473,0.022256406783314413,0.012487621171813642,0.00530005325714805,0.03205172300194695,0.0029400058914362307
synth_F_65_243,Female_60plus_srdc_poc,0.055682868906950136,0.05427535063151057,0.06091302277907514,0.043782846146201856,0.013533675216822793,0.016296814406893703,0.10279336165787226,0.08240036697325893,0.036823465395560334,0.1948116746960804,0.039780774401784014,0.2344421212887674,0.07247607366065414,0.2859809979611282,0.21188497609281495,0.04322171587602779,0.4025161908434074,0.0328911082637579,0.046501148611336605,0.029812545639777043,0.027791476146495527,0.05367519775607096,0.0013427693121161005
synth_F_65_244,Female_60plus_srdc_poc,0.05648526160360068,0.04466665346881662,0.07605148652405835,0.027131778465224764,0.011704455402168723,0.022607183415763007,0.06867576849278757,0.05686481134037231,0.0026925992667748604,0.10697672155409023,0.02781614346818066,0.007951755097157752,0.046184908652796494,0.07613829092669855,0.08540128366175505,0.034106812864086754,0.09730870818325803,0.10670028509186374,0.02764211419124566,0.017136573194447488,0.0059789923403822795,0.018184264510526446,0.004744323926317375
synth_F_65_245,Female_60plus_srdc_poc,0.04998454052193238,0.01981522765068332,0.027623331090694588,0.042546652410133404,0.012895480634133571,0.00915282023305574,0.051036339942944826,0.06257702099203456,0.016749502754943708,0.1011874991814786,0.026174099549739486,0.4026037908280414,0.03203525650801855,0.12556854098705436,0.1396847654872131,0.04756076794997518,0.16341645961963336,0.03291378864454216,0.021902668237435228,0.015716847621982298,0.0044314218374176375,0.023737069902318327,0.003706947666537982
synth_F_65_246,Female_60plus_srdc_poc,0.03812388183722295,0.03735392175703683,0.03407563588923871,0.035327591235949404,0.014996605753867017,0.011131891015644076,0.044284285605611665,0.006847685846386752,0.01919306604344133,0.07107880845582244,0.028559230292344428,0.15650836303699933,0.014991054457194055,0.2383769400685581,0.17615033243699835,0.02814342852500104,0.20821241471607133,0.03128451673137379,0.01218539671210985,0.01736286056510342,0.009948683896964999,0.020923183313852765,0.0041524400302020295
synth_F_65_247,Female_60plus_srdc_poc,0.03895829363402333,0.021939686582333202,0.0328365543392429,0.025753621470724932,0.013378316123045159,0.026287299737705126,0.03670411795119747,0.020525756935878218,0.005480512817437774,0.06036927252883938,0.030557853454001735,0.007129886939033075,0.011917965475889435,0.07417403092102907,0.05513157058290717,0.026707851005349097,0.08596369917798209,0.061879223210975665,0.019985107592555146,0.009444037337333887,0.0033324945124172203,0.013990717464372466,0.0063340124913042264
synth_F_65_248,Female_60plus_srdc_poc,0.06551964183751581,0.03238170092510808,0.014857133312056245,0.0318154462492428,0.01500713829810032,0.005056737250888656,0.039746243179890534,0.025664356783320113,0.005434173145655086,0.04401493335234278,0.01664633820121294,0.0037566033691587386,0.01815421799838572,0.18639947317825342,0.06622974616920944,0.02944461619090033,0.12472156843606652,0.0785353937070281,0.009076336521966847,0.01049935179300225,0.002809997083008907,0.04117378962241192,0.0023929206785721756
synth_F_65_249,Female_60plus_srdc_poc,0.06837298258362343,0.07152865980500699,0.023330012905315153,0.035509077671559974,0.016902837524765305,0.009747370122884957,0.03951688818072669,0.004537898228029341,0.0048604307669567835,0.03481908205618754,0.02492174172304454,0.002844899946861792,0.008600022256968426,0.05000724464530564,0.026023858916082904,0.02059900226357227,0.16010283856300858,0.06005063789440388,0.012268476093121601,0.01687301821763274,0.004893728012828289,0.028196169006197726,0.0017020273040230743
