persona,stratum,Atrial Fibrillation,COPD,Cancer Breast,Cancer Colorectal,Cancer Lung,Cancer Other,Chronic Kidney Disease,Chronic Liver Disease,Coronary Heart Disease,Depression,Diabetes Mellitus,Heart Failure,Hyperlipidemia,Hypertension,Hypothyroidism,Obesity,Osteoarthritis,Osteoporosis,Peripheral Vascular Disease,Rheumatoid Arthritis,Sleep Apnea,Stroke Cerebrovascular,Substance Use Disorder
synth_F_50_000,Female_under60_srdc_poc,0.09968731456887629,0.011530072146742482,0.025787160441814942,0.00494922666807937,0.005349474132973339,0.042804422929185855,0.059346396345935595,0.004168020579441736,0.0071292589087263,0.06735186776444915,0.025626479790155615,0.004411296704513291,0.023535228778201363,0.117033220214777,0.03319916446188755,0.028556247787336043,0.14080021563836742,0.006711948529746825,0.004033689711644769,0.004721285518466746,0.004680153979169933,0.004856981926289763,0.002590635336790067
synth_F_50_001,Female_under60_srdc_poc,0.1373060675294849,0.0011851936198620874,0.025557683498810227,0.006841673820268492,0.007353906990844866,0.04955086719701936,0.09110373322692471,0.0035746026043388854,0.004204962265642847,0.03909420780980867,0.005166934909588377,0.0024950888931138614,0.008953477290651171,0.026901563170417725,0.027048604697700488,0.007801694309088323,0.09564957422971258,0.0020762844835175123,0.004648303431897932,0.004727378371396526,0.0064206949938645915,0.004919907919779212,0.016464871820379694
synth_F_50_002,Female_under60_srdc_poc,0.05703424834132552,0.002159768543950014,0.027350406628635793,0.004478619567533453,0.011464585677529612,0.0523139936079561,0.12275912232397553,0.0038431168142499667,0.006081031132257789,0.05906424919712576,0.004116949381963866,0.0019448919123013551,0.011369164229818545,0.0412871186212112,0.0446568582938889,0.025015596333941705,0.1792773936847634,0.0031998941884346225,0.006902146004783883,0.0065399357443069895,0.008174643906825315,0.005247182109853797,0.0060563000771553886
synth_F_50_003,Female_under60_srdc_poc,0.04590066761910415,0.002126166270310813,0.023539140563656732,0.004237082211819755,0.0028359708518922284,0.05495703524285588,0.08759205534630309,0.001897610815271,0.020208970772165945,0.08766887465120934,0.0033894236229660064,0.001745931642496525,0.022612406007458417,0.06601655742296049,0.0330756612029366,0.02692517832050163,0.10983851623730989,0.0035872834171699975,0.008317244444168103,0.005195037078169111,0.005417383216214103,0.00683564140332979,0.00955516043123119
synth_F_50_004,Female_under60_srdc_poc,0.07602535391965061,0.05690474992609559,0.02412028761621362,0.006290253640835232,0.005995876782515097,0.032395446297546676,0.42329698925574044,0.04659616718205067,0.018633684334077347,0.2842447419401558,0.015196261066506381,0.03461291260235098,0.07515236912015949,0.22938834364537128,0.09745838466048357,0.20313563003530655,0.2696337398469892,0.008409974370751602,0.011876767691479344,0.021072783133772168,0.008373325101446996,0.023071805865329156,0.024868863773733613
synth_F_50_005,Female_under60_srdc_poc,0.0749825436182497,0.002978602738062371,0.025196243309457883,0.023040074098257857,0.003881271022002545,0.06971985561144264,0.21167507029061428,0.0022021708098738995,0.015564515575318138,0.0338963281791227,0.009528174941959915,0.0035970694675036717,0.029335964558457626,0.04334789707695718,0.018284285900627643,0.0030536030237993234,0.0503718750262485,0.004532682373087884,0.005335649649287408,0.0034871281361008684,0.005141558145632543,0.007480217365104773,0.005074278305997609
synth_F_50_006,Female_under60_srdc_poc,0.08690425943756488,0.0014525283315403679,0.023771573719305092,0.004476287203948685,0.01276638420811175,0.03934810021998903,0.10843408616820982,0.004913977660762638,0.004648206601021772,0.06181487679901028,0.0056659530840659144,0.002843292919602808,0.011439467134228797,0.04499250636218553,0.025965111802489345,0.006189771191793913,0.09470747225053668,0.003740198046712205,0.006127399593761477,0.004873391638161716,0.0023440422375165075,0.004330347483575808,0.02527435129093426
synth_F_50_007,Female_under60_srdc_poc,0.09123365268472239,0.0019579746442588567,0.028549474915779964,0.00383116741129096,0.005480059377246158,0.0662427672505815,0.3433403619070004,0.012605477182591831,0.013227630302630066,0.04823276884945262,0.009386553610505244,0.003200730935077191,0.02574070238323831,0.0674663379561016,0.05650861120120002,0.05796952539872615,0.15170538595290542,0.004173585265680686,0.006900984310320855,0.012128557739487306,0.009752374356162882,0.009588881792339002,0.008096688699252065
synth_F_50_008,Female_under60_srdc_poc,0.13377636368343634,0.0013146714786800406,0.027472330139507953,0.0047566769645604415,0.009577040778762612,0.07286718909431439,0.12119920934140846,0.005596637343615812,0.0062771070663776764,0.06154230328754996,0.013192807346233036,0.0015944800207401155,0.01231581729858004,0.08290884379420493,0.02546265686099373,0.04961831461555432,0.11418324006484809,0.0046543404346868,0.00824596293614024,0.0066961622980740735,0.004310942749147997,0.005915693810212968,0.012732182689663673
synth_F_50_009,Female_under60_srdc_poc,0.07003378316986208,0.025319119607739814,0.023236047606962323,0.005028673349864804,0.003371430990978785,0.049207643718089965,0.11907807754497174,0.008333911336307679,0.022128442170064228,0.12331333988498193,0.04399139319271986,0.023950571353456563,0.07485010690930184,0.17355117223433836,0.06005918746360986,0.22361558582791502,0.19668664783778642,0.006629006078333745,0.008498978157202885,0.008379225369951074,0.02213908813834343,0.009274478004774166,0.005077965078049921
synth_F_50_010,Female_under60_srdc_poc,0.10770163188452533,0.0013391003953354583,0.02490930434186828,0.005465209082086741,0.0036421050873979505,0.055364397874417604,0.06140405110260762,0.00470887145826082,0.005034319976078618,0.02976093658217478,0.008394138046938119,0.0013598616650784632,0.013002465107057427,0.04337567495948359,0.02666513857078529,0.013403720452665434,0.07842222084244029,0.0027670042450349142,0.005275556449761308,0.004187784354901135,0.004276635063978652,0.004158786560488518,0.006371210471445675
synth_F_50_011,Female_under60_srdc_poc,0.1413176969817351,0.002153264462771375,0.02941298164930139,0.013083475914691134,0.0065110098204464225,0.07360955240403545,0.11736817408455835,0.0023718984252905535,0.012514699415595534,0.14572226497989696,0.010279336232844187,0.00441678214239393,0.029937705445951007,0.05573306682541186,0.028277367876451232,0.01436985861825294,0.10699988774555909,0.0029642046031612287,0.008751754525491186,0.008274101535413044,0.0020541681099773505,0.009939420055261614,0.021809245480154033
synth_F_50_012,Female_under60_srdc_poc,0.02804009355674509,0.0015385546323077217,0.02379036587165511,0.004482373357500554,0.004319121590919102,0.05594956264819132,0.07141097294245234,0.009486135526790087,0.01474141858512823,0.09150344700462126,0.01220525276334549,0.0038440784883197934,0.02223377878430588,0.07134761307263354,0.06552326374067588,0.058725307200532616,0.2193743689036305,0.0027328412210262647,0.007115281170238729,0.00861430245158418,0.010948762195421525,0.004488459875952586,0.0069475957609880555
synth_F_50_013,Female_under60_srdc_poc,0.05548739061082875,0.0017849520039472664,0.023949480016694252,0.004790836258938866,0.0058851252781141295,0.06351194138223291,0.35019553122214986,0.013311123854266294,0.009221899649500433,0.10637805132402847,0.010330209882852978,0.001635231790197511,0.025219631415066165,0.06745323427979917,0.027511722942466524,0.01640993425759742,0.08878268348483112,0.002979934318363962,0.007897237239616522,0.00774219434801544,0.0059419126675628944,0.012272980773648329,0.01563198182832064
synth_F_50_014,Female_under60_srdc_poc,0.12255022108311156,0.0015361392881339416,0.025031114811285594,0.007997258601653364,0.008597262877452369,0.07032481160345179,0.17052136727320402,0.022021086916388537,0.007206885399756732,0.10933626097286732,0.023096717469885467,0.0026198726114876735,0.04706956663081815,0.11076113451419303,0.04449368208137704,0.06630961268261941,0.19673751542255397,0.002772097883227097,0.00731738521382219,0.011355117760252277,0.009674965535205015,0.006971494268152141,0.011099872118675
synth_F_50_015,Female_under60_srdc_poc,0.14434932051034943,0.002511116463325252,0.025366214823768142,0.004181519916198888,0.006058324651459973,0.080966549536117,0.3216983850956629,0.0018318355215818118,0.009929700441132967,0.06941174334446572,0.004326035437370072,0.00268638121768986,0.00736767561815768,0.04066010573272715,0.02763461436879589,0.018546884561503406,0.10782066120201368,0.004762438687079526,0.009692671413303499,0.007013899896295403,0.005434292796281818,0.005263823424441949,0.010129111016510053
synth_F_50_016,Female_under60_srdc_poc,0.09091942920083958,0.00617719833505164,0.022400714765172795,0.00513889532208381,0.007802014827629999,0.06035682037781775,0.19275339216655218,0.06948732927781152,0.03364155039551543,0.14700780506639283,0.037477301825364545,0.001836098912454118,0.018820034067531383,0.14214681358971568,0.10128462329570265,0.10248972238927745,0.2745971618189773,0.006067670872653175,0.01471838405329712,0.018322416136337224,0.01991897300888627,0.01084841130211526,0.004696033489342871
synth_F_50_017,Female_under60_srdc_poc,0.054445479003842334,0.006448106490459195,0.026957661419459527,0.0056338381623214345,0.0038025126593552046,0.04815530435246913,0.12267980875366107,0.030120696983759413,0.010502448198518675,0.11512316931310086,0.04919451468413214,0.003995216985603059,0.02331655627225735,0.17312185647681796,0.0519123299458638,0.22465779003244868,0.20870419413253374,0.009737885612007478,0.0068434126409854,0.010689172951406848,0.029843150789380615,0.007663716508723191,0.007588074428472869
synth_F_50_018,Female_under60_srdc_poc,0.031464214945885964,0.043681910702559924,0.025046092757490285,0.009324211855974039,0.005952138668344139,0.04480910340413016,0.21584985142193053,0.037614307778347074,0.02694370023139424,0.08670841301669127,0.08893745381573778,0.06210461990230858,0.09538478788923489,0.31313530246951715,0.05827196144672923,0.2489736513857593,0.2080782099372182,0.006782062999500361,0.01474895943075079,0.01365576960257345,0.07075509393138991,0.010775893850396824,0.0030072965158863076
synth_F_50_019,Female_under60_srdc_poc,0.029107043882816267,0.0013712625714656726,0.02285331407250671,0.0077178256193006665,0.003484670793308158,0.07574555195731741,0.05886322218765608,0.002875427805719832,0.009413426603502072,0.05329796874635574,0.0029878722182501757,0.002736503343481779,0.008790538287755022,0.053711283020424855,0.023912350738513326,0.007543388353475855,0.09659596260401601,0.00256071241541083,0.0051772193456878675,0.005461982932782487,0.0058394725497158,0.005189507473518703,0.0054829167192516435
synth_F_50_020,Female_under60_srdc_poc,0.05865214117251645,0.002390668695596347,0.024424379519157186,0.004347424663909384,0.0038561022624104178,0.06519812864470925,0.4515855440769684,0.0225591236630592,0.016486189326949147,0.11558072541239417,0.09377868949834245,0.010675803951796995,0.18541813996428363,0.19161755679678277,0.05193916115374922,0.17392455860377556,0.14721452787602848,0.004182984652667623,0.009794945167751713,0.008798579990461672,0.015020644416013954,0.008619769348657116,0.004090686431578753
synth_F_50_021,Female_under60_srdc_poc,0.07839017253338365,0.02086789987429242,0.024752510269984474,0.004589735486480789,0.0058427735932916535,0.056909614661656,0.19180891804101435,0.015482782295382056,0.005634442150870915,0.049612228077854884,0.028916974188718452,0.008364975529900861,0.02223581560890555,0.22717691251385017,0.025195164639604823,0.004672828609724607,0.10032188412538402,0.007581089685432109,0.004112954826246634,0.003221355469226606,0.005128526234907666,0.006398721279395288,0.015597437356617531
synth_F_50_022,Female_under60_srdc_poc,0.12908883995000556,0.003732231217876224,0.02578431849712645,0.005377467919512928,0.004707829149823001,0.10147141198932016,0.11213115700868752,0.01803898258148462,0.009023190160471492,0.05561805650982383,0.004985436094759967,0.0018558229178440389,0.021844253677608186,0.05884614577908894,0.021812874125505536,0.0017194787810467663,0.08839579976354751,0.00384858413028102,0.006407855067022548,0.006392800998794205,0.00693792846566405,0.011941560150585754,0.006431915540810158
synth_F_50_023,Female_under60_srdc_poc,0.09128803980342635,0.012785959553969942,0.024301572814575855,0.010721896859581267,0.004118088414619012,0.05029452711404792,0.11590543576888904,0.012830631768419488,0.01717426382266131,0.05980865646413982,0.020387861059529378,0.0062049714462270224,0.017899236832819614,0.12357109093415386,0.0289437496673186,0.031221750856339776,0.16917256415843443,0.010215212318198717,0.010913996732773877,0.0062371827292111185,0.003444147508729662,0.007619211446381044,0.007358494110229321
synth_F_50_024,Female_under60_srdc_poc,0.0353737428985463,0.019119593128202696,0.026273011221489364,0.006467586416244989,0.010635026146140578,0.04512857021536724,0.28558414286100714,0.02185589664478715,0.010014628122690826,0.21725149166410362,0.0195854093023421,0.011721192368720998,0.020364656780938708,0.3169867787816617,0.06348728167859082,0.1227137274898966,0.26210726368116316,0.015558568569024109,0.008081785686812414,0.007720133943685978,0.00972161335029334,0.013919405048258645,0.03326463847920964
synth_F_50_025,Female_under60_srdc_poc,0.05207479773163806,0.0021221526574037967,0.021386688793207813,0.006744570897002077,0.004501397861663287,0.12311148422935364,0.1127585286630256,0.003497902161772007,0.0133790837941201,0.05162905280304288,0.006346827413168363,0.0027548967544520804,0.030999289959887797,0.0632324866439626,0.020345030262299467,0.003136361516033079,0.06780666652965794,0.004956023569219514,0.005332359221047021,0.004481297440014266,0.012150259959262872,0.00867356727362664,0.01681514314883388
synth_F_50_026,Female_under60_srdc_poc,0.13117566247777493,0.0009344397498634221,0.022877270557214523,0.0028842132822204194,0.0030569323218785018,0.061731767318376346,0.1430178649624365,0.0034206392995819704,0.005358837595852832,0.041236465070101924,0.002803765634172787,0.0020639891898355804,0.015337277467163594,0.03756346151128317,0.02546205037594063,0.0028776904197051795,0.11595552682701964,0.0024633335076390205,0.0053784822129511346,0.004656944208902622,0.0032852420070638424,0.004740562497585173,0.0049213437106908845
synth_F_50_027,Female_under60_srdc_poc,0.11344855931956069,0.008037764505515297,0.02504961346006745,0.011543034282380743,0.01085284983461444,0.047243191389861286,0.2907920877679391,0.03317280669498998,0.048868525230640496,0.14820537853365326,0.040959118553633635,0.00857620913694274,0.11519637508330974,0.27041105670372384,0.10532472239253034,0.09034845723863762,0.2325466954939744,0.007783398879775327,0.010208097985665339,0.011135398788108522,0.01621242208070829,0.06500928963643741,0.009661209688416973
synth_F_50_028,Female_under60_srdc_poc,0.030646300734520356,0.004619011384995369,0.025947813472656966,0.005462671726173483,0.0039588400821865015,0.07461205887986115,0.24914835397006452,0.0022372231699179794,0.02629916817713096,0.05791420875321792,0.015404487355240868,0.01493495748405914,0.013399901796999911,0.11511237724791717,0.05289108901971929,0.06833731255420818,0.190924318102401,0.007569605549438823,0.01372531009266364,0.010746433119472902,0.003741543812742401,0.013409543793354893,0.006560935690833061
synth_F_50_029,Female_under60_srdc_poc,0.026833073012804354,0.0249172159801077,0.023643125600985207,0.004829166903634479,0.00806937099228968,0.03775796869278828,0.21968293391874413,0.022404552194690557,0.036972201598343815,0.1286324742147734,0.09959083181259841,0.012445593406319594,0.09598944642638786,0.29764160482268837,0.08032831885478335,0.1501008784976278,0.20470744967036417,0.00848704561304072,0.009174471869515536,0.010985416146124924,0.012515260722960407,0.013870859669964009,0.00401384667171309
synth_F_50_030,Female_under60_srdc_poc,0.0666584459642425,0.009909282270938284,0.024804712461791775,0.003946862144172836,0.003232786430037276,0.05455160170335466,0.08892931697090864,0.02297990337758506,0.01084423397771565,0.07218188898485879,0.10496501472706272,0.0026230434302914104,0.02178837256617852,0.20185112295792554,0.06473464335773171,0.11039914973506892,0.2787100272861509,0.009457665498533413,0.006380121142301667,0.011807120142548143,0.02506501149785089,0.008627290828750614,0.016442212878601443
synth_F_50_031,Female_under60_srdc_poc,0.1395265406346655,0.024105255568403188,0.024885041559053855,0.0060949289374188755,0.0040365267702573236,0.0885137743373172,0.33642967558261855,0.059959042103092865,0.0295742130239316,0.13748950438442278,0.18076594068653612,0.028845839085186984,0.15816159758169654,0.43591876614328984,0.06531220241072155,0.018085476896207684,0.15493055398008185,0.004772620489853579,0.009538777333836202,0.011449638721619719,0.012093507132700907,0.020649962808807196,0.007552339794052147
synth_F_50_032,Female_under60_srdc_poc,0.10471866072693958,0.04681336129750756,0.024847018922584143,0.0049793264600170506,0.0037892483908337294,0.05801701923279944,0.05796993019567689,0.01619539837170645,0.005061275524198296,0.07539955062703507,0.0607370366168632,0.01882254012452154,0.04849410652763067,0.15905364062456342,0.07077691729335127,0.16653339658302468,0.27882576344902876,0.019973537122991998,0.01462872056299382,0.013127387531789882,0.014992721496062907,0.01012686401606866,0.018724913300897813
synth_F_50_033,Female_under60_srdc_poc,0.0981256997462844,0.005879056439836123,0.028760746429236286,0.00428460394475427,0.004709966063541103,0.0490357815689233,0.06067352447739609,0.004148834901787317,0.005238896303711287,0.050033678302819205,0.022614278440912353,0.00434761898645955,0.008512737358632746,0.13702115634099318,0.02113991796834131,0.010367606518558696,0.05718729026299271,0.009420032335305101,0.00571560917892552,0.00628787978791212,0.01138587353847485,0.004780436430834408,0.008672458564806598
synth_F_50_034,Female_under60_srdc_poc,0.13899243955543902,0.003214697746334242,0.023271500746725293,0.012521937300955749,0.004240748241150943,0.10279425080996606,0.14503226243484316,0.0014658113138516938,0.0047581806619572415,0.03790464604183255,0.0033405982109546636,0.0027951576651012557,0.007737069867055758,0.028835392833016366,0.018741435593967244,0.0010935103182242157,0.06344248132506841,0.004751149125308382,0.007447208880977631,0.0036011337191273,0.0047406956766472535,0.007345169087111041,0.004463433571324199
synth_F_50_035,Female_under60_srdc_poc,0.0940110910579503,0.002217724521811001,0.027549916434699253,0.004083966631110919,0.006050614941301617,0.0453045871885467,0.10004565974983963,0.0049896793381465285,0.007528580244170528,0.12859518822669141,0.0034774245330494633,0.0025142190709482592,0.019701101012273573,0.03762569962434566,0.04226886216396674,0.042629545888080767,0.18776310312683528,0.004413724061007403,0.0077750280544540955,0.02332330880097255,0.005450124446818115,0.007203037324765435,0.005694486296193785
synth_F_50_036,Female_under60_srdc_poc,0.14424126025531225,0.01067915688608352,0.027184201983717626,0.005807658092846982,0.00963242641235047,0.07256563129045439,0.2937467631592606,0.012991046318679825,0.016744993910497233,0.0689945878771598,0.01329129944944238,0.018165714065854495,0.022907846724045514,0.17420553295095134,0.06423280355575516,0.03037804220520383,0.18204995462893098,0.006917742591530186,0.011035214517304008,0.0198580188154935,0.007411130585281368,0.0152303586963063,0.017998589810685594
synth_F_50_037,Female_under60_srdc_poc,0.12425375380358535,0.013781765369655388,0.023648997445429226,0.00459457846466064,0.00755050840859694,0.060876471935272396,0.09479631882542475,0.009523718105533817,0.006287956900794753,0.07163080385810675,0.009599477482272422,0.0035523564721132964,0.014832592812693836,0.08441927523614996,0.03029427714686024,0.05492511743645985,0.1326935098231438,0.004442880124365468,0.005950474825303664,0.00727825842486415,0.0040109836749642165,0.00691193960265799,0.0056749490818618934
synth_F_50_038,Female_under60_srdc_poc,0.07380149066911154,0.004265127338866997,0.02633060881506594,0.005753365981554368,0.00916593432213557,0.15429019780506004,0.10694091482526477,0.0037287313654427072,0.010303199110684239,0.04191908637689109,0.00607482852788896,0.006280783037935752,0.013085854990618389,0.054076651068365546,0.04792860472850059,0.013134094891450931,0.18136778899048217,0.0043559459968511875,0.005931554633188946,0.004349972325940642,0.004148992451215038,0.008075739943339237,0.01641195967003912
synth_F_50_039,Female_under60_srdc_poc,0.12865882894665923,0.0027331951127514717,0.023705513252059513,0.004847271244310984,0.006685256184198491,0.05870936216237839,0.05864505794272199,0.001694380295090564,0.004890299926905953,0.056103486127749756,0.012731643804347086,0.0006745900655528017,0.00507325089118114,0.05245353738252409,0.013026922363131405,0.0018694118912540283,0.06195562167930475,0.0029700583100037117,0.00885099654029821,0.006487142485126441,0.003540507105422988,0.005778210903880857,0.009772146228394462
synth_F_50_040,Female_under60_srdc_poc,0.18539393334613694,0.001712112989856919,0.022589036708891782,0.00411631701416995,0.004127178649929262,0.08659806584996954,0.15881386572681483,0.024125971666730563,0.02339788393611284,0.055620112666153604,0.037106050340890984,0.004809537060037504,0.030289619071346308,0.15261096202026286,0.0277387030577692,0.01814375953407428,0.10787648913387508,0.0026041662074977484,0.005968725832014623,0.01088202662279779,0.016044639665864353,0.006288559062915112,0.0041043566208758975
synth_F_50_041,Female_under60_srdc_poc,0.04507863056514773,0.0018331747467051612,0.021039103260119856,0.007827996230311017,0.005142713820319717,0.038729520922305506,0.40802877113736824,0.01620414896678204,0.012701669250717355,0.0824554879973324,0.007088536520144578,0.0023627590030757266,0.04333140679714933,0.06968400969502293,0.040805622352433214,0.006168564103765086,0.11088090292442716,0.003683040232143203,0.007200462516875486,0.006715418902518618,0.0059444043877349105,0.0071881571319351726,0.0041180084788918206
synth_F_50_042,Female_under60_srdc_poc,0.054110714801079485,0.009900264602375763,0.025889643050304306,0.009134534317611515,0.008787853215250604,0.04214389016415186,0.09563029147516618,0.0027092391158866852,0.013048607318033673,0.05471887310610364,0.01538098361793502,0.002822290233967668,0.018071027499870166,0.08788970166160844,0.02118096198364611,0.005586331444034411,0.07090834050631314,0.009848451913379389,0.0044356137311407215,0.003963497276010526,0.011333852218822932,0.00792503622756499,0.012792994797658797
synth_F_50_043,Female_under60_srdc_poc,0.0611728344345538,0.0051595371755529884,0.020299778266400448,0.004838547682608947,0.00589933317324136,0.040018173888087503,0.3815558675802561,0.028105139739568713,0.039607104598835506,0.1230665930142217,0.024240422078747985,0.008510443724367463,0.08754155002760104,0.14737542907466797,0.07206643911547989,0.027619938183006974,0.28132220810030606,0.0044229766560352195,0.014529793922949251,0.016471772699740726,0.009749731047458963,0.01833661410236643,0.005298972835962303
synth_F_50_044,Female_under60_srdc_poc,0.0655700271811337,0.007845747152012136,0.025184955206179926,0.008593519616897829,0.011644664928895808,0.11218739195944623,0.46342110317308655,0.055873864595827445,0.03146892164850419,0.10262183391376731,0.05399336792808393,0.005525815429694881,0.025471335304870713,0.23230888859525972,0.08176920014326283,0.052673728955648424,0.23021787733556817,0.006471913028460948,0.010861362459395804,0.015363263159691875,0.007892436159656485,0.011688386045412662,0.02120707483237517
synth_F_50_045,Female_under60_srdc_poc,0.0801345127616701,0.009946805329860206,0.027473303275814164,0.013151240569728538,0.015594458253235587,0.08049757758300383,0.24322345373916732,0.019144952644975413,0.02410952562408869,0.10153452581342272,0.009497307960818472,0.013107999318512833,0.025172925885486672,0.14007302167984517,0.06815983700137014,0.045092999983685586,0.20021326073267187,0.004296516470483269,0.006467839949944266,0.009350389078348545,0.010713656072928911,0.013639474134952418,0.01944271763657368
synth_F_50_046,Female_under60_srdc_poc,0.10955529484615087,0.004009823174711344,0.02128057789310517,0.005227748519180384,0.00815056549894547,0.051917092365149145,0.03125097180806989,0.0038921858907079833,0.00903221908652145,0.026587400500100465,0.005471485734624597,0.0007512986232072103,0.01413836842218893,0.026558248979345066,0.017002880429940685,0.0025397136246301535,0.08187225725490511,0.0034546144311540807,0.00910779556402473,0.009766280926402771,0.020448295380769244,0.011290649985260736,0.0029705009862340836
synth_F_50_047,Female_under60_srdc_poc,0.06130748808316554,0.003422734496035626,0.026736991114107336,0.0048609518174418855,0.0032304466278558837,0.0629535276616734,0.12376972611058192,0.010140787536964272,0.030997200897469896,0.05170172496596739,0.008145321540005253,0.003711425555111728,0.01618668566206844,0.06493367747507967,0.04105272391719578,0.006056850512744931,0.11677149858001229,0.005603682655688924,0.007440938537961166,0.006021629592988541,0.006658645038504987,0.01205042021630112,0.015899498162527222
synth_F_50_048,Female_under60_srdc_poc,0.03353697577927194,0.00415728098130164,0.022338183283067827,0.0058018954583587915,0.005860030636682532,0.08100300568920349,0.13754497513407685,0.004845952273021282,0.011051305469660632,0.05718817505571854,0.008730428542948086,0.004019156335083365,0.06494613166673374,0.1220733097846744,0.033264752707487494,0.004670591703304218,0.13855480844179668,0.003603232122878594,0.0057427930171458814,0.005770915027052809,0.007287961538450961,0.009842640126324487,0.005714761866056983
synth_F_50_049,Female_under60_srdc_poc,0.07126788350947438,0.007067228928436826,0.024086800607702425,0.009973406186434861,0.006367380057960261,0.05048461676794726,0.1648485469993238,0.006155358258331639,0.010346472593663879,0.05474202925610906,0.0051563907252458645,0.0031706427063202323,0.033577080927967864,0.0543466259215279,0.04161532467486397,0.006495301151068998,0.1343934292148891,0.003352195155143209,0.0069056268861081025,0.008969659269899089,0.010105554617427874,0.01353197163939782,0.008261622418745949
synth_F_50_050,Female_under60_srdc_poc,0.08557159655550589,0.015619528548806206,0.025860165149557787,0.004243512334009652,0.005120608698536498,0.07072833687960914,0.04738268905893029,0.0021344133486563503,0.005076899573365568,0.024846968070179703,0.024365555078381212,0.0053026957576340515,0.010986681172677338,0.09729166480146509,0.02090161036973225,0.005906262904747625,0.08763376553324309,0.006795927088654639,0.0046719570638892784,0.003388061536511493,0.007100828956557308,0.008111620099874041,0.006901173490841162
synth_F_50_051,Female_under60_srdc_poc,0.07729406246720742,0.002394971320551186,0.022218186746141393,0.005425040103506178,0.004723838747007276,0.07753266691582149,0.215808498091907,0.0011482754335441524,0.006265220429443318,0.09995361213745611,0.0020069414913869627,0.001368867166337242,0.0066060273501002366,0.038375020699344266,0.028601183842165142,0.0030939945936660765,0.10820718602297992,0.006768918334358891,0.011167661963755597,0.004977020941315934,0.003291954599571243,0.006186795256512614,0.003119232366133632
synth_F_50_052,Female_under60_srdc_poc,0.0844716457833872,0.0035832340853000472,0.024008077224185527,0.003855588501155333,0.005713422388618058,0.08037162302664456,0.0676645221828766,0.004206672240227369,0.010275844421462508,0.045003062945574136,0.009348510980708756,0.00714198989983462,0.012747450913172078,0.09178636128277708,0.06712063371818934,0.004499350881933545,0.1881177292973951,0.00902722301648411,0.01750781581424647,0.008267475662453633,0.00834607522554645,0.010511301718976561,0.011246648025546474
synth_F_50_053,Female_under60_srdc_poc,0.06304546960222598,0.0015168114408732375,0.027165107419035207,0.0045649360186712055,0.01149667322783707,0.0889239279472058,0.08597011646835731,0.0010389518908768193,0.001831385327121023,0.03688441210858379,0.001047838117875433,0.0022957015750689315,0.00570911210291171,0.04564343631969997,0.016698044411216823,0.0010303569988808277,0.05494906426231072,0.004792886016395103,0.008696975974037804,0.004099549735567112,0.0022505331926725557,0.004341599740591383,0.008097575385470637
synth_F_50_054,Female_under60_srdc_poc,0.05120311057044676,0.002617804560550303,0.023695352101819056,0.0037938759329255566,0.00713085404880338,0.06336545651582384,0.2751209731314093,0.016755785708516418,0.046627712960479094,0.12099434797302627,0.10478484459073163,0.00578050745934311,0.13452558437798293,0.1203914653727235,0.04903990436509821,0.052195488029145545,0.19387081072542656,0.004045713242527159,0.009828739281421126,0.012147023431456756,0.009440364966010962,0.012738663805648608,0.01355518650209869
synth_F_50_055,Female_under60_srdc_poc,0.08884590170453133,0.002519586703381394,0.03151502226915019,0.004484802890047961,0.009128163168227753,0.11038520112883358,0.1993657537933542,0.000958378545886641,0.005304737638299339,0.04297962294434822,0.0013501939400581873,0.0012378459550599743,0.0062612985923391415,0.012787710376865071,0.015712353479820522,0.00201669988923929,0.08270870627407985,0.002224081726371433,0.00853800069170257,0.00459332094871713,0.0031420216686758413,0.0070120761768154285,0.00491859124571953
synth_F_50_056,Female_under60_srdc_poc,0.12216078350224018,0.002084544296566722,0.0239336287747216,0.003554351881302987,0.0054806843028322155,0.06130161462498329,0.11526248532504124,0.005064502436319911,0.004438538522071244,0.029334343321967465,0.0037490975767973216,0.0013630388528129253,0.0094113915299099,0.02855776249351069,0.027315066235457014,0.0027069127360102763,0.08643082285318536,0.0033703855873548944,0.005338423365863302,0.0033235851486271973,0.004311045655060978,0.005605710900720438,0.006379981977903869
synth_F_50_057,Female_under60_srdc_poc,0.572095636884123,0.005016770182017503,0.022041064812319742,0.004204742813271101,0.0035178136815244053,0.07960891493839095,0.15905262965366448,0.008734685263252665,0.0199172752543612,0.09700645471828104,0.016566010904147235,0.010546599136148024,0.0672053098053647,0.05928304899235195,0.030394706692922713,0.008594711814721438,0.05857284482126129,0.004408339947363378,0.01696817432359623,0.005646061977637338,0.010172497823699328,0.010650889996071897,0.018267812472515476
synth_F_50_058,Female_under60_srdc_poc,0.04450629868715004,0.01435823593376805,0.026317387550667003,0.0041555141543595745,0.002909140267192489,0.058455221657152216,0.34767451504455277,0.00937053502262983,0.027818775047624814,0.06220078501545252,0.04585990813020348,0.0057935659640966,0.09476682876800244,0.2943308775106691,0.0519043494662836,0.04196874399391453,0.1539376234150809,0.010504089018871978,0.006491237638179427,0.0060538626314060266,0.011022881784638103,0.008605746702682621,0.026154783312754986
synth_F_50_059,Female_under60_srdc_poc,0.0575289442415518,0.00246471141369349,0.022948860736441437,0.005585182357175469,0.007777966916351608,0.0427918136287272,0.09372497946091607,0.001076031932062847,0.005703873189790637,0.0292171127215915,0.00387417564455088,0.0028007463518030054,0.027596735605013915,0.025389571830741073,0.015403422785385692,0.0015695494671453614,0.05582364564364704,0.0029088078432341984,0.005831832446280014,0.0034051985398341304,0.002706890411646866,0.010251213178328708,0.0045834449731601236
synth_F_50_060,Female_under60_srdc_poc,0.10302188607298007,0.0019803348752754912,0.021819240812732857,0.007575078577204775,0.016468766640205874,0.06006405790039611,0.0822544004898992,0.0015394627389524068,0.0038353628723011837,0.05757855966594702,0.0018073427933417608,0.0009656611046917665,0.006478678644646318,0.020041763154766797,0.016768109244987197,0.0015610682182227696,0.0649206152970584,0.004526239578570024,0.010317360040195015,0.003999307629159371,0.005428963235009478,0.00538432984997208,0.00943739339913187
synth_F_50_061,Female_under60_srdc_poc,0.031751788644641836,0.004251432067797953,0.02292440847649704,0.004974473693622377,0.005907991889960169,0.04643232580976734,0.23337992153299622,0.015137606790786289,0.010831372614783065,0.07312808648399272,0.014419748994561174,0.0016368259678723055,0.023077277319164865,0.06002891557465805,0.04015492547958869,0.03727373573388045,0.11225976950190107,0.0030762148933999394,0.005218817723359969,0.007616844852382398,0.005369926216002965,0.00797065927172693,0.005122231352157376
synth_F_50_062,Female_under60_srdc_poc,0.06398852107113534,0.06952373656787937,0.0261571758512503,0.005427339626801042,0.0064170490130524204,0.22601799314640317,0.4382007523467378,0.006204082715936865,0.03480016113593197,0.18992252588339054,0.04554612914705959,0.059004796886783804,0.016704150457457177,0.2557967665440154,0.09200749842364889,0.057981845477157776,0.33982564019228456,0.024320985822572968,0.021406526315409503,0.0181642232232111,0.0057950467773576556,0.0188898528244622,0.0071385290621586925
synth_F_50_063,Female_under60_srdc_poc,0.07543234064162632,0.04962512453343595,0.02471522717073366,0.008205605193999262,0.006499573453530486,0.04938384883954616,0.06440125548346134,0.003990040756476195,0.011002851928748957,0.028499410147440216,0.026981916108463195,0.009500681042200192,0.015859095112207948,0.1948739425887732,0.023156875382411755,0.018591497425150143,0.06725740258241895,0.010008211175488274,0.0043646194238507454,0.0051924638697865046,0.010481889291390312,0.007329240360651146,0.019545004955082854
synth_F_50_064,Female_under60_srdc_poc,0.16099116175991812,0.011205593385530685,0.02445136371216943,0.006030990484105884,0.004061457775710576,0.04395128261453069,0.04293833637377257,0.005078201848066996,0.007446906253430756,0.05323112250623938,0.021501579077965863,0.0043000739982445935,0.020811570759531342,0.09977138707484966,0.02274783900761438,0.06200380503841906,0.08128053211674631,0.005005475263429133,0.0048111691295644925,0.005309046039705152,0.005318656778727695,0.007612713833797284,0.014180156660986687
synth_F_50_065,Female_under60_srdc_poc,0.02776979242463012,0.054249958512891674,0.02391080824049687,0.004439857311104537,0.005683083696781061,0.04662648421310839,0.06535920243495019,0.012731560544981745,0.013472307830029904,0.06632104585377623,0.08414226987425631,0.01893742305122779,0.0360118900351865,0.21741006804062407,0.04984718798077072,0.05115887029798053,0.16723440003719062,0.006403944507964973,0.007840561726200837,0.013775274549016487,0.010488889377976847,0.010880038656935917,0.006630483192920384
synth_F_50_066,Female_under60_srdc_poc,0.07736852871449852,0.0016197883914016483,0.023176014566999477,0.005377315263525233,0.004961713225647981,0.04783047650799207,0.12199784152493193,0.00374019094512218,0.005694657960625991,0.07398377416056087,0.03462889696157383,0.0019332871945802069,0.018642993925597175,0.06563536845935594,0.03905572637693146,0.0500521587726809,0.11923394290994895,0.0031914686363193313,0.008765751696840024,0.005650246518790911,0.003129795886255873,0.01002720353825576,0.004571830314075059
synth_F_50_067,Female_under60_srdc_poc,0.090608038018664,0.021824471533227422,0.021480164766117017,0.004744845284926327,0.0036555600734784204,0.09450569279308005,0.08299164947602831,0.0037784720527780894,0.01133109292351083,0.04930835418298723,0.019346743382161857,0.01110249731030043,0.012331896933554106,0.08841184265283343,0.029995677064418108,0.03902134762879299,0.09138908121724693,0.013629005088575494,0.01218991271230993,0.007460556372680386,0.005027519034579828,0.011514323836620977,0.0029545668926352123
synth_F_50_068,Female_under60_srdc_poc,0.04661430451387878,0.012440844862715556,0.022521099503170765,0.004696906852829117,0.005341758788640623,0.04459286032529034,0.07449209491553194,0.019970987048185763,0.01669458085800698,0.03826306610519683,0.04347397397793241,0.011248069516434723,0.017424202462070687,0.1683000702663859,0.046824995857894576,0.025307574114988126,0.10081735553845735,0.008981886360943433,0.005756446448412659,0.0133758184409681,0.00930112635025409,0.008742836339777673,0.002802270738501881
synth_F_50_069,Female_under60_srdc_poc,0.1607062618541887,0.01613556759034278,0.02167822123901446,0.0057385260457993555,0.01689770571589377,0.0884937319261749,0.21435595636575064,0.02209425114351029,0.012710270604873298,0.16086918391354743,0.00807820406885724,0.0033522395221763654,0.0950776418108677,0.0837243598271462,0.036961708975277834,0.005199245932159485,0.13090246207091,0.005319604957153726,0.00925865518918283,0.00652265829806436,0.012934026065280749,0.019298872302251913,0.10843712571966917
synth_F_50_070,Female_under60_srdc_poc,0.07984788460128445,0.006059028677204318,0.02651473398116785,0.006626356461401709,0.00619730297370546,0.07835924880869212,0.20899711090284553,0.016135274583642483,0.02729584350664696,0.07691250633666867,0.011012090126512077,0.003381314619067182,0.013773316103587376,0.09925601077795547,0.06078158854572261,0.013105244640229427,0.17313787574929335,0.008418811083305697,0.02453207241997062,0.015874346178762076,0.0061305175247504,0.027374994384261185,0.01599892649985895
synth_F_50_071,Female_under60_srdc_poc,0.07183255457791608,0.0012768665357310357,0.025537337309500825,0.004259553829787143,0.007410641183850267,0.04501459602576553,0.038160913267806476,0.0038077334848505974,0.0039381854779350555,0.03631265490482862,0.0027518546843012656,0.0011380693901060198,0.018077332587386585,0.04539906878262641,0.02763124149741677,0.018862174669560222,0.17180913655493962,0.0027422147483343855,0.004760658443642163,0.0052560966886011,0.006217117934679156,0.005691441032833897,0.004094357518783136
synth_F_50_072,Female_under60_srdc_poc,0.08493120004556202,0.0066213723670540585,0.02125656974821624,0.0039346606236571,0.005973549008395587,0.060715721226911386,0.1119773521188799,0.0038961724224286856,0.005110797877996703,0.04144420641561016,0.035342567056614364,0.007632010862530757,0.00705197541224934,0.0976998079904174,0.02263914431816144,0.006581162835436758,0.10271231202305503,0.011100153283155537,0.011532897513076183,0.013285671831312367,0.003943230138353572,0.004167001421381095,0.005163707604166653
synth_F_50_073,Female_under60_srdc_poc,0.048008035571563995,0.08544847865203642,0.024396587715293357,0.006482425267917703,0.010022867945858443,0.05301947597047041,0.22772932466528978,0.013146305562680474,0.025803278603081167,0.11525015000662724,0.018467834576117347,0.039456554641807334,0.024463117759672897,0.231027229365874,0.0815282346415514,0.009165651687878858,0.12712431549603212,0.013311493978290763,0.029349660367173024,0.009491078415380081,0.008562946440868075,0.03329034085024385,0.011655523875507726
synth_F_50_074,Female_under60_srdc_poc,0.1371264774074211,0.037681282201449486,0.023543113321150177,0.006820550386933724,0.005069432581584944,0.04990760770897629,0.08904524604068131,0.0055537365910962545,0.011542700426958716,0.055349634094467456,0.01962738098984297,0.012581289499281424,0.025380483714408455,0.13743620700929246,0.037775901388198585,0.046921770621702434,0.12617976839574746,0.008409959448627397,0.005052196421638612,0.006400091642425961,0.004986703347862325,0.009396616076981366,0.004318245909067489
synth_F_50_075,Female_under60_srdc_poc,0.08705855461304515,0.002096527180412596,0.026815492225026025,0.004505878968399737,0.006663278151209113,0.05443458322206421,0.14695708505664992,0.004233289469600651,0.007715995871968412,0.06890733409883627,0.03261204630821644,0.0009621112764909002,0.01738403587537085,0.04379173830823173,0.02898714907840004,0.011778723630844683,0.21088458295157725,0.002422432678741998,0.005440708076957833,0.005340601743517165,0.006512221632863398,0.009193844705477652,0.004835911238176291
synth_F_50_076,Female_under60_srdc_poc,0.09528048732724788,0.04530860675428202,0.029202989456099452,0.006461290977896488,0.007021898376908129,0.05960664321069135,0.18143172805149246,0.23073368939025077,0.03146820196601979,0.22566930186738568,0.4793562884340853,0.017520748333738914,0.08407649305729094,0.5379101105016975,0.09921192375745826,0.34226937274811214,0.30683921744800396,0.009426421857877542,0.012744045007360871,0.013706829905570758,0.17187550871257548,0.015531647002242284,0.008525585710365786
synth_F_50_077,Female_under60_srdc_poc,0.14133206459037262,0.0026515379410332112,0.027216296130082165,0.005034478442511528,0.0054756307674984905,0.08705777020561221,0.11242936874704701,0.014059865850807566,0.005828977973478869,0.2221067831870275,0.0031090453744175768,0.0031104529609270455,0.029162598428424596,0.05723254015258094,0.030486504314248476,0.009182829691759773,0.09896557638995454,0.0028627093241730545,0.005521980749030462,0.0028458840339770945,0.003158983710313633,0.005914218040896014,0.033090686419893794
synth_F_50_078,Female_under60_srdc_poc,0.03473406042152366,0.002506438301010067,0.02794253310826558,0.004264539116401699,0.0061875553577112165,0.04089567344689056,0.16641515000744622,0.006090933683885597,0.01755291057496094,0.04027107352679481,0.0022015232956704247,0.0020718644268507853,0.005862095971287041,0.02757601984256972,0.029396246464626675,0.0016783075701762022,0.07990304197190617,0.003865022975602708,0.01784712833134035,0.00822317372276432,0.006355578679264319,0.00586104602936106,0.011582286291697517
synth_F_50_079,Female_under60_srdc_poc,0.09711804966665905,0.06513377720702694,0.025138397136354112,0.007866766350530416,0.003832744091501194,0.06430198792963839,0.34242345591990364,0.03367520008600291,0.022687279461454195,0.11023854848732409,0.09700830457893882,0.057458048920722274,0.052827851146592095,0.4705095081049549,0.11488694684032003,0.06098642223465912,0.3178283942162557,0.012364736068048181,0.010788353427021004,0.012158306518388734,0.023753401130591,0.017258985913983182,0.010023313710437564
synth_F_50_080,Female_under60_srdc_poc,0.034092723441093056,0.00739759952293755,0.023282860239179658,0.005909859694771902,0.0072510175982626835,0.04197386593181151,0.12346844145399469,0.0256205294883803,0.03756657505274495,0.15109889765688733,0.04391736270749394,0.00452971056312252,0.05436824475742416,0.18852599145097984,0.0795704485351854,0.06270446075550956,0.19631192828564364,0.006343065518431587,0.004947935312605486,0.01006715998292929,0.009046339419860964,0.009038723123179068,0.00938567230269123
synth_F_50_081,Female_under60_srdc_poc,0.1906310147036872,0.02472408195291119,0.026153454105565625,0.008658852572128478,0.007096076590010503,0.04594229979011199,0.04580355049495739,0.026267368505238663,0.01970833358718436,0.07098869560036303,0.04760410202188599,0.007091165150270718,0.026410521231221413,0.16002064023969886,0.039363060363285046,0.12426463210705445,0.14633197302247428,0.016322422955382825,0.008317110842960523,0.006007243913138373,0.008159458903006775,0.008372025326924618,0.00503623083607454
synth_F_50_082,Female_under60_srdc_poc,0.12051039677791159,0.0010252755310529533,0.028615011021360628,0.003852930458371785,0.005703984340689468,0.0838643822434246,0.12974936503003523,0.002556704658780015,0.002316140037861283,0.04214819747943242,0.0025078353174156744,0.0012820958645961707,0.008361774318581545,0.015350005947323315,0.016944999914357342,0.0019056533206594688,0.06360626754003207,0.0025823415232245983,0.004971867217196378,0.0033917192184285297,0.0031311290644565233,0.004900874539648589,0.00525945558545249
synth_F_50_083,Female_under60_srdc_poc,0.06996796068982782,0.002440857485600977,0.02061764657115731,0.00548820567562901,0.004686494912813848,0.042077060406174094,0.33548690839361,0.01993255231331717,0.06851621309464244,0.09615409080504717,0.17040946387722125,0.00910451885916424,0.09853096829602669,0.2562384582954232,0.07593155245023593,0.09103903130646414,0.246892116360441,0.0022017696615390285,0.010283413668412848,0.011737902153919703,0.0393439870005634,0.018429351083108236,0.0048105104010958905
synth_F_50_084,Female_under60_srdc_poc,0.08086054834490963,0.0013801452529848437,0.022717931678294865,0.0040316795859536144,0.003142429685625628,0.05863467248889173,0.120991731314338,0.0008898919707551917,0.002555641536187402,0.02471808793317804,0.0009970099037444826,0.0011496053727506573,0.008087480657786398,0.015171957559497901,0.018986250052909222,0.004689460808142537,0.08365539522936487,0.0051315858336517875,0.005033470230745179,0.003596248803693007,0.004566957375589581,0.003779552812913317,0.0039324697409937655
synth_F_50_085,Female_under60_srdc_poc,0.06635149678452959,0.005193135493846867,0.024649785129928437,0.005407778330101868,0.004644577376582086,0.07813827188215641,0.1683188595773789,0.0010854816037751856,0.0023199562117755027,0.03484388123744766,0.00460172768185992,0.0035119285690935133,0.017344377690584344,0.056031358392900216,0.023342221835425104,0.06875568834079152,0.08458627177023711,0.005753435281054004,0.004764122003836882,0.003246675904412984,0.001977907358761645,0.006368917649874954,0.002461952739991391
synth_F_50_086,Female_under60_srdc_poc,0.1476620013108163,0.002261524705634929,0.02658996608100953,0.003865051878506218,0.012427805335622108,0.056248500236033616,0.06298177475738874,0.0016152166775541554,0.006345034164991871,0.032387548065526815,0.002368292261083933,0.002425361803034178,0.013945197523891955,0.022431139823905242,0.01949210370572266,0.013380054794063748,0.08771556223410654,0.0024439457899192367,0.008180863531027075,0.004826634590185907,0.014669191335638786,0.004979077403157895,0.003314623176563613
synth_F_50_087,Female_under60_srdc_poc,0.02934413389236154,0.020552875652586376,0.02477113068003371,0.004856467013786262,0.009094529237012886,0.0415762782149433,0.2621703913486828,0.016787267726608993,0.01836462485526763,0.10670103596867582,0.05883755075328764,0.010439660508090795,0.03453758903697499,0.17028205787855843,0.06600767180837858,0.2727975884590819,0.27207977616117024,0.010178231439867628,0.008033180639685607,0.01415187294760951,0.03577546975851994,0.016684348806975457,0.0056762527807335365
synth_F_50_088,Female_under60_srdc_poc,0.053207091977516656,0.0025818105425988555,0.024402422393566752,0.0049127733863018426,0.004423712090493722,0.07174576382660838,0.1183475624306923,0.0013373969804076442,0.0052649300555949775,0.03321306120024996,0.004201171122781661,0.002834711124264392,0.031753366231950575,0.02357584351386358,0.018755597302831772,0.0018747035840626335,0.05003158331219322,0.0027589999651738656,0.005901139031255511,0.00397112030496304,0.004054464459484365,0.009645489050649643,0.0030467851624993167
synth_F_50_089,Female_under60_srdc_poc,0.04783877189483695,0.0034511269740440213,0.026634143950283733,0.00563079196072894,0.0038165456590403377,0.06912868334339277,0.2608570664135787,0.017411896006782154,0.01685349354059057,0.04412748279723426,0.06544404834992797,0.00653792830101015,0.018176377706011406,0.13454523805287183,0.04152177075682791,0.11058000042332443,0.1580245341172761,0.0024692273199796687,0.004567815705744091,0.01405267244440762,0.011423751939703741,0.006296028061256668,0.0028885822102384805
synth_F_50_090,Female_under60_srdc_poc,0.11576747057567378,0.004430182853630002,0.024645762040751175,0.009125801572254602,0.00920218575320108,0.044335032163400616,0.14400031701012167,0.017430483454227225,0.014346688551464122,0.11027409666385417,0.01896238932317812,0.018648693366831993,0.031233640621467718,0.18600214595821618,0.09241626625957042,0.08546182095932538,0.33607686343988097,0.009199241919685545,0.012112243487208579,0.016744880827823164,0.028218638381087662,0.01322767299812746,0.03469713279337327
synth_F_50_091,Female_under60_srdc_poc,0.05539369838967569,0.0007348294925429388,0.02450692245483354,0.004694479029514117,0.005246559441323526,0.056364257696261286,0.1809137134861416,0.009295141815341908,0.007788255419798628,0.08485918891777344,0.013714567128048447,0.0007768922630234308,0.0175963317523659,0.06587477763892628,0.06192704409393294,0.05472582145840279,0.20993363505168958,0.0037129536409004557,0.004079955575755365,0.006905544600904106,0.010086551851983419,0.0044099253778801415,0.0048273080025372185
synth_F_50_092,Female_under60_srdc_poc,0.12715263930601609,0.0021942373050383448,0.022161196014907337,0.0070151426866019865,0.006904023771436487,0.03736735053528212,0.060729975921264986,0.002260662341794024,0.011660525868758835,0.02274448219482334,0.006883673201404222,0.003680250762710775,0.009952096073281501,0.04044803773157211,0.023778846930429576,0.0038083499715732827,0.07854746443331974,0.00267494458918914,0.005929064560856327,0.0053092033546724435,0.004705050807141423,0.0050431631566802615,0.0051098665795475465
synth_F_50_093,Female_under60_srdc_poc,0.030172538488015013,0.005194097470493447,0.026201721392642683,0.009407409689715231,0.011307237914195009,0.07470786233489966,0.3687900532397414,0.0015325537029609116,0.008900344287543358,0.08183696401744213,0.002831636016611086,0.0010901229579513459,0.021845250359295184,0.04051267184206065,0.019748284075556802,0.0027505234903865807,0.09428011209730881,0.0037916595498230727,0.00555537307214191,0.004434191708060557,0.007975389487980992,0.00940046197884883,0.010361587160154005
synth_F_50_094,Female_under60_srdc_poc,0.04354106402426465,0.003487872729337879,0.021967061662740813,0.004318022315704178,0.0065814855929648315,0.0430140328771035,0.037734599727857504,0.007438271550128911,0.006173883510631599,0.04067984816314093,0.004186273383494636,0.002571858565095576,0.023612465305114908,0.042062336103119116,0.02757201954135133,0.003708221221115089,0.09674813445791966,0.004355180990991413,0.004455352087251092,0.0046811910713798624,0.018186678502886577,0.008519684784876653,0.006635344392086118
synth_F_50_095,Female_under60_srdc_poc,0.071697312098312,0.0026975569360860284,0.021858207407888977,0.004868638179541002,0.007064995658550386,0.0656012190439127,0.1595671710765373,0.00157783248637074,0.008646453845917869,0.06232053141590209,0.007477286182955831,0.0041512191979749665,0.0140672896555498,0.04295336381623238,0.020509779855806192,0.0025765992964692157,0.12157328032695593,0.003289243804574603,0.0053365147842635895,0.009679207446155223,0.005965854579999644,0.009702562087039875,0.006242888885419219
synth_F_50_096,Female_under60_srdc_poc,0.08559038378727099,0.0038150624203024544,0.022862253481406927,0.00913867752336722,0.005163505117966699,0.044592339490143594,0.2492178126092089,0.012654213199423475,0.010594309977549735,0.03812028725048945,0.005674166428278973,0.0034801879063261444,0.027099724738175644,0.04638286534128859,0.016036977189411755,0.0036086787920271216,0.09446603041179437,0.005447454515938363,0.009132317991595666,0.00510609600180134,0.00775214737398895,0.006364137262508024,0.003554614448443784
synth_F_50_097,Female_under60_srdc_poc,0.11351285950030918,0.00151716824894788,0.026175471068591135,0.005213542541150682,0.005189770724053607,0.09117037634022955,0.17107527086984722,0.0010694483724060086,0.002222540125062501,0.04268895746940584,0.0015516266139046745,0.0019252903309840551,0.006387720306707546,0.0219482669728729,0.027407873346692545,0.0021012328796810266,0.06317356300524016,0.003925671292974981,0.006705848967688665,0.0025262595520735257,0.007545040965819201,0.005429279987766111,0.025182813802323754
synth_F_50_098,Female_under60_srdc_poc,0.023950766020433122,0.005405369303971045,0.02600912310109543,0.006199151805530149,0.004254481131284735,0.06620434635258618,0.3414262267943637,0.02288340326953568,0.030591601746954866,0.07223984325824942,0.007477009068211598,0.0018555276684689562,0.10652451724794156,0.10696025544431177,0.03380539613773544,0.00602266788198056,0.09696464634626292,0.004474424333488786,0.007641247151787911,0.006711431576301243,0.00686816867374751,0.0126446516027023,0.010728462364612472
synth_F_50_099,Female_under60_srdc_poc,0.06254904027201942,0.0011996104057076663,0.023291808246211694,0.005323620602734212,0.008558051791103053,0.05918184296254221,0.16771678958189762,0.003384628152290754,0.004247516784951692,0.09715629158980982,0.002939085124804455,0.0011755154866172365,0.003971546305780088,0.03639266503425987,0.018161742303652487,0.004762464002271572,0.09032709740285852,0.002785384871437374,0.006759966867500665,0.007679616953368755,0.006114107680515805,0.0060637657831755995,0.007005135397535826
synth_F_50_100,Female_under60_srdc_poc,0.10068937038678963,0.0025982158176844493,0.025272818993530722,0.007510847108125861,0.009521587783491298,0.08899596801521452,0.1363023375959756,0.0017115615924507698,0.002578696744982034,0.031173603125292184,0.0019425363487520378,0.00133559385653406,0.006514337896106258,0.026457351898100362,0.020149260435402265,0.004139270665689919,0.08398021416156329,0.0033557891907047186,0.005000054930899031,0.0034555366638517114,0.004090518694684295,0.0035763873400262314,0.006048742756397662
synth_F_50_101,Female_under60_srdc_poc,0.15323554403311426,0.06558455856759406,0.021198065932444932,0.008493994512565472,0.006523620164295455,0.03201797006053176,0.33688539329210776,0.01431170554052424,0.04352960581060084,0.06315035487493167,0.022921877886112114,0.013482891827059017,0.029498397711002954,0.30279610383225475,0.056013308125826826,0.01130895113220294,0.1698748129385353,0.014476184737251254,0.012029609351935906,0.018650312450358662,0.011506418361924228,0.013445554668582793,0.013840777428079303
synth_F_50_102,Female_under60_srdc_poc,0.06747210859814036,0.022499492704832823,0.028144757566149155,0.01131524317566429,0.004667919749580485,0.08346130559057484,0.157439844858422,0.040054959801106835,0.014787991006174627,0.08351553540562016,0.12468233301220734,0.04273371281787344,0.029170173468897248,0.3041800557344705,0.08303772795698575,0.40369959215814005,0.26275531145758074,0.013638381943734762,0.012285803583473068,0.01584875742880633,0.056656455716902365,0.031131128641418843,0.0031474114470707833
synth_F_50_103,Female_under60_srdc_poc,0.04484572067487083,0.003912315963923704,0.02297568269774287,0.005940500036364007,0.003244422891213814,0.06071907848779494,0.05736670443225071,0.03475326376720407,0.013909252643421698,0.07267424938059121,0.017795110939881308,0.004223246827248248,0.03040343789146279,0.1601964790444945,0.09585801313955221,0.10734468740542652,0.224290431493767,0.002812783568818073,0.007831752674737789,0.013777461112691361,0.02255933142785673,0.009671386905918487,0.002496087533460642
synth_F_50_104,Female_under60_srdc_poc,0.0860266286544829,0.023899570559381984,0.025047508262670857,0.004858927065449507,0.011775925839707001,0.05811081419218643,0.16223576681959753,0.06169623011551106,0.017839427313961702,0.10050210550892952,0.0286104379641512,0.009329492576253876,0.017347277209951103,0.11256527402626065,0.03458787920198885,0.005076236731925798,0.07436034127221736,0.009230041428007887,0.011420963720570866,0.008368332170836792,0.004363505573044455,0.013948112675116635,0.004729858347001647
synth_F_50_105,Female_under60_srdc_poc,0.15668485673084512,0.017219234928692716,0.02383019642622189,0.005106805882175784,0.009557808608159031,0.044268231261572644,0.23909348246384912,0.04098430832580574,0.027304106717036775,0.19500286753672055,0.1272365966003524,0.013292040556549645,0.056607096229506174,0.3053552532852979,0.0617604596018096,0.13851196021569065,0.2082168898833091,0.008031943453513029,0.007453588364819415,0.013651740699559932,0.02292825645946512,0.022815478806106966,0.008025011794673326
synth_F_50_106,Female_under60_srdc_poc,0.1091111291991248,0.004207922504458003,0.02282292509351547,0.006413081726992147,0.006849388397913274,0.05540979765940558,0.3846653134063991,0.009726019747552822,0.012539802500976235,0.07633399957974744,0.0063464063652159475,0.0032152100767803447,0.028725209798006645,0.16786633971671322,0.033749570514658385,0.004227611771464289,0.14899866781992216,0.006649293610544085,0.008124465518869623,0.011349664713417692,0.010112198949329855,0.00837028278439109,0.028206303655140867
synth_F_50_107,Female_under60_srdc_poc,0.05867802998726995,0.002910707914894535,0.023963422966247313,0.003672711927749779,0.002972713136197937,0.0630058461829209,0.159819606923364,0.004017266132868299,0.006961466532630321,0.05201697231899998,0.0038415364349148437,0.0022347984166279137,0.011961604300390205,0.041920660130030825,0.04477459975786556,0.0019357050351892719,0.09565167026039488,0.0027545202287722298,0.007322962245805779,0.004636939903747034,0.006144330022255954,0.009228210786233556,0.005599836351398115
synth_F_50_108,Female_under60_srdc_poc,0.1157890263019534,0.049968586766389426,0.025212701047599116,0.0048655709008840736,0.020678059086225775,0.06452803618433822,0.17886997572152016,0.013690207355980491,0.08094490935773073,0.08466393681861592,0.04939398452288165,0.02883250330358677,0.023371861842455377,0.24628781288967766,0.09112720866512367,0.07459234839444188,0.18692063867055467,0.013021431890325449,0.020237332636760905,0.017530170816865136,0.02607449345812396,0.016039789222604524,0.009723318404290141
synth_F_50_109,Female_under60_srdc_poc,0.16311552057846715,0.0020337228474404273,0.02278709438070655,0.005663025219327649,0.0031193148588187576,0.09130661361790973,0.047807813995621236,0.004190145889398692,0.005425414156633013,0.027368129423086085,0.006001365292309973,0.001690579641225568,0.005384411819127714,0.04959770495164765,0.024657757298681405,0.0015316266783390864,0.05937937634651596,0.003917468009137987,0.008325468050370034,0.003164576382742292,0.005467783014212316,0.005403923107667689,0.011848324740281307
synth_F_50_110,Female_under60_srdc_poc,0.11586343564129795,0.0034003556907372242,0.027000198253101182,0.004502225000086963,0.0043138789980382555,0.04752885424728835,0.15642815671715524,0.004924911989640742,0.003659214006554142,0.04653108118756611,0.03444115934676309,0.0037096743883908577,0.009805766721953832,0.0728053206417232,0.02032981257821894,0.0024621788906118787,0.12620821541183389,0.011511666756512011,0.004553198316417512,0.004438806025345795,0.0038316073871991364,0.006374031163404616,0.016945247123911912
synth_F_50_111,Female_under60_srdc_poc,0.06765192439030565,0.002765970105563574,0.024585087992350315,0.007674048228679986,0.006706574651202813,0.03663658229510461,0.08135582898055084,0.01602439935256589,0.016280121463283868,0.09342233414593344,0.014026823691936209,0.0023206356261731955,0.016297273267903235,0.11194872766737128,0.0586768854751752,0.019768829803400452,0.15384091705956512,0.0039050387087563266,0.006610361281709893,0.012486919985275926,0.007407210233663556,0.007323647795146989,0.010241972263267249
synth_F_50_112,Female_under60_srdc_poc,0.07329658823947291,0.0048245696679233676,0.024493985877362477,0.00334914180036118,0.00460910237527267,0.07000775612386402,0.18163670792321826,0.0024445116286031486,0.0035506240200319813,0.03591979473496902,0.007759295300716035,0.0025963671568855306,0.006331429074046227,0.056939175076532594,0.017915827344321456,0.0032710157319870425,0.09683058257614525,0.008447136403070042,0.006210141202270941,0.003985240394747314,0.0022269141168117803,0.0033636187374497476,0.0070634381138846266
synth_F_50_113,Female_under60_srdc_poc,0.0895248559688196,0.001842952926477935,0.022113340158719207,0.008673011732687055,0.007621700453286649,0.03980054942977469,0.08438639277289495,0.006335570700484494,0.0031407598499831138,0.19662800062706814,0.018432013240718595,0.0022822997553438784,0.020448290582265823,0.04655841288839391,0.04007925058173297,0.042206887492159416,0.18198954135486023,0.004892177013651237,0.006188484884522987,0.005722361097441114,0.006685261314845449,0.008215441005796319,0.023995800555480323
synth_F_50_114,Female_under60_srdc_poc,0.13639946029097066,0.003400914826862383,0.020233417093235652,0.004619541881407527,0.01735500787247678,0.07891115584848397,0.12374934279372214,0.0015853718437372018,0.0072359404109991424,0.03259888167816067,0.005129726358105305,0.0036715266941397687,0.014697695184741651,0.06930843846856798,0.022300263621836475,0.0034135019796319747,0.0698133885637025,0.0036578853478944884,0.009494143056436566,0.006225162452225997,0.003959762194085913,0.012356080196168994,0.007833597468750148
synth_F_50_115,Female_under60_srdc_poc,0.0640569015638831,0.005250692535148123,0.027237916483571527,0.005307825271825157,0.007107718009258736,0.08471652479643904,0.1688597757519204,0.05084697774264178,0.03063865750807715,0.09246643367684061,0.14958688412142257,0.00896953009717802,0.09913089728291709,0.15115416492974013,0.06960534226403016,0.036664093053536434,0.17130236667743287,0.004458489142643248,0.013970063592208561,0.032758231401963586,0.008347669794565903,0.012013368429897463,0.005864986714282838
synth_F_50_116,Female_under60_srdc_poc,0.16143207194470116,0.10661528317606078,0.02538435432418018,0.00451370074424206,0.00772494830077347,0.07726722391322388,0.08378850294616424,0.016735555488792984,0.010854130159955799,0.09696174853442467,0.39702173012852077,0.01363757462550623,0.0740795622012383,0.3450818391221115,0.024627065929919194,0.013614112181365679,0.12183673231725829,0.009217830571001642,0.007048800318849947,0.011041278645115714,0.005805756869140776,0.011825038788031506,0.012396647701181042
synth_F_50_117,Female_under60_srdc_poc,0.09520367214023309,0.008068216690987484,0.022015530013397254,0.0085229715147588,0.007581576257887985,0.04217240531560198,0.05126237098911133,0.006798235722061351,0.013277174342536524,0.055106129943121446,0.00859782543468642,0.0012426499085048668,0.02277500183987388,0.04751621789176587,0.02661621935028574,0.0056428687721182995,0.09312727714813061,0.003958267791850322,0.004988064328657761,0.005858723904052198,0.008193549314604505,0.009490771271327435,0.021448804676776803
synth_F_50_118,Female_under60_srdc_poc,0.03835378672811455,0.030966952652619256,0.02345493570924295,0.0070570729626383355,0.0061663480408230414,0.03644388097398447,0.11112898929672944,0.010088008772135868,0.01198007899990148,0.11690305030223612,0.02233884805957693,0.009057858061175268,0.016901446674675774,0.2073882731731947,0.03144829575154286,0.021610648715467338,0.10568011817315111,0.006665999943484187,0.00523602756443558,0.014581234852220668,0.010191472882832404,0.010181916976229218,0.02039813892402373
synth_F_50_119,Female_under60_srdc_poc,0.039600035109695376,0.019141284856449284,0.021995595647048623,0.0071789434632360885,0.011605364245688385,0.056450241771991864,0.11358348778688053,0.03354095356886825,0.027545937848972527,0.2302645445700954,0.24357062160197107,0.029330269376278705,0.15787791001266943,0.22308984142326205,0.10101755770387824,0.2596515641789824,0.2627055139944711,0.010430149393464169,0.010656405962019418,0.017111750536622013,0.02605468344870225,0.01125489543207876,0.022259108223169243
synth_F_50_120,Female_under60_srdc_poc,0.030551372637801194,0.005530823932316694,0.024354451047311074,0.00461410791101549,0.0037784861432156743,0.0865880039037734,0.06037135950828915,0.0030774611589651254,0.003642163160097908,0.036953587137765545,0.06364043303084688,0.005962275027334145,0.013448072994405348,0.09645775582168072,0.02496985392852834,0.00817390247452051,0.10076224385887488,0.007265789535132007,0.005271962307529439,0.004438864235365741,0.0018294078210202409,0.004906789000716147,0.004942397262820699
synth_F_50_121,Female_under60_srdc_poc,0.08237284155649827,0.02110457551410306,0.02559990313844817,0.007323296813472262,0.005278921106750302,0.04861392926696137,0.05007299139916365,0.020356195396765017,0.008733728619454217,0.11606268158506394,0.028594598419748898,0.007336740485716158,0.048897071819295854,0.13995052472912206,0.036238027168919384,0.11244417022725796,0.1802623607226183,0.014903717556616724,0.004991940931375287,0.005734195804470817,0.010698060868574137,0.01018020913855762,0.014136765294515343
synth_F_50_122,Female_under60_srdc_poc,0.04197612214715619,0.0028703856561028266,0.0273941728505261,0.004423436104778005,0.006796394198345969,0.059479662515744144,0.13387222840620794,0.0012042333767652205,0.003862567580133486,0.06632413330057811,0.003309133090459445,0.001836792667687479,0.007753412149514057,0.022229496760083293,0.021558315550240684,0.009438315624489458,0.0773305483319734,0.0035204487050566947,0.007261713453697626,0.0039525160859408244,0.003249711358987993,0.005468564163076412,0.004139653638857115
synth_F_50_123,Female_under60_srdc_poc,0.051197776364175274,0.004515312746175088,0.024110394819514745,0.006823358361789173,0.0039003796229702572,0.0746283170617446,0.2733046426579293,0.05121907640221992,0.043795147234214196,0.17059370412109212,0.05238019609733236,0.05668045806860897,0.12855155765620255,0.19172589760941514,0.07650099494429949,0.20690266702553908,0.29774785185057256,0.004883132554180288,0.016408351999700706,0.020391667344413927,0.09505940890434983,0.013009071394410295,0.020096195004412593
synth_F_50_124,Female_under60_srdc_poc,0.057683157827162795,0.006649085498795939,0.022462758878657473,0.004520541579231439,0.004082346014521986,0.06356949091809047,0.06928087923566155,0.009263013632438397,0.008282721629976245,0.06149835407800785,0.018244190520944104,0.005689592312369351,0.03761168431700014,0.11708074491953308,0.033307063650144894,0.1519780615353541,0.12646502102937104,0.007781037512853239,0.005861524211717733,0.005796194068667771,0.006273123897678341,0.009299646303464264,0.012431116728241121
synth_F_50_125,Female_under60_srdc_poc,0.03955102722872658,0.001457209363888444,0.023322409791847187,0.004969332676009638,0.008444336369503385,0.058938232131147156,0.8080354725115743,0.007669058122626087,0.013154897727181878,0.0944229276760482,0.004059253449096653,0.002578142304496498,0.017569343820790274,0.16659095697490342,0.03453105809446451,0.010376378653212625,0.16532728383224268,0.003589562226694797,0.005748242636431927,0.006648958802211189,0.0070597518312802065,0.008281688607176929,0.010381049860168723
synth_F_50_126,Female_under60_srdc_poc,0.045657664176111945,0.002774397107970273,0.023845232756101734,0.005970740207713276,0.005141709569106027,0.07141709837484053,0.07364574648889892,0.00501321053036713,0.008134050439290998,0.03877903493051803,0.0020709954413067047,0.0018425994421846195,0.01658339446371332,0.04883288744990245,0.016426123337386623,0.01293330942393096,0.09491295085659099,0.003247282464495526,0.004378844713191767,0.006374198419445355,0.00472604302583503,0.006868381753593358,0.005098841389933802
synth_F_50_127,Female_under60_srdc_poc,0.08234570993701211,0.003235320519155796,0.02412344286899979,0.013641829475367425,0.00826409157343312,0.052811650995572806,0.3389361106878632,0.017109071290802268,0.018413148387551287,0.1176106895620974,0.034206367648055555,0.007229463436844915,0.089761892384307,0.11786688555213455,0.0583807671197919,0.06383611221018994,0.15996456380472698,0.004089459242790255,0.008150123790523205,0.006460876843654911,0.017438528922929842,0.008471611947010965,0.020719665787496837
synth_F_50_128,Female_under60_srdc_poc,0.13783557547180314,0.004848781847487688,0.02453372588588931,0.004515274462978878,0.005099736987882528,0.13370145529964894,0.17872234107430857,0.00849126899403801,0.005202270338188161,0.05364040166976102,0.0023339682684082397,0.0012462892474466205,0.008417619264571526,0.03655935887855324,0.01999980072442936,0.0018296389296085839,0.09130460048435564,0.007896237580173741,0.009713049438430928,0.0057541188087656065,0.003656053871838952,0.006993394077109498,0.07742123949056397
synth_F_50_129,Female_under60_srdc_poc,0.030591590116459868,0.0018868101180067169,0.026635630598875578,0.00429240513480295,0.0035470477102340185,0.04430373975966932,0.10990188487788331,0.007772238237812479,0.008513440341174754,0.07400908123420127,0.006967188279407889,0.002573883344340115,0.031776470872634494,0.05821186327751934,0.05345304006920482,0.08110939801241848,0.11731545555859518,0.003292685347962041,0.006545333570823909,0.007952758478234769,0.011483478409053996,0.0051295731691871444,0.007700716770134416
synth_F_50_130,Female_under60_srdc_poc,0.07657044950348678,0.08402010026178999,0.021489788432766284,0.008603416865484633,0.014890719041627056,0.07620894209524762,0.11187772541283889,0.027522790337535553,0.020088107967818316,0.05535360453271058,0.03800538141629717,0.027960053793844957,0.02037511240202468,0.35300322937857753,0.04840153720433469,0.016635916839229305,0.10456341426405033,0.01917360614503242,0.016923517711085825,0.011106998358171104,0.0062613819243036275,0.019731839940008163,0.012002091622314118
synth_F_50_131,Female_under60_srdc_poc,0.06271109161623863,0.003562731550441694,0.02214121120466978,0.004659368103095071,0.004397837376855659,0.05014522815528345,0.03921270150005956,0.0017232732871825785,0.00510407405498348,0.028746762849689276,0.02156112007679066,0.003673677998797291,0.015541303179647569,0.0833581225811989,0.03138802249531629,0.058329168310484146,0.10001198369183922,0.007257041650856641,0.004213199047514341,0.004025227805445137,0.004045348768467143,0.0060845632946637,0.0029748166498751185
synth_F_50_132,Female_under60_srdc_poc,0.24835911881257094,0.0012112803154852533,0.027573608868532953,0.0033743618138842883,0.004849207903680728,0.0842443651212307,0.07688405317537955,0.0013234615435666858,0.0028327236847486394,0.02311016587737495,0.0027620439661949444,0.0016496256808463403,0.005122993741308785,0.014615041454414324,0.024631669808621505,0.0017400818140796536,0.06299284798678328,0.0029664051609063257,0.009276066781607249,0.006558600060248735,0.0043123021661457895,0.0050661871604851545,0.009258498055493985
synth_F_50_133,Female_under60_srdc_poc,0.07024800009373892,0.0020222581879007504,0.023492824580684288,0.004897055328502482,0.006667192783305551,0.06909377078549403,0.10008623264668855,0.0006959649805348436,0.002651616446760964,0.04614981189679427,0.0027499431493627686,0.0010100991206455816,0.005790040440086958,0.017912883709120097,0.021895815768549917,0.0015567096787294974,0.07140784262372206,0.0047111366501391035,0.007790893161957627,0.003459374838107202,0.0027264275701490274,0.004386863884459724,0.0068830912071256795
synth_F_50_134,Female_under60_srdc_poc,0.16680985576521282,0.0022362151694311464,0.02563760684125727,0.005070553623491915,0.0052671757548365585,0.04859167588977227,0.12693848349156195,0.005220523494561414,0.020700908070949285,0.0730921844860787,0.00774248517746608,0.003987483656748323,0.018615286301654266,0.048287151156794154,0.0371891152440937,0.024062498571175744,0.1282242805931084,0.003554368969678662,0.006670427513929696,0.007590078581061926,0.015547842535859563,0.009188966342928099,0.014736397414160465
synth_F_50_135,Female_under60_srdc_poc,0.03763834507853028,0.001082931422818701,0.023188898909448374,0.004709034415194207,0.0036651050945453495,0.06142074119010252,0.057602601661297555,0.00262707179899836,0.006529540625496204,0.08991477739646069,0.003939485181932473,0.0027338852871232576,0.01147985815304979,0.06375579745613492,0.06186063698623337,0.03489101233972608,0.1844995125793317,0.0031318822912232615,0.006840937530964153,0.00742146063434272,0.005100247035039739,0.009375577800020598,0.0030474367087111017
synth_F_50_136,Female_under60_srdc_poc,0.09516529970723314,0.008051405470274452,0.024016589537297295,0.004980180947846459,0.007088530976004088,0.08342678921434836,0.4430413192405907,0.016606531118219383,0.0182236523228055,0.09880792168552469,0.04023711209104349,0.0070991292084416745,0.08262980962919589,0.15752127362015939,0.03496747267767346,0.10947334263605596,0.18743164409574883,0.011475195317180515,0.00650441781656574,0.01016479712733281,0.011277528381210027,0.009596513684750306,0.006564131761262534
synth_F_50_137,Female_under60_srdc_poc,0.2252588515686768,0.0548203679132199,0.024995899865452174,0.005217218414857861,0.00853641890744568,0.07006250617277428,0.37843943469610664,0.009388047717223425,0.01868001234215006,0.1336522775319587,0.09383011869514615,0.047480673672901014,0.027107414942176132,0.35195519862919783,0.0317136826509289,0.026674314851426423,0.16693216348954046,0.018885961891611177,0.020541312122269513,0.01880389465685903,0.01786538723007521,0.011111426868939102,0.012012118959560779
synth_F_50_138,Female_under60_srdc_poc,0.15374405393208312,0.039617334147418304,0.02496312351458061,0.005222416168359295,0.0065077490613638465,0.04391279754199314,0.15093452619645456,0.006604258869772741,0.00798908086956805,0.06368154259436727,0.02259302977960844,0.010631840168754403,0.042696343890975874,0.1604967054748832,0.058335769122489646,0.010332888668801943,0.15804736662367538,0.014507692360489207,0.009288207169410869,0.01246565540232809,0.00424546004448107,0.01154065680430983,0.004819923595759702
synth_F_50_139,Female_under60_srdc_poc,0.09630214947620327,0.0032933902074947083,0.02324407426253352,0.004182460592610109,0.004375769295933707,0.04444894375722583,0.10797854783875002,0.004360077613199268,0.00798359654687942,0.04251572949650269,0.0027215742915857794,0.001554837669842424,0.016000328028067865,0.04630640118911404,0.021799006724942192,0.0022607492122599052,0.06232832952744087,0.0022971615346898643,0.010360257473040906,0.006091138650393132,0.00990486384937367,0.007640746945039124,0.007833283736642948
synth_F_50_140,Female_under60_srdc_poc,0.13291307176992304,0.17850754524011053,0.02090302263677475,0.007601181238725992,0.026657484856892677,0.08048150147543703,0.195634731360327,0.02237875579554328,0.015002699936530561,0.08550159497431103,0.0514049625797917,0.03095346925481003,0.01873374771559774,0.5153778526906075,0.053249012744162334,0.010103116522172334,0.12215349817007658,0.03385742960130218,0.027293189276015074,0.011136902540036816,0.009624681390849994,0.041112115557356575,0.03396881365766006
synth_F_50_141,Female_under60_srdc_poc,0.028975721187921296,0.0011182650014889663,0.02676541563319628,0.004471064536983325,0.0059603451134802215,0.039601832141274995,0.2753917151123871,0.0024045921359049,0.008814266056424137,0.08208866713150328,0.007015101861091408,0.0009679609323621956,0.007817759953261682,0.10095014661043623,0.030966286704012604,0.005594610155850639,0.18940149991339297,0.003708299784179732,0.007721236766515122,0.009504540435929312,0.005487214157412426,0.0066431626369050385,0.0035334838732624337
synth_F_50_142,Female_under60_srdc_poc,0.03864342785430828,0.0009799346876837225,0.027820488453505016,0.004466597383761248,0.004357670742611477,0.05404323314219029,0.1181925817892174,0.0022221424753061003,0.005144017668396295,0.03754055381498451,0.006119695466924501,0.001692495455567845,0.026412301244890992,0.052723770898088454,0.028742006893448423,0.010782208146958638,0.12060679748575609,0.002005203903484467,0.0043803152907601695,0.004552066682129996,0.002746329458718855,0.005199537834658678,0.0026503243450116333
synth_F_50_143,Female_under60_srdc_poc,0.07188066473204274,0.05240327414295779,0.024902579166068372,0.006646738925809172,0.009989442446571085,0.04730833571142214,0.12329404667771507,0.128358771681988,0.025681851060703826,0.14271263560099454,0.38945064477017505,0.019901858957646065,0.13850328717896745,0.38986872025506103,0.053004855424027275,0.22154621045643264,0.24377183640910421,0.008738346973796858,0.008840895428336923,0.014674815713900845,0.014691824141732257,0.020857698263873865,0.041179083302000895
synth_F_50_144,Female_under60_srdc_poc,0.1554704897716603,0.056409872357948844,0.024329901539388687,0.006944448859869322,0.010539901919336136,0.0757919021983608,0.34437123537672404,0.046718885424204104,0.02598456253166014,0.07131241048262339,0.12688369345238756,0.018965177475856326,0.05357432310524419,0.6335011526906464,0.06942709668295596,0.06789658225679394,0.1589274244016483,0.01934389299232192,0.00951032760092449,0.010096282435891078,0.013863338795373109,0.02833572164690699,0.02545178202748143
synth_F_50_145,Female_under60_srdc_poc,0.04527693436046518,0.001576243026835825,0.024283967678146272,0.00476613822023041,0.004444424140945373,0.04569173010441027,0.12394418704992637,0.0050039345867896635,0.008704600615533803,0.03577928514047514,0.011650100862712063,0.0022533574281831817,0.04337204028251849,0.06859606875754312,0.04086540854288098,0.019268858072203927,0.09897244457639834,0.0025579285804773217,0.010661168056180509,0.005738190483206102,0.010262653554173225,0.009599942668817574,0.0024873695459509595
synth_F_50_146,Female_under60_srdc_poc,0.17059490474596478,0.03530791025337167,0.021872069654116304,0.00527456544437108,0.004900996572014473,0.07085022827773932,0.14153697802097026,0.11454211038010699,0.008517164539587906,0.06546420257805212,0.10916532872399044,0.011598801477610311,0.11917115507571033,0.24592701656642102,0.02718532010015075,0.015286133291858043,0.09574190756046623,0.018752275223290135,0.00723181019984504,0.007181806414729464,0.011948783848202263,0.02495687081745176,0.015250305903763257
synth_F_50_147,Female_under60_srdc_poc,0.15919476182024728,0.07655840423877061,0.02277548494662281,0.004493013400217234,0.006851533310044624,0.05822152719625911,0.2354811484879368,0.015449494604942791,0.04251315011366391,0.0766866442339614,0.0270617990896119,0.04422404179703163,0.04352174453616823,0.28460433655627476,0.06895519231503543,0.07217351863981306,0.15206617870582909,0.009661839005785607,0.014441657527673958,0.020618676757286503,0.005515064953311978,0.01536093849026787,0.03385358461788726
synth_F_50_148,Female_under60_srdc_poc,0.06260435352902272,0.047115728670659225,0.02374858802038052,0.006255085857430449,0.009443840695317555,0.05463495971520351,0.3230092075112425,0.031187235921420507,0.04557464482763811,0.1546734328953835,0.0543349679004069,0.039840308837825626,0.05553598786727789,0.30480331507178193,0.12901348881224595,0.0677865720261367,0.3000518769619542,0.023741661849910722,0.02381426588626885,0.029964782900662915,0.013141719416575095,0.02402139450897182,0.012874097299334785
synth_F_50_149,Female_under60_srdc_poc,0.04661884252111858,0.005927330847299392,0.026422541330966023,0.003919547143196487,0.0038056495754389026,0.04803845901580257,0.13382693386793354,0.022145310718451085,0.017878515119412863,0.0755149158452259,0.06102954668685988,0.004344864027198046,0.021820961587703608,0.1555235634955105,0.05445053303950276,0.2084765674918339,0.13760822080297794,0.004469823518253395,0.0053232651556617844,0.0083958910794664,0.014888195522098685,0.008393529488249377,0.010988571314784371
synth_F_50_150,Female_under60_srdc_poc,0.034166452467103314,0.03729069811258125,0.02411609333217353,0.006049239442818912,0.012739632882911647,0.056036261176778915,0.19836328405429926,0.005885734126705256,0.01001359440333025,0.04721850170888389,0.02675144343099877,0.018363882529757722,0.03708259086012465,0.21814638959911994,0.0378127711151387,0.1300878747980486,0.1248438061391725,0.008121056340949303,0.007207960992182605,0.00980550363412584,0.0039026666093043725,0.010773513617090825,0.003919920453390065
synth_F_50_151,Female_under60_srdc_poc,0.07419117896953555,0.02621427773014195,0.026646293179628824,0.005422085449762472,0.0050197961813886905,0.05715404753417076,0.1084233430930741,0.007287466709475384,0.016866691462543795,0.1243701738473037,0.03212783419120415,0.012110004822359684,0.015188420134576918,0.29154038933462006,0.0389160386348899,0.12201763550502595,0.15858020120638427,0.01862992053744441,0.006568871775671141,0.006544888952970359,0.014537946462069172,0.0057807638093587245,0.023296118044931962
synth_F_50_152,Female_under60_srdc_poc,0.19854702162696752,0.0064114758053052025,0.026573716911915814,0.004296182245568512,0.0039652098335496745,0.07080596594790131,0.054704937504944234,0.0009363523284070906,0.0026902140047879368,0.031332207535796214,0.006887124570190874,0.00483558862167946,0.012035909898621371,0.07603249637828734,0.01559821450379868,0.002790175831645058,0.0576844781687361,0.012250994584665102,0.007756897858957109,0.002743057274458849,0.008430748685460425,0.007801070904563819,0.010915770494014975
synth_F_50_153,Female_under60_srdc_poc,0.10036895393001176,0.0026501633365772917,0.027155996530374128,0.010637018934297063,0.011102173337614877,0.05602654114454553,0.14746091042566636,0.0009258048553255878,0.0032973124988050317,0.036292160688327496,0.000962021918683464,0.001164398826347772,0.004017791139752544,0.02506058982103595,0.01340730045500315,0.0016315595526433199,0.049695110676552814,0.004727116091394666,0.0064421195271950745,0.004637373774819168,0.005960751059120389,0.004914144182704655,0.006913674156768695
synth_F_50_154,Female_under60_srdc_poc,0.10848884887641577,0.038241062687420044,0.023561604974744136,0.004982718060104144,0.01237163409167278,0.057128575408969505,0.6730298937373359,0.04593892746111532,0.0443294804322713,0.1352522512595977,0.026841168966761395,0.036776545907512725,0.039000274554289026,0.2563341454141818,0.06872071956506004,0.1630896762375647,0.21830912226372104,0.01317813325702483,0.017522058393777823,0.026887147336964463,0.0056137010597374064,0.012323802208840164,0.025249005128671
synth_F_50_155,Female_under60_srdc_poc,0.0568309557339793,0.023930712533830317,0.025411114663084478,0.004504389810549432,0.004642652045537853,0.04956605530764165,0.5263247893275612,0.03272155180078193,0.0551772208255906,0.07276355863742373,0.23774812421289238,0.018079795048299284,0.05464606024891947,0.4781021397503905,0.05414695465449778,0.1659409871325282,0.31606179020494213,0.010263383458606208,0.006996791926961236,0.0160345712293247,0.017489690170174578,0.01060209577076589,0.008091636035996863
synth_F_50_156,Female_under60_srdc_poc,0.08996511159502814,0.0018028007347512462,0.02337392293562018,0.004698691357810985,0.0056691685730678966,0.06252581349516108,0.07932674585612831,0.0031886114245873527,0.005023456467277085,0.06610092560183098,0.00581994267695824,0.0027007607352046315,0.005257512827002587,0.021929685261085286,0.028539583261903593,0.005736678585778897,0.09813844593474237,0.005696129590794476,0.00812025368530813,0.005454674128436581,0.00848744292549529,0.007433207080962317,0.00910100630814984
synth_F_50_157,Female_under60_srdc_poc,0.1355409914545366,0.0063167678098677025,0.023543129470388578,0.004601822437555845,0.012989886715738036,0.0418096311350037,0.1855706078273308,0.005322445800411358,0.017747625758351572,0.0533378040867371,0.05161466937251313,0.011073769242483428,0.049277876475449144,0.18357590493394021,0.031336077177697756,0.09628999465709417,0.1640152867415706,0.006696411706277778,0.008045331064004336,0.008438897260254378,0.006838070433339452,0.015417663409498341,0.003996384190337982
synth_F_50_158,Female_under60_srdc_poc,0.047314211828128575,0.00473322818222187,0.022343322009638757,0.004688808658557,0.01236490808263256,0.04522516244420677,0.3739739609537345,0.019082152785825507,0.014417742000751405,0.12395021093358233,0.017208118909634407,0.0052196881552109805,0.020658370514325133,0.04602667667874545,0.06647887489937722,0.006748945135920033,0.12805689615700144,0.00997375529730249,0.010917870434944625,0.011595981707615343,0.023016532891484903,0.015821641741887948,0.014904348019604666
synth_F_50_159,Female_under60_srdc_poc,0.10190788206986151,0.022643166634116176,0.023926283690252497,0.00566059369687163,0.008645355267010596,0.05290955576119315,0.10271261227950791,0.017836270951072437,0.014366600968877949,0.04900821895023186,0.020388841570859025,0.0288400569651529,0.018060658628863857,0.28850609542872485,0.04988107778434696,0.06545725769972897,0.15402272994109653,0.011694322033414199,0.009527002798053366,0.014541687013400471,0.0028779080614324934,0.01041860870582988,0.014794426826357013
synth_F_50_160,Female_under60_srdc_poc,0.06932528735105137,0.0875515265733279,0.022852069826812302,0.010403586020541838,0.023225093943476875,0.05309349941176862,0.16159588002185163,0.011913585257735239,0.020069661750593083,0.09181786004604718,0.022931499415220605,0.03111886464883074,0.07384466858964583,0.19795308656704858,0.044509386213823415,0.27626453060397155,0.13168468692994031,0.02471844420601556,0.012373444174002454,0.0102210321770129,0.009372839197848003,0.01025273043367361,0.006061973493114854
synth_F_50_161,Female_under60_srdc_poc,0.12066192327870376,0.0033010152241542768,0.0232104102308395,0.004364939899701754,0.004875890406497325,0.06188798288109901,0.36902564109015634,0.005243624963050509,0.01410456078305467,0.08881292023066252,0.005088319359544774,0.007173538434700752,0.00980961814172569,0.04749501788099282,0.06286164622781143,0.0037593578041261624,0.13394853202936097,0.01036778196146901,0.01802442842623571,0.007646419075780137,0.0050830122213972265,0.018302590983880852,0.010324419722140933
synth_F_50_162,Female_under60_srdc_poc,0.033377506526692774,0.014629144546604288,0.024461369550509156,0.005221164152753101,0.009141882753589353,0.04132248638638814,0.20857033324417473,0.0025957276173332205,0.007761931925990053,0.05823087294416991,0.010557408594213906,0.0035744847654953123,0.02909037926349649,0.13724883450578906,0.030751914153324168,0.06175237333755203,0.12513128096988815,0.008416397872157652,0.00802093645565981,0.007527603329857509,0.006425605028203267,0.006655290489651071,0.010060212188278416
synth_F_50_163,Female_under60_srdc_poc,0.06195261337590709,0.001824143726353001,0.02244277358907569,0.010336227588120387,0.0033034026363940945,0.03671504854801848,0.26217844229256293,0.007130699559428976,0.01573857047834477,0.12261457903398251,0.00334522418838022,0.0023013516793170103,0.02223864211595076,0.08197747361588881,0.05327074485893616,0.04848371803742641,0.14188185043967097,0.0038234109449525175,0.00520881433647441,0.006068769027764172,0.004626197927597976,0.007735742057527445,0.00600372006388462
synth_F_50_164,Female_under60_srdc_poc,0.03744070517897546,0.0660969421540084,0.024085514899596507,0.005223863422375845,0.0077253153834993225,0.03691553372263722,0.2671035226977653,0.018111886121386474,0.04734740179113727,0.08433146393168997,0.13656480442327593,0.01930152546357679,0.08102689984560237,0.4580767006716129,0.04574040308798661,0.05191459264178434,0.12225168671641944,0.006605787334224908,0.010040426067352459,0.015546405137490671,0.010830095174219824,0.012629428316766833,0.005277605712153038
synth_F_50_165,Female_under60_srdc_poc,0.08065360758875995,0.02460027289901156,0.02510155244249301,0.0054334629146646045,0.01863983753507868,0.05856546304849931,0.3504062522368582,0.026982748595417678,0.030159200617154467,0.20653573434347683,0.047050135697370585,0.009864321476497974,0.13716616535149637,0.2786853034078334,0.09377721546709639,0.09483576689414089,0.3634748408904713,0.005978622507044782,0.01963720614142963,0.03429409455641734,0.03125576798808252,0.0630892881596358,0.033610092477483165
synth_F_50_166,Female_under60_srdc_poc,0.05771770294621044,0.001387897168700501,0.021523074834070514,0.014038069541182585,0.004911331236917307,0.048721992685256454,0.16104455738461765,0.0038468442113298172,0.007356462826089349,0.04031466434904659,0.001930942130609918,0.0021097930828434955,0.015960883403437105,0.07335295569739018,0.02627105454167107,0.003231705901786852,0.07550784108670572,0.0037576883850239363,0.005109708804768063,0.002889250961983225,0.0048869812774272,0.007986896232457881,0.0039418172571179695
synth_F_50_167,Female_under60_srdc_poc,0.080601665068056,0.003384893928197131,0.025430764691190648,0.004926230022386696,0.006073680657698314,0.06646962814241915,0.11866807575018519,0.0187805334997974,0.006405389616024008,0.062224353080320934,0.05904425265414718,0.004552805227232438,0.024439988170646826,0.07754450609678168,0.03200975451511996,0.048737775083105055,0.10356797116599735,0.004463241075891411,0.007402554436175876,0.008057331657460224,0.005937735864656179,0.009102766218072439,0.02028738986956098
synth_F_50_168,Female_under60_srdc_poc,0.21020554987827722,0.00162787683729431,0.023677884576510606,0.00500774783249068,0.0034355168554467707,0.08298770870825103,0.16527483961034153,0.018698617858365244,0.02559604612170992,0.04943678684658229,0.01396969812545898,0.0015265489109229096,0.03811541306055207,0.053290993121163914,0.032694594339432045,0.011125345039151387,0.1438200466609099,0.003681003290187273,0.003794925882237629,0.004785787913632244,0.00410650228678209,0.005030142706447011,0.008645151900528466
synth_F_50_169,Female_under60_srdc_poc,0.05862568326301647,0.0031009657656422647,0.026438050421350105,0.0055667999711151,0.007600612359790398,0.04151577945345368,0.12008698050644986,0.011558499112369015,0.0073346657858958785,0.16581919418530813,0.10109864689159792,0.0032503116941888575,0.12632338904581372,0.09963521521264644,0.031501142714874336,0.029383334562674137,0.14817257772823547,0.002767689783531896,0.006594910965337247,0.024030200889422624,0.016735301731346103,0.011456697172386076,0.007417259119887629
synth_F_50_170,Female_under60_srdc_poc,0.09978149788855595,0.001668834718625058,0.024734655424787363,0.004529547118062981,0.006268718569870431,0.06797865345764452,0.2881007791530523,0.0042921608319497085,0.021563976912977727,0.07900742594038208,0.0027411336355423832,0.0016526668203569728,0.02690724417140972,0.03535025157909809,0.04073479113122492,0.017087776630707846,0.2235435347650794,0.0032941893741642615,0.013953411570778495,0.008618127454138839,0.004791029029115212,0.008353218675852517,0.005451994347892655
synth_F_50_171,Female_under60_srdc_poc,0.027209750838066316,0.002330188208646559,0.027331309668232676,0.005783183479908098,0.012676842521178894,0.037357295843253355,0.08915000077184713,0.0021910787984637347,0.01563959030999985,0.05109833258468323,0.004223510777963905,0.0019684924053097455,0.01018150722570212,0.047144740404497225,0.02200414252327394,0.006514919028413829,0.08000948064992275,0.001737222947214478,0.0039625934672468345,0.005534190944679569,0.0064821061406177055,0.006873911205207607,0.005592242275437756
synth_F_50_172,Female_under60_srdc_poc,0.02786519910635119,0.0029628687397856,0.022980077243685358,0.009173554089821703,0.011028261590271125,0.13674276770981042,0.10621864728415768,0.0030570690865446832,0.007322025319861394,0.06384628584116318,0.0015046549169362602,0.0023889019734899164,0.01598621060448848,0.04542029519623131,0.028108041885850144,0.01829720701579371,0.12879966984016428,0.0026199687056747984,0.00529507820367185,0.0048967133539960074,0.002350797983272019,0.01150253658592731,0.015313862020432606
synth_F_50_173,Female_under60_srdc_poc,0.09212974120374758,0.00501770432740597,0.025441692943449376,0.006742790013874401,0.005405807824727364,0.08518573056605848,0.11385692533980506,0.01641285819411352,0.009685828479154127,0.12926053975404944,0.015798149945886235,0.0016330708967223185,0.04109318474927387,0.1469583550481326,0.03371857584871366,0.060839173031272356,0.17404311715322984,0.004789840446082336,0.01107980852343441,0.007461763877709648,0.008802064752420735,0.010167408949776175,0.01829418073123969
synth_F_50_174,Female_under60_srdc_poc,0.11506950208450369,0.007899229413240314,0.02482362636424602,0.008368942641800796,0.00863337678149032,0.06326887764879083,0.09326067018120503,0.0027281428372382035,0.006861269156289408,0.05174544506715749,0.004276335509133493,0.005641426775739082,0.01687912546628626,0.043166329406733706,0.016272436842617904,0.003454973312378352,0.09978082975603295,0.003902393157138906,0.012868819940837644,0.00784956907780294,0.007706723048030284,0.0073892683676611195,0.0061220136462748435
synth_F_50_175,Female_under60_srdc_poc,0.10281479149005339,0.010499293040596039,0.025405426018673394,0.0046745107158096145,0.010283686338386937,0.07980597172754243,0.18064308579361704,0.010534590993182413,0.02058396820351998,0.14283055378916915,0.016512517710728116,0.025230059297001912,0.04356423385988706,0.16997381504601755,0.09269920948844533,0.005770285335012528,0.18431984828645284,0.011231564131455584,0.016196029673873697,0.019435797214525614,0.006476833320577725,0.024000357899859038,0.034587340074513376
synth_F_50_176,Female_under60_srdc_poc,0.03795713653923177,0.001370401956198587,0.024868736810417274,0.004047844784690498,0.003946414818923426,0.044553855738138574,0.11273334766801657,0.0035529815603427897,0.003645010845676938,0.03291105899624679,0.002892492674807891,0.001502464064867462,0.007944685085778742,0.03661288982554867,0.019454491799174252,0.0036703507303062887,0.09338252667196467,0.003905469956687707,0.005129384652025231,0.003960988045044771,0.008640154402254213,0.005112765468540408,0.0033525178733367724
synth_F_50_177,Female_under60_srdc_poc,0.14619941639761175,0.004088893433185004,0.024571050206890016,0.004578564394867646,0.006346478409984579,0.038065775628415066,0.06644762893938928,0.006795389435663318,0.009591275199601259,0.03598090447898713,0.007926984021197063,0.007216224944473574,0.008752106863794738,0.041639568071715295,0.029149039205635278,0.0027616382730735194,0.08885497758368813,0.004153292004974891,0.009859119619528917,0.013956913851901245,0.0060050854338519425,0.005036865872388393,0.004525004454860822
synth_F_50_178,Female_under60_srdc_poc,0.2004678728966244,0.05152680457837316,0.025649784510513488,0.004527524107837361,0.004560198894257993,0.0848187207636147,0.5417628052109059,0.24307738463369294,0.051593490826609724,0.07607636038701646,0.14673955579405656,0.04592630385725619,0.09164000860775733,0.4230368246338095,0.07595572399184321,0.008323314831627977,0.15178996305006637,0.015317740563937558,0.0368372401715391,0.010627253937371113,0.006772460365930022,0.028053358451444927,0.010037618176535612
synth_F_50_179,Female_under60_srdc_poc,0.04886775537995182,0.013923817114797257,0.026413078546095918,0.00517495852478882,0.0038805022418891156,0.03593287886572971,0.14328117175226115,0.013815087508065803,0.012675394239167272,0.05446356069185029,0.03753180751963863,0.020582901242512025,0.016660856412398898,0.1603256150933884,0.057155689210666896,0.014556084929764441,0.19293575070100538,0.0108747498265057,0.009662982177295717,0.016194294115918644,0.01088754845259295,0.007488851331747693,0.010536041137352117
synth_F_50_180,Female_under60_srdc_poc,0.06170311076152182,0.007371483049957546,0.028397774130666707,0.004513847067863949,0.008136585800311558,0.058364311651911124,0.06117716426759937,0.03420092418536965,0.0076176936255947965,0.0847458058085589,0.09846347958545568,0.0057765842790528515,0.04942754801502151,0.23995805669397693,0.032103371802740026,0.10946097761802116,0.18862357781719927,0.008363906493665812,0.007482229104639909,0.00860961831292275,0.013976103937273577,0.008380131839882166,0.008261550692709617
synth_F_50_181,Female_under60_srdc_poc,0.2932445286945453,0.00493572854572467,0.023898359908536136,0.0051443859752242724,0.004814850128013555,0.06688697666082383,0.08197647812217647,0.06082260588639598,0.006118353026981773,0.08380229833354552,0.012860356835338533,0.0015977081163331835,0.04918672240001497,0.06883751428320964,0.034354736543202764,0.03347224190467712,0.1115321028509145,0.0057249539380966755,0.012910846237213345,0.008107380492931061,0.006071068890664656,0.01103877469242029,0.011350104430085007
synth_F_50_182,Female_under60_srdc_poc,0.030783162476566418,0.002494665495490007,0.0231024261099765,0.004221144317114897,0.004609931264940759,0.06450780690707358,0.4123321715012132,0.015554468336512882,0.040830711484219316,0.12876103774005945,0.018558220131910202,0.0051602296711002575,0.13703478473348574,0.09477599204721004,0.07299255401341723,0.09190435623973946,0.18228796343441123,0.002636755201234963,0.007185550414313201,0.00833882375490707,0.0089772692229624,0.012354595500496526,0.005702858178694957
synth_F_50_183,Female_under60_srdc_poc,0.09446179212566799,0.007920503790714975,0.027718508347687007,0.007754602337829055,0.010810377152784791,0.03472319990513812,0.067720219808386,0.006269928571374643,0.018451230491774398,0.03804503797791283,0.18442346305921054,0.008531040277829501,0.061056310779793614,0.13250787515358733,0.03851718147792941,0.03330031470172775,0.08662304258044702,0.010827441617077794,0.004924640857418817,0.006053910536618225,0.00615476744451773,0.008707888579565512,0.011622381165904545
synth_F_50_184,Female_under60_srdc_poc,0.03780749865322241,0.01062462328241207,0.021345227035395476,0.005010195389636425,0.007004412578410207,0.07083416153216132,0.6207324641333694,0.0033938742459230396,0.019305957273811056,0.15078556788073558,0.0028913789855088243,0.002654405353459548,0.027239793881451292,0.11479656324856163,0.11264199620532785,0.0037154893229489174,0.13460586462737023,0.009175912639975496,0.014261829333033963,0.016177168372828392,0.006166786487600914,0.01662146868029089,0.005211477575783455
synth_F_50_185,Female_under60_srdc_poc,0.08571654206328637,0.008125043608982196,0.02191216774924537,0.00527263788472884,0.007881273908376877,0.040526574541728026,0.15823069192942846,0.023329505028155752,0.02494645436247365,0.08367674325859323,0.0444294365555185,0.005345320149822811,0.033363229067318555,0.11234674021400987,0.028285496919931572,0.005940338760441357,0.09098621641929518,0.0062168595253349656,0.007140107603531908,0.005631668625570372,0.029335749347108017,0.013112381407530627,0.01003991398612145
synth_F_50_186,Female_under60_srdc_poc,0.06478333142415753,0.00870285216616891,0.024455039609254013,0.006616282700225669,0.006819729770824404,0.09101735660998805,0.19335247459388938,0.005178161067797749,0.004700045088272183,0.06862854319004184,0.010322165765549483,0.00793675294519323,0.01694018837524113,0.13207843137673433,0.04227845712404405,0.03118155244557052,0.11643918620630672,0.014924133765492542,0.00679782240159133,0.005719915821260158,0.005506719978666616,0.006049019642832587,0.010046315997187584
synth_F_50_187,Female_under60_srdc_poc,0.05510261074501396,0.023409983866761304,0.024882813808872046,0.007622197771594663,0.00417470263277639,0.05841115074285865,0.16166920954451316,0.010494368515265301,0.018707266110646714,0.0698293696827275,0.03502831670942763,0.014152168045867847,0.027721716607948133,0.21515741665108432,0.06601337212515762,0.10125590469429248,0.15928298206713593,0.00875170336868925,0.005880923013654107,0.009029089038355637,0.0059894440977578045,0.005825907210430265,0.011715781168341398
synth_F_50_188,Female_under60_srdc_poc,0.07387612519591302,0.0039711663521232645,0.02309114453098311,0.006306718331214883,0.005163516091436724,0.06786661120123891,0.047087182727461624,0.0014494793897722308,0.006145105143166123,0.018437642638897356,0.003657738305518852,0.0017561313089216922,0.02300036776581368,0.04801870032953748,0.017230115563310187,0.0023023760617399136,0.06995564116704452,0.003516821555720927,0.005886008383550399,0.0031962404483348054,0.0074371003402695,0.008570650613243124,0.0056337144771115705
synth_F_50_189,Female_under60_srdc_poc,0.11250431023013453,0.04008189345484279,0.026281783357135925,0.00835723403273864,0.007651630109540387,0.17475179088181236,0.2614832766768023,0.01539530975197569,0.010885732858225066,0.06459628451385435,0.021266494044676693,0.013283644885864608,0.013363910450976669,0.16177224749275082,0.021550829312885454,0.00530987159072338,0.06646615466011872,0.020276626154481864,0.013172188076788062,0.007150434244800321,0.007135386187577461,0.0122083918331764,0.048733078928966514
synth_F_50_190,Female_under60_srdc_poc,0.0929764291249408,0.001289340382309251,0.03141243453311711,0.004122912445547091,0.010860814355078623,0.09768546002644386,0.08512883742955892,0.0014667733391025772,0.0027279130166705415,0.04189277925386549,0.0015475755726518468,0.0015312826154357164,0.011170992118553692,0.014547772848189592,0.015052875120116535,0.002539646094965966,0.07588122754286772,0.003269954036293627,0.004806508148993151,0.0029167334440953372,0.0020005577154082756,0.005994336269511805,0.007625194892747637
synth_F_50_191,Female_under60_srdc_poc,0.05173699592430612,0.003672341564619996,0.020234296416569795,0.00653624670952982,0.004763691534276827,0.06645744971988182,0.05740402271969314,0.0019589546626389578,0.004076783903277349,0.039490536041956625,0.0032964851121982997,0.0034230230155669096,0.013719629811355164,0.038365461686996186,0.019235756677215502,0.001519282267965314,0.06102415667933663,0.001971515805124897,0.00707147962792009,0.0028289767628049143,0.008043375811829375,0.006202511895464317,0.0044239976724625854
synth_F_50_192,Female_under60_srdc_poc,0.04816804568561485,0.004072068568472404,0.027043478510866355,0.005921536349007737,0.00641051957038349,0.07890814978438888,0.08079902271287356,0.00413123229867976,0.012085817442002147,0.05240343570632949,0.024404585204113947,0.006831656718636968,0.06841134838690921,0.0521776122228028,0.04177322284864295,0.008918249132895979,0.0836103176101462,0.004011155515114336,0.006425864754266012,0.005747939830243663,0.017570076029800895,0.013339660237266212,0.01875498503429467
synth_F_50_193,Female_under60_srdc_poc,0.03745703335860557,0.003384658348960732,0.026289604016352056,0.0041583377238573445,0.013049724293436924,0.037327323435844606,0.30785070863443503,0.023574268894379913,0.027491211875566544,0.15161962605763166,0.008088387304733706,0.006329789202728248,0.0517401105393391,0.11575230623131343,0.0687526257136366,0.05341307408293654,0.19138070885410904,0.0044563503336732205,0.007816203807504385,0.01405989861983757,0.005397349305159718,0.011740096651128667,0.04552530616911324
synth_F_50_194,Female_under60_srdc_poc,0.1252808456504374,0.0013213426126983912,0.025055382845784513,0.0042272307111679615,0.00533096868551403,0.07795263244633185,0.2373999733831808,0.0032825695176372546,0.007851428302534259,0.032036706501422915,0.0032620587368596306,0.0010950732267942537,0.007898437212721933,0.01820270339078928,0.02001827389046234,0.001355829994030725,0.043491572513734394,0.0037808636864773808,0.005086820025958002,0.003831662400052993,0.0036332382052018763,0.004482855574893963,0.004783940847963895
synth_F_50_195,Female_under60_srdc_poc,0.07450053637944952,0.006080329305443019,0.021007576052875655,0.005975027233661439,0.004984348375013788,0.03540696342730444,0.09652897449103665,0.012927958362375794,0.00964170392861327,0.04056741137350641,0.005407051020359775,0.004688322709766073,0.04294190907982495,0.0369240776005603,0.03038763010104852,0.01689636870474773,0.12561634781373945,0.00426412302165162,0.014506184674508822,0.01615904793681392,0.00456675715655316,0.017760025773251732,0.005662771840061736
synth_F_50_196,Female_under60_srdc_poc,0.11036439336177,0.0027552761652319467,0.019859263042034794,0.0046254521968657845,0.004193671682611755,0.05487544187328064,0.08310231960501832,0.012490795612053194,0.00505902749877076,0.04949560362258891,0.018525415165640487,0.0018175512844762914,0.03153303684143389,0.05160927162946959,0.033663534699828794,0.0032250119870737737,0.11676086996617259,0.004441819622999921,0.007257667088485766,0.010502280682376502,0.005692958096357257,0.007634375140905346,0.005102158309494435
synth_F_50_197,Female_under60_srdc_poc,0.16176720400750483,0.006177097132675616,0.022967520938444546,0.005368992805185025,0.007810787318528006,0.14538308588807236,0.14196602062308242,0.04546686688194928,0.007740444807304629,0.07158820534876092,0.0063489240625685455,0.007780642039698312,0.01919675656284086,0.07339348830690796,0.058291972262250885,0.06616873644814057,0.16665250734687193,0.004141695961483363,0.017331752317797267,0.013771316213874705,0.00868702314564026,0.011299588864885586,0.003358732776002023
synth_F_50_198,Female_under60_srdc_poc,0.04600693139112613,0.0025608346979247207,0.025786793524248966,0.005688477553006743,0.0038027495415231083,0.036204904649699575,0.3648577826022959,0.045080569557307444,0.014483066112433413,0.12467885501571642,0.0848237748763506,0.0024500232195473278,0.07694234767922711,0.10579499726515028,0.03944810192289503,0.042623967791540915,0.13155736879652305,0.003920504906409144,0.004702724908252098,0.006010825056303414,0.008306646179356572,0.0075878011634533836,0.014000981813478012
synth_F_50_199,Female_under60_srdc_poc,0.08871528957257745,0.029523493894299528,0.022701463510805348,0.008684196395748538,0.004614289993950491,0.16879259107762126,0.26569307573479917,0.0038922279745226304,0.010644363677976786,0.037846879692486915,0.012929405596086822,0.015208394179881608,0.019032452443818373,0.18702937083792084,0.015207235088358891,0.002492964026480922,0.0644259940395244,0.02059702149388228,0.007105351449712294,0.00397022749323043,0.0044796636223493405,0.008241858786199081,0.018060542162436667
synth_F_50_200,Female_under60_srdc_poc,0.034076983680362154,0.015382105797755154,0.022501818026097166,0.004640749752060284,0.006050113376212225,0.04339431193810241,0.372485761547581,0.02222581912419526,0.01439168516894059,0.07801170809417507,0.05175040052590413,0.015058812840337983,0.042434871647311224,0.21992137909480333,0.08357767852867067,0.19737263124675067,0.18275878850549454,0.008136313664518724,0.00785990497944311,0.010024325292775235,0.01829131994703447,0.00900274146318617,0.008706958764063634
synth_F_50_201,Female_under60_srdc_poc,0.03027955287935319,0.0018828969550665894,0.02343090780074891,0.004332222459515713,0.007338220849566561,0.049717436454747944,0.22727220174202706,0.008841914574730296,0.010544517501922033,0.09688222505679016,0.018856799494092774,0.00285999964564712,0.01628799367536468,0.07232323403795762,0.059702927654978984,0.0984400286688097,0.1353708883911036,0.002852239758520799,0.005426817169430313,0.007938011289844287,0.009774670913738744,0.006851771750206796,0.009744296753797614
synth_F_50_202,Female_under60_srdc_poc,0.06152805026174682,0.0010229934490717512,0.022669750687397672,0.004966149560536052,0.004022964371018682,0.09114122331982119,0.12505635936549914,0.009234943032504219,0.008803065336622404,0.052913905570608384,0.010152376806375044,0.0038566052091983426,0.017823794803196073,0.060037814191433614,0.026628793626846434,0.01257138075664686,0.1290004089212537,0.004052918168723453,0.0066441841585345935,0.0064299634810826714,0.011466840696179896,0.007794516498356888,0.0032512730514340214
synth_F_50_203,Female_under60_srdc_poc,0.06506181323248979,0.0010660054842048488,0.02355530659587627,0.014281077843487998,0.005658837082684053,0.09374075658816748,0.10769883625507348,0.0007037983147926175,0.0037338518296838735,0.03608504602345708,0.0009304862463076721,0.0009816218870148923,0.00887975876637113,0.025344067580130674,0.01551366848314675,0.0025981094041675847,0.09210379992066185,0.004261888479700716,0.00419852966041463,0.003280008343442716,0.0032436171956099842,0.004780214361752498,0.0038464474244894703
synth_F_50_204,Female_under60_srdc_poc,0.08521573337071693,0.04501482141101919,0.02430954227910918,0.007471576247713298,0.004149980811730106,0.05972545920719833,0.1000135093083104,0.03554106444489722,0.015675633158272684,0.09659963882708077,0.06902064676397503,0.025575832397786564,0.025562539954898537,0.26634063112906525,0.05783686504370742,0.08566138651347935,0.20117093780040457,0.022745617018152958,0.009513185857097785,0.010181227974450927,0.01011522258965061,0.012808606487846062,0.02042722621738773
synth_F_50_205,Female_under60_srdc_poc,0.09628752718517813,0.0022826517462731515,0.026310425572923284,0.005212499470068261,0.006832099653682703,0.10152090673483602,0.27976750688448265,0.001563705914716387,0.009145407969738206,0.06287287817354038,0.005227831347809393,0.004024628740608878,0.10572673451882537,0.06492803608553464,0.03924530022623089,0.02331434926984088,0.15916072467982806,0.005265284232748797,0.007860163559569672,0.003099808384316776,0.001961616945494388,0.014933032936999175,0.007248244903835303
synth_F_50_206,Female_under60_srdc_poc,0.07765211300300688,0.0026723864737135065,0.0212006034389741,0.004305280236289489,0.004879810672189515,0.07438665996710828,0.043962150934194054,0.0026199677522375196,0.005713452966976946,0.0385848193385342,0.002689347426462023,0.0028348661609043863,0.006453398087910762,0.04253709894038422,0.0572686830823435,0.0018655521532146445,0.08276543524186639,0.004806536873837902,0.020290981178431585,0.005232649002063088,0.004887374135772085,0.009463151673323364,0.010412985084077715
synth_F_50_207,Female_under60_srdc_poc,0.0762627940890029,0.002774507853621006,0.023491535479423217,0.004598347654075402,0.004581546404053309,0.10066485857405354,0.12564528238455025,0.002370097376220095,0.005797606053167264,0.058340611966018766,0.005170871082515852,0.001285139482728625,0.01131464952316543,0.0690986621239448,0.03062801237206097,0.028602571311124102,0.12881048894419775,0.0035996748002202475,0.004703243470157895,0.0037561187332799525,0.004365984899548438,0.005013472799520062,0.010939419464263758
synth_F_50_208,Female_under60_srdc_poc,0.06506621238662516,0.028824638654255514,0.022610602685832988,0.005934180767056861,0.0074274354409272535,0.05144941710901753,0.0882233208606562,0.045504741448465925,0.012600527845311144,0.16536290731468326,0.05104988412895635,0.021426806124172817,0.038158103346743265,0.23237150127741593,0.07921342915404346,0.17356175404550986,0.21522430111462787,0.011269661637118381,0.025490270129856912,0.019948385209809755,0.013653591273534178,0.012334959314357907,0.00523648089517248
synth_F_50_209,Female_under60_srdc_poc,0.08984438228556395,0.00178740082462161,0.024961372938093113,0.0034684859013552403,0.004507092894574962,0.05813630727996896,0.11080530836029498,0.004309696875603189,0.005503733357210507,0.08004660240256471,0.01399814092029742,0.002192973281197634,0.009701088993968474,0.032067866181379995,0.02881542168711838,0.0040947319593971215,0.08091154975651464,0.005568278374046188,0.006763930234270436,0.0071083439898229775,0.008039377938186432,0.005426433241618963,0.0034751896463110195
synth_F_50_210,Female_under60_srdc_poc,0.0307377782124056,0.018711469801538965,0.029813310966297035,0.004504757273872891,0.009164880171227524,0.0436164800661471,0.5292234396992068,0.01315948753698184,0.026311018652695306,0.07818965374888093,0.046955280879536584,0.015802252586115777,0.03902986389761077,0.11968673403149092,0.057246148687978705,0.11923676023410568,0.11835928674245995,0.007691159579944653,0.008762881360958465,0.012358076035985224,0.006440854292690257,0.010225736922698504,0.012288863953931554
synth_F_50_211,Female_under60_srdc_poc,0.07933481306043504,0.013808412121427301,0.02349246678080438,0.0058511880929267785,0.006263273961850817,0.06162020087192782,0.05658778725045316,0.0019763571767794476,0.008354001469033279,0.030472299035273938,0.007113614101039867,0.008762871517995726,0.021528029858387525,0.07042800204038462,0.015304782329458188,0.01608494987367362,0.049578293303482186,0.013958682444686598,0.004021348876023385,0.0036821908134357963,0.0053203915509604325,0.010741331421791518,0.007255583731648675
synth_F_50_212,Female_under60_srdc_poc,0.11187913486725445,0.006420532541990865,0.022820807894396104,0.0075102944328299046,0.003866031483881868,0.07235801154391633,0.06031731304231552,0.007537199177159578,0.007277551743992622,0.06812746762175101,0.13833850998544164,0.007059655418199085,0.015800018138888008,0.14974892677457477,0.041919764180476896,0.084000278173026,0.14740510960031408,0.005617276653550129,0.006067087741214751,0.005906753802200995,0.014033452544340786,0.007265933383103687,0.00629248182109558
synth_F_50_213,Female_under60_srdc_poc,0.057685685634680635,0.011412727271482482,0.02433282426476977,0.004037192701859082,0.02028434514059536,0.04057159234925482,0.2713153361362713,0.009135240876277867,0.011172525827405133,0.21598732251837865,0.01650874570897422,0.003626727425040843,0.009289031632397894,0.19724928770100314,0.07241469677554216,0.10399277519089639,0.2599341527006117,0.027021643668431884,0.009063713809411669,0.017686404382728647,0.003688959271909032,0.007162649149189811,0.02369029281396288
synth_F_50_214,Female_under60_srdc_poc,0.1028155307327728,0.005213088471425809,0.022546981270788517,0.005454579469181933,0.010104377600080613,0.11344117526024318,0.12741760652553027,0.01491634774509794,0.026543991235441704,0.09505355926800609,0.015701680743396652,0.010637317111007526,0.06440323247291155,0.1113600631857802,0.07169630807452373,0.03988899242307352,0.17939453002069777,0.0037471462559092793,0.008521886593933303,0.01076896797249121,0.0050749493829757245,0.012959207151138194,0.013628084058290222
synth_F_50_215,Female_under60_srdc_poc,0.06127355353779082,0.0065461908662237615,0.026780565846132125,0.005715312909156139,0.0038638429022864193,0.04845508904498565,0.3936099021360504,0.014354309637570376,0.019119606014034334,0.05738713571793463,0.07541510366007799,0.0199773036951364,0.019803258543419376,0.23401117104057442,0.05140537101328507,0.12200658011107386,0.2165516319625144,0.005473043718053821,0.008499137323236124,0.010139694934904672,0.006850078470777531,0.009323969292458921,0.008156428144727253
synth_F_50_216,Female_under60_srdc_poc,0.05248315516982475,0.003080485319373026,0.023053922816988794,0.00513799110982869,0.008266304377826003,0.05730334948116091,0.3809038146799189,0.02387248721020071,0.009694784843380398,0.1260122083977514,0.16078170880023623,0.0038331417627311837,0.07563062521551388,0.1601016836513506,0.0505648538446176,0.14549529541438544,0.24463953554737386,0.0038455590626176035,0.006751792963658497,0.021697433337643682,0.009552693312346193,0.011837703996993526,0.03594435415589246
synth_F_50_217,Female_under60_srdc_poc,0.05571307005853284,0.002652309477762845,0.026027382710898404,0.0051955512011512125,0.005555377369755895,0.05321246480414752,0.12882088593352736,0.0034823365246328397,0.007862119953787295,0.06147248090368339,0.0027302843164070867,0.003007270143340396,0.006412555978190685,0.04027735077618181,0.03073417630833757,0.009478039512234228,0.11484682160460916,0.005954646859338935,0.008344936733822502,0.010873487806425459,0.007359819551167619,0.008292631518050611,0.010421307563415841
synth_F_50_218,Female_under60_srdc_poc,0.08681649551904887,0.0010019422252395551,0.027680241840697842,0.004534693097435081,0.004185902851711241,0.12554528044859076,0.12458834191314169,0.006182413403584209,0.0041627009127693645,0.07844186892485604,0.004816008533394461,0.001582122173298931,0.019123212373007983,0.03099759552787045,0.025725546677996793,0.005040298700799832,0.11202512754973061,0.0031628700096975825,0.011007230361575634,0.004497399327295061,0.002843904181821631,0.004379135136494056,0.018818346073690866
synth_F_50_219,Female_under60_srdc_poc,0.07145414282038083,0.0019779554495014907,0.02898351729471001,0.007660842494409504,0.004870420551168167,0.047360163168086125,0.17220593188465275,0.002911595244546294,0.016239633489605533,0.09613509209136094,0.004860181331951551,0.0014801037056526168,0.007895784632533842,0.060773696197730966,0.027502378372778035,0.00435185716092367,0.07234823366367608,0.0031920988426010913,0.004741397479804063,0.0034203810990189156,0.006653430866274444,0.007335664496017035,0.0160415830944023
synth_F_50_220,Female_under60_srdc_poc,0.04481955000788647,0.05836623367031789,0.025071463442139952,0.010498728062948536,0.011410021950717327,0.05463816523282732,0.06942761967785399,0.03361856959516023,0.03728103097354795,0.06391588497815069,0.20965988186864729,0.0402781327453615,0.17392339084126357,0.2892317795393931,0.08620169022343602,0.0883580133180589,0.16845269869493015,0.013172128476673144,0.008626153117737725,0.00950109130534807,0.0051039715580771215,0.025537952842037585,0.013883366300344965
synth_F_50_221,Female_under60_srdc_poc,0.12744678174836277,0.016425138851830796,0.024264806490391057,0.0054474440177923735,0.009311466159690108,0.09247401920904381,0.07284956152973868,0.003301298285560816,0.008280792677707557,0.04126858960968194,0.036392875069412176,0.0074905742883490676,0.005481338386279865,0.12041530201607142,0.016521749607026917,0.0037131573126128682,0.07577919099812665,0.032772495927349786,0.007741433615418944,0.008986942628644327,0.004009453577126684,0.005250422562627154,0.01277543999559495
synth_F_50_222,Female_under60_srdc_poc,0.08695417320077305,0.003703838293916306,0.024080723081161385,0.004734789975793419,0.004359063560944674,0.04273158005814814,0.04096593123708026,0.0030517879452219327,0.005468606846959694,0.03504499341351619,0.02652889783568274,0.00645360716710489,0.010013501418219913,0.077053691699329,0.027294806356252505,0.12038506503914731,0.14148779565925496,0.007150449952769662,0.004611222486099394,0.007026152737356928,0.007096900472363065,0.004654255904723439,0.006931026080707471
synth_F_50_223,Female_under60_srdc_poc,0.2065713184257344,0.0034080927921463825,0.025328428774045675,0.004494621927239296,0.014097876696996824,0.04715237719495539,0.06946522086634467,0.0035692866296067162,0.00699479220447932,0.021076770348853906,0.011840580054563484,0.0023724246730136623,0.014550663693051847,0.05584904449055113,0.023318124818671647,0.00327321073985686,0.10570477515349286,0.0037198148562589232,0.006825174886230143,0.005345916465400034,0.00994370029356698,0.009198927646366165,0.004216634495030787
synth_F_50_224,Female_under60_srdc_poc,0.09187637272349429,0.0024604269635582743,0.024489389065905986,0.005074971718407893,0.005492430363025673,0.04348115066253444,0.03731957921293948,0.009922046775655603,0.007119313773639791,0.051424122854046864,0.006251191359835017,0.0019584616672821574,0.039484058124333636,0.04285359733379024,0.026822502115175964,0.006382335069256143,0.10352218094390056,0.0028651725261911857,0.003675585257974069,0.0037798265808274604,0.0037623955302001125,0.008664111240849112,0.012973107895254875
synth_F_50_225,Female_under60_srdc_poc,0.030819246469558546,0.014894647099580577,0.021359388089106073,0.007612264876131336,0.033827343341500365,0.0412421788865346,0.1876128059092176,0.005685323998335255,0.039287978880365435,0.10522336605654695,0.012707589014518877,0.005814436111358266,0.034271056211600814,0.06779961142418467,0.04341915542425003,0.011881580068095537,0.16398100887368228,0.005452873545425705,0.013030971693445423,0.009642800504215924,0.014208697741141552,0.027996695584709224,0.013887341898047035
synth_F_50_226,Female_under60_srdc_poc,0.07960168504145403,0.003281582292911437,0.02433763903677764,0.007669674246529598,0.006689670635998817,0.08438521850810006,0.2592469415372162,0.035044039327077066,0.01824889664293208,0.08587894300304669,0.01980038739427658,0.006484596318500785,0.024952567826810768,0.13070300025504955,0.1062907201680752,0.12023633608306772,0.22117268560540454,0.0031449499382687476,0.012818612040621053,0.017305088851828295,0.011726963278144703,0.01399295376278666,0.010914736120759137
synth_F_50_227,Female_under60_srdc_poc,0.07162432248325624,0.032219444129134966,0.020572536769053563,0.007594334126330816,0.004359513418670088,0.07271096386929336,0.10492655033423356,0.005946730550307716,0.011814128301014491,0.09954228795908698,0.019679105136509088,0.00320302948556536,0.04934107152887842,0.17381410993471333,0.038340402344040424,0.0036590253558838786,0.1588159138871029,0.011669367972167598,0.008718261533625166,0.006450550714098415,0.0034993316182453504,0.008888909625258531,0.004864839519735111
synth_F_50_228,Female_under60_srdc_poc,0.1355191001042431,0.052965917353722705,0.02118413279544843,0.008226455882433292,0.00802676165375696,0.09409422984607921,0.08734212994398527,0.013020596366625465,0.020082072774563357,0.06941680419960987,0.2220697833268947,0.010000400831888566,0.04030608397559001,0.209363392456506,0.025623804479879986,0.008502062904079663,0.08561165111046887,0.00975372379312586,0.013422255339880593,0.007899981941415415,0.015332184335430377,0.010765338695089792,0.006837090369548732
synth_F_50_229,Female_under60_srdc_poc,0.10418010151364393,0.009720820367238078,0.022391933206258978,0.006075342679993299,0.0061433600603096866,0.061735980554330175,0.13203546919104314,0.055442586712641136,0.010431869285096543,0.04408494886699788,0.02363989762973467,0.007652939388140965,0.028323046429195586,0.2065744791242856,0.052733253165674836,0.06896331557537269,0.1369244392611347,0.00918377016723954,0.006198077527063294,0.015134425480511667,0.006213663531354118,0.008476251520426742,0.007098596580020482
synth_F_50_230,Female_under60_srdc_poc,0.06582957533317338,0.013429154532741053,0.026586913441099494,0.004042047509209047,0.004813352167513955,0.045759747726976135,0.09418025486870253,0.005380121435235869,0.0059587625805801805,0.06239278712658102,0.2816799015938054,0.0036132540072100912,0.01952396130508471,0.11875792589187191,0.032183122703952204,0.05809964161921655,0.1400132605422702,0.006353016134206153,0.0061861399801788316,0.0069220986376646735,0.0036936165659410196,0.007490751195025787,0.00708889548411324
synth_F_50_231,Female_under60_srdc_poc,0.3218015755119447,0.011074161597940666,0.020661176531492614,0.008923128842289367,0.003777277264739422,0.04435229987155027,0.1959442091908801,0.005451197110873837,0.013561356932621354,0.09729299295000253,0.03501497734548389,0.004721976984177745,0.01143784347718059,0.1565419414367798,0.0253604303158043,0.008677448448159986,0.09849616299552146,0.009888558034572491,0.007528579634033121,0.007409441931022426,0.01983660652645945,0.011381658924348047,0.011476677419603946
synth_F_50_232,Female_under60_srdc_poc,0.07947901790242774,0.01982957168254743,0.021500271507040623,0.006345723638824081,0.01077417301785673,0.0710127156497289,0.11447649062017791,0.0047098047438322915,0.0030042134809106958,0.02468390708084984,0.0240557710262155,0.005277006758000751,0.011599512392416965,0.06646463924236302,0.0184027242862693,0.007334453807742778,0.05519994816898853,0.0075464396138536375,0.009349420441809173,0.00503047741507655,0.005615521939356764,0.0054548916753768975,0.003887318223608674
synth_F_50_233,Female_under60_srdc_poc,0.13094029767635915,0.014923299344333979,0.02454107642437222,0.0068980231465814125,0.0038081823671150933,0.04218944085690308,0.07924313095452579,0.0317909319552388,0.009831128654042502,0.07006637698237116,0.07074646489981973,0.013750683242721738,0.03788770414810195,0.10788650072266001,0.06789621085563322,0.1180740286770481,0.26616090642214896,0.005162704977256788,0.0076127000503769466,0.01716324794309726,0.02030867188628707,0.008247923809488017,0.009907388255508581
synth_F_50_234,Female_under60_srdc_poc,0.08893625239575541,0.003205747161039061,0.025455974422098297,0.004022157236319254,0.01781659178978127,0.04086955818667655,0.17233237797688386,0.003190902750088083,0.005569270126704825,0.027013538276891583,0.004432861227386579,0.0038509053552592677,0.013848550558888456,0.020185497388071037,0.024745310725956565,0.012606136530549246,0.10338797986828281,0.0026166441963705787,0.006437808779087595,0.007879695933795582,0.0046380223942443614,0.008013730260284048,0.0037713228511475033
synth_F_50_235,Female_under60_srdc_poc,0.07683167380522476,0.010867192239074466,0.029535051085856856,0.007793142069467692,0.00340628357643634,0.0665539258183699,0.06414069167984782,0.012974538574681312,0.009026738802653209,0.03310004902482166,0.004820676464413792,0.0019981929770536964,0.01101171947452193,0.04165081992110094,0.02541389964251491,0.0013141234346084726,0.061502954174767886,0.0044212529831287335,0.017201725640089593,0.007628333184398564,0.005695394649909066,0.021611508705829865,0.003435105553903434
synth_F_50_236,Female_under60_srdc_poc,0.15715874199451318,0.0023322861472314647,0.02441747627898899,0.00392609951761467,0.0034040645034995346,0.0600691752255909,0.4356797328499013,0.02041639847611193,0.029507934975739503,0.12080426425020079,0.010441175855993912,0.023617041150682968,0.026151080823195838,0.12662185011765897,0.06771324989826107,0.10181837926180999,0.4635309898569895,0.0056740467988795635,0.021240782851898475,0.00852694505426606,0.009206725547016044,0.02504469869544941,0.009949831950722911
synth_F_50_237,Female_under60_srdc_poc,0.07873779513513249,0.002223528172342198,0.031114262961322123,0.004039336711705017,0.0067956056291857275,0.05726250457367612,0.14043241767440728,0.005708719693343955,0.005011574235514162,0.02927633727945647,0.003747729048045786,0.00234186997977776,0.026718532576540256,0.043949538828910874,0.019408745243362977,0.002101256596907011,0.07714532185325734,0.0031615368056619538,0.006348352162985664,0.0062280123355446335,0.004277024501122229,0.009455739894067365,0.007127290297959036
synth_F_50_238,Female_under60_srdc_poc,0.1633962349394,0.06037944442899234,0.024382493487579305,0.007447960279464086,0.005137808468475178,0.0814198288180957,0.28400537533891934,0.2516371890101514,0.027627960369726166,0.17960896509616323,0.23950590338380112,0.026553856873955055,0.03590318393206554,0.3516251037131819,0.09804193236901919,0.22444658922840743,0.1903449465142726,0.01308882790398156,0.010596476032773855,0.01306388628763261,0.01548420388706902,0.019141987856948477,0.0088295652031242
synth_F_50_239,Female_under60_srdc_poc,0.09998490641752078,0.008270954800113261,0.02451072618366157,0.0057167274667299095,0.011473528590964246,0.06135759330054058,0.5626955898418132,0.04498019644906782,0.013129554176987485,0.1996163125849654,0.2900005705365022,0.021427097881233512,0.1583422606128789,0.4021606642698809,0.07633303936163686,0.3277326773431186,0.25185845130392526,0.007353825275968739,0.00649391054562386,0.010757565978309677,0.0771183310497132,0.009833208678839415,0.011739715141959038
synth_F_50_240,Female_under60_srdc_poc,0.05740056993113645,0.00843931475844478,0.024489624738590676,0.008677826103869657,0.01535564832468962,0.04891648447504709,0.08195640395442487,0.0018690862344800101,0.007118436747765068,0.06615087157557299,0.007531759480649075,0.005717673671445817,0.01312174194270975,0.12009856782225897,0.01811505828176101,0.01734188127186206,0.10180884528915815,0.0064436967944254625,0.004312322763724292,0.004494292319892147,0.007151772473497384,0.0053712494193443715,0.02752635019495753
synth_F_50_241,Female_under60_srdc_poc,0.10864087386402455,0.01939903441893654,0.022499706701351135,0.0058809257832434375,0.012097663343530697,0.04951134757308379,0.2635735037661603,0.010646581712166321,0.029357835985728175,0.3411813075837744,0.010357116669338005,0.006059565203173158,0.030065963352658105,0.10821010221781455,0.11162605579390034,0.00889333526193872,0.26691261391854215,0.008521906031226238,0.008547628784460349,0.01879935749344399,0.014137964345702426,0.027173254199002524,0.048315106366985196
synth_F_50_242,Female_under60_srdc_poc,0.10977602650678654,0.003207270588249578,0.022152401184868623,0.006347759367082454,0.0078085407500391585,0.06117337747322368,0.23682466032555807,0.035554572141817925,0.02104061094714201,0.04452867608120286,0.038500966226004796,0.0028935105243831838,0.021852142536125906,0.05905862442834026,0.01839852423553787,0.0029519044899305085,0.08215592194652814,0.0063901207697230605,0.007603710495036201,0.00985284832980384,0.00402029216092206,0.01086598011478335,0.018763265860664367
synth_F_50_243,Female_under60_srdc_poc,0.08036739021770403,0.00395023751091767,0.02413541511298689,0.004893616081250413,0.010626770578071522,0.045812988818936556,0.09516461610168991,0.010329999487520712,0.005277564927378817,0.0886480325078302,0.004100074897417764,0.001186300091024569,0.011746348685827876,0.04014607274471476,0.027983988984837373,0.026325827889497486,0.1492763819656714,0.0032326057378848187,0.00484078274169843,0.015828236816963805,0.013148811642516346,0.009043218238663971,0.0177456951710682
synth_F_50_244,Female_under60_srdc_poc,0.09378828647266121,0.0022421852944310592,0.02290498166863,0.005373120638216671,0.004860604273580978,0.03888457275245875,0.04028029447219514,0.005989865801164154,0.006299188893964286,0.05321305679620108,0.0068409519373385805,0.0018491721951666552,0.02771512673121998,0.05350495064263105,0.027916108369511534,0.004927614246217231,0.10541357817497153,0.003288793572821873,0.005381591596406379,0.006395363649159618,0.012497907202452467,0.007492639743626984,0.0029089410133260607
synth_F_50_245,Female_under60_srdc_poc,0.05228624663851803,0.0028631686738302036,0.02276811512163706,0.005842684656985418,0.004967278353669139,0.11452760318046804,0.1349113428938421,0.033730814732181626,0.013833640242413354,0.08492366869327532,0.013658760941092645,0.0016706002790194193,0.017738497219537713,0.08535711554125709,0.052610833845775924,0.04775812437804986,0.09761856600485705,0.002781345180191424,0.0034830680460542526,0.005257224253513839,0.008661886785060658,0.00825916845728174,0.008435804388829946
synth_F_50_246,Female_under60_srdc_poc,0.039068574021074456,0.0021992350638724693,0.02455692321596286,0.01271227894286734,0.004740542908300054,0.055864121827013766,0.08199178171575251,0.0014655194329129928,0.003748186631123267,0.04324275685330658,0.0015675224890656406,0.0024668561994872383,0.013834684304964897,0.04024644966223075,0.018923415343457577,0.0018525610038359116,0.07808322779395335,0.005978359546199164,0.005788861628653349,0.005022903533968362,0.005960154601248519,0.006773685680434172,0.00712993394170329
synth_F_50_247,Female_under60_srdc_poc,0.053220950964082664,0.005359479457446919,0.024652036667183106,0.013804818726805048,0.009183249097867085,0.06231370308489441,0.032995241696889895,0.01913594970250632,0.01486898323230186,0.12071184663461651,0.008805238820380456,0.0025901763064337443,0.023425953566098497,0.08886946712648869,0.03617292999995805,0.04807674872541448,0.1639490287611118,0.0038367698335447713,0.006906588404352662,0.017447469380571838,0.01271967243689439,0.015495968916829934,0.017952513295976788
synth_F_50_248,Female_under60_srdc_poc,0.05284388071555919,0.0017159684133255932,0.026677219073909603,0.0069920157720626775,0.005585809636377326,0.05358620916946798,0.12392616939683132,0.006080426294746467,0.009142418865761144,0.06552441770442965,0.01972546793330606,0.002294444106902294,0.022136557243413058,0.05291457648146614,0.04091414998296053,0.03477788160639413,0.1851547506731881,0.0026588531167747267,0.005855265991379754,0.0057990869039071,0.006827193400979598,0.004786719091302922,0.002370373619977241
synth_F_50_249,Female_under60_srdc_poc,0.16196100001615177,0.005619991709591034,0.025586309453000423,0.007332320768877259,0.0038597817336256815,0.10146457297696936,0.06744686294131977,0.017283005008370246,0.004786443522650209,0.06463607834658765,0.008908981795630566,0.0018788323872265772,0.01535429417161065,0.041834495070746776,0.023452767993789304,0.0023183169834576395,0.09256237871249735,0.0060613635903771475,0.00797939266439684,0.005967760409867136,0.00927183810268363,0.008611864025277263,0.007570083879746312
