persona,stratum,Anxiety,Atrial Fibrillation,COPD,Cancer Breast,Cancer Colorectal,Cancer Lung,Cancer Other,Chronic Kidney Disease,Chronic Liver Disease,Coronary Heart Disease,Depression,Diabetes Mellitus,Heart Failure,Hyperlipidemia,Hypertension,Hypothyroidism,Osteoarthritis,Osteoporosis,Peripheral Vascular Disease,Rheumatoid Arthritis,Sleep Apnea,Stroke Cerebrovascular,Substance Use Disorder
synth_F_50_000,Female_under60_srdc_poc,0.08328000534646934,0.035601444811654094,0.004243083236372239,0.026255346454166297,0.0037252326087560427,0.0036338064386326227,0.049015983470131724,0.008386020796037688,0.0057300946793231305,0.006928189509405513,0.0426289599925121,0.003117335160706836,0.005906705103315893,0.029306047354070303,0.07016780178306788,0.01834228731754792,0.05406611000375567,0.013068957127049382,0.003964495345635661,0.003999303694736593,0.0060478178583107875,0.006121831474816925,0.0026987389887561325
synth_F_50_001,Female_under60_srdc_poc,0.0634011137903454,0.058039469259231785,0.009995625869205405,0.030431350814404033,0.005369322730943015,0.013679497639243835,0.11489134996425243,0.006014823368714554,0.006517892753298934,0.012683036774438326,0.024769740611701997,0.0038674567852455453,0.005227509864681774,0.07285071182921547,0.09539404929842762,0.014274793383789348,0.04413860166567073,0.038529525072769036,0.0037065463138317876,0.006305748377255296,0.007960948433622288,0.010218637065003734,0.007546609525019304
synth_F_50_002,Female_under60_srdc_poc,0.09581583404953085,0.03508482490754992,0.027855514401975017,0.0262634725161456,0.005410148647040179,0.008141401031166924,0.10151038085222747,0.0027464212439608114,0.004743390101937815,0.015937209075147788,0.04372736107589993,0.00866392603357369,0.006403493434937908,0.0256021882578487,0.11963347347317656,0.01881090352404506,0.12705385007676798,0.010577423229704569,0.006401944700462671,0.008544812900049785,0.011746292731270676,0.008749263884957175,0.0036945375391344492
synth_F_50_003,Female_under60_srdc_poc,0.057843596405105634,0.024412474448497038,0.004085195849245849,0.028318718682887024,0.006531162550962941,0.00828411819068064,0.1179011742547401,0.006252949890621698,0.004996272857249044,0.02174592250427395,0.0103624309339287,0.013120321818417512,0.006444958838302069,0.031804938681751986,0.0684357630107015,0.01655572416623068,0.056491300577265736,0.023144208692768686,0.003789015488627428,0.003943605790450531,0.0051312026238335305,0.009639805691174372,0.0034241978308280634
synth_F_50_004,Female_under60_srdc_poc,0.09198076947596072,0.10747019509081347,0.12389192079055532,0.04106184945357731,0.007888899783839626,0.032713960699918755,0.06352054848391439,0.061244506385455984,0.010513782635669343,0.05783480957194431,0.031624526348295635,0.01263823535198837,0.04811200780752222,0.10099240414519449,0.30561628309012906,0.04393285488511728,0.20175692704223558,0.022562019204743284,0.010813141955038939,0.017792434665904588,0.013356942229476238,0.019549288657974204,0.005300467915101328
synth_F_50_005,Female_under60_srdc_poc,0.2410337789650859,0.02531624594207494,0.03030814172951244,0.02631692863753313,0.005493508652504039,0.013872404771045435,0.12259895092277431,0.01645900645588693,0.0030439289108917605,0.03250411032062226,0.027351015193726284,0.023612825594610476,0.04056394806423225,0.16292684661551174,0.07641233869272115,0.014514830785712538,0.04131844762350195,0.029116884898350445,0.006870279531780545,0.016057105362082238,0.006235387124345247,0.016521247229893784,0.006440621537401626
synth_F_50_006,Female_under60_srdc_poc,0.05468335623197499,0.03851276450570173,0.021669980450647542,0.03024796159555279,0.009531094092243217,0.01965524660666976,0.1032808519143356,0.004604286214931865,0.008948652846371877,0.01080071418822737,0.015519771302060899,0.0057710229920386845,0.002573016651779864,0.027075640527947597,0.1316745941904803,0.010442781307795782,0.03555604659449083,0.024563254228961627,0.005313974674158287,0.007198894781464781,0.0043658702346405205,0.011679777426358482,0.012825205446553233
synth_F_50_007,Female_under60_srdc_poc,0.07894667293612924,0.03606005804422275,0.027713243700214888,0.03737856739660317,0.005994266957168127,0.006759542138938463,0.09138413749143555,0.029900645906899316,0.012489562657555095,0.026871583013856695,0.029428036283756436,0.035145130454519,0.008699891031990476,0.04219623755597472,0.09557704734413092,0.03443514074266991,0.08513329374200045,0.029023097692213753,0.00884602271913741,0.009748585159288736,0.011680794261492303,0.023323986947472623,0.003012443409063472
synth_F_50_008,Female_under60_srdc_poc,0.08198718875578981,0.06503439048152815,0.010261972114236661,0.02980026343856383,0.0052405022376423365,0.0049919506762085295,0.09988855087293773,0.018498773514254874,0.025552216052426517,0.011790538081569412,0.024678810319495318,0.010784299239054804,0.007554562161067525,0.03202641417713867,0.08470504067289286,0.0239870627431767,0.03357870255827701,0.01635348649805459,0.0063663045587841905,0.013051476642513165,0.01137810240757682,0.013868602296137678,0.00808676340172615
synth_F_50_009,Female_under60_srdc_poc,0.06861996604776394,0.0651348424055587,0.04219671899163951,0.02831660567141372,0.0072722840860195885,0.02144199702177517,0.10491111973883631,0.05653563136854139,0.017240012014761903,0.04062934547214222,0.042147705358796625,0.03473004391514316,0.17706626579767695,0.09834187438890864,0.22721070822866754,0.03244672918599716,0.12262675026657213,0.03078349747946447,0.007118437897235192,0.01118548028254032,0.020572868401468197,0.01900536922117789,0.0031946264468442004
synth_F_50_010,Female_under60_srdc_poc,0.06449383812801529,0.025104379637760882,0.002210340170208755,0.028026620552367335,0.0032748253327916973,0.005533332577981097,0.03793322600681601,0.003913147290321938,0.005066437384122598,0.006990404247387791,0.01925480850587531,0.004332042559251534,0.007704921652964329,0.011181691495511317,0.03747095954658406,0.013082559587939394,0.041739941395266954,0.009953921419591337,0.00442598351018942,0.0031559775891510365,0.0050633194910230115,0.008802394426043738,0.00371528031342861
synth_F_50_011,Female_under60_srdc_poc,0.2060293483321116,0.05376646221060605,0.010684625482494662,0.02957155500296659,0.006523171450322374,0.005603894892504211,0.14273942336525694,0.016108762320888072,0.002674573964717447,0.011527604333586523,0.04522974380765599,0.006391769444413612,0.010576757468643594,0.04113077779277971,0.05912135845004723,0.012042096131027306,0.0704824913148548,0.04900210198476684,0.007869391256960248,0.010389619551937495,0.004142008326250413,0.010725686077774904,0.038986939910844384
synth_F_50_012,Female_under60_srdc_poc,0.03553932361599208,0.018625850253163156,0.003680366222657579,0.02419913537430123,0.0038338238729075493,0.003793820746739889,0.03684630348780815,0.0036771184537740973,0.007603810287882739,0.01434634740414368,0.013040678860626683,0.010752149301892522,0.0045577920705989336,0.018027919428386604,0.102970360326879,0.0363771251592443,0.04399949501763757,0.019721197962026222,0.006542935485468261,0.01097570487564788,0.00725290126715052,0.010850850851053,0.00229420198605305
synth_F_50_013,Female_under60_srdc_poc,0.08226019616582742,0.024861197395357033,0.006091456634896862,0.026496734779218822,0.004909946920736226,0.00309372694476112,0.046591765209051964,0.013250519694225202,0.02378287244528272,0.017529713905182282,0.042309973188162396,0.03826315919715502,0.0023542727304297737,0.050693977922698634,0.08216668862846589,0.019674149013660047,0.07922458437309243,0.031127129284590417,0.008576703063879476,0.005745899148898625,0.007314896176771492,0.012315430046638532,0.00572071757621539
synth_F_50_014,Female_under60_srdc_poc,0.10393043340643209,0.09263269033048092,0.009002146166206267,0.026172124370221046,0.004133563510751307,0.00502857086712756,0.05789894754476282,0.007077241314842138,0.024993643346620447,0.01274793032604391,0.050127037422836994,0.0531455692838821,0.016912121891355384,0.03614755455469868,0.1237909483307752,0.018798227933064238,0.09604899018509488,0.02505866835270038,0.004962753356301502,0.017509081533420612,0.022261202302407225,0.012054730107712294,0.005988315150195221
synth_F_50_015,Female_under60_srdc_poc,0.09888885515657445,0.09444663147636488,0.020157956663554247,0.06990399244379804,0.006373583195615321,0.01864261747026005,0.10843659089485261,0.006374140171333797,0.003901329532220585,0.01412252412596749,0.039014201654913094,0.005569676327688088,0.009144247198422042,0.07250264105539302,0.09514354183659512,0.019142675112036208,0.11510922581266918,0.08602344123016145,0.006744543687418367,0.005221958508907363,0.004066650444971304,0.01187993200603052,0.0053527280436895
synth_F_50_016,Female_under60_srdc_poc,0.10319487212426486,0.06310006995107163,0.03837089248417542,0.028814643751867684,0.010910288143989626,0.00568376191035418,0.09645702848195435,0.006567299282614717,0.08320926434893523,0.046634929919886256,0.08115316988175876,0.04195980720825838,0.004512319616358204,0.05839602859286585,0.32060336520662885,0.044870500580908315,0.11668820582634049,0.031011294549570304,0.016394896891516433,0.016286584869666585,0.028069379124642867,0.025370386378997377,0.004620412951407104
synth_F_50_017,Female_under60_srdc_poc,0.15395392523499823,0.052815298093144836,0.015745487567598197,0.030098694565064834,0.005079706244828065,0.003912186354217059,0.04202483067881551,0.0048952508464724905,0.02435662627779977,0.01616206265799169,0.0784660944686704,0.01062197897798179,0.007460047309532621,0.03214402485457653,0.15149352808658462,0.023970325330579828,0.12695492479244908,0.010511057160036008,0.004631175876728355,0.013231042265041541,0.03950811639519251,0.013310856177838648,0.008634967152370528
synth_F_50_018,Female_under60_srdc_poc,0.07231021402393238,0.0454344416904479,0.03878124902200398,0.02831671910835609,0.011888887910543655,0.006201195210177719,0.08409826355619412,0.0057483778710247365,0.02842436895806017,0.04357373301668114,0.10135337020251083,0.10660354727904624,0.12998961166714035,0.08364309343652383,0.23780284109409958,0.026843746438398743,0.1489915737674322,0.01733079578633534,0.017532586942768283,0.015177296470198609,0.046648418350190825,0.01317178830334722,0.004284937103484956
synth_F_50_019,Female_under60_srdc_poc,0.09383252895123623,0.019371755479123044,0.0027422065258276267,0.024167672138136427,0.003751236730199022,0.007488154795565394,0.0721067454000042,0.011550284296165524,0.003364626330816104,0.016632303292594127,0.05797501467738782,0.0051052194438352665,0.00318490223164554,0.029551552363427092,0.05217605635388996,0.018929303432268556,0.027319094075438616,0.03556743065095895,0.004106821686581964,0.009034286149911686,0.006209165290424542,0.007023586305562606,0.004864326884197121
synth_F_50_020,Female_under60_srdc_poc,0.2010106451701135,0.06867699238495706,0.012975556753660479,0.026551500969957963,0.0059034028041123204,0.005135487014194986,0.10328211896834583,0.02467934067001472,0.04967456121584565,0.03885810967097863,0.08166628810343218,0.6914132926464007,0.02142203261052962,0.19654066181888097,0.29269645233358216,0.03544428206414404,0.13924770719977694,0.030573061060536606,0.010329824192932036,0.012667332020729163,0.02353982001069797,0.021322009852837852,0.005498503212940983
synth_F_50_021,Female_under60_srdc_poc,0.03321141222926523,0.025020221011284427,0.0464799474793973,0.03383677561640125,0.004951198952090948,0.004215424711694921,0.19774219911518187,0.006636611980658096,0.025833226109297495,0.012519465875328931,0.04241004216690612,0.00988794655201206,0.01580201954796477,0.07520179958562749,0.09361363407158965,0.016701405807789994,0.07673977184670748,0.07745262158353888,0.0037467305300311364,0.0078987333551675,0.00486803391081361,0.011341945102454433,0.016387850105501364
synth_F_50_022,Female_under60_srdc_poc,0.08747732336507778,0.06742401030620065,0.009434306503762228,0.04506061934640903,0.003821125809236785,0.005720858082437558,0.06818260925586807,0.0037135350386173875,0.014732086564658851,0.012760313718346235,0.013485820080862406,0.0070104727258326295,0.006073059494772865,0.030613633312794077,0.07960309544256115,0.01155130192749918,0.04975488390168173,0.020706009229372144,0.007095393785058459,0.006122047926859509,0.0055655181658825085,0.010397027503945938,0.005315479563016789
synth_F_50_023,Female_under60_srdc_poc,0.04727629460807853,0.047029700620053884,0.020937597129753925,0.032473881168368815,0.01033078818811736,0.014697574691765263,0.07778117338387949,0.002651095772340582,0.010091731534031064,0.04569006433626027,0.024802082874382854,0.005953934397474593,0.01400477670135455,0.09055865627953934,0.11273764739635116,0.01740507281073998,0.1252685155055646,0.026719706947753667,0.005335309430165986,0.0215369765212494,0.005617951569381746,0.02137841639261039,0.00324018672886483
synth_F_50_024,Female_under60_srdc_poc,0.07658762934100183,0.02915278134031288,0.07551144664457278,0.02888041360188741,0.003887018227485197,0.00832894977423561,0.04882251003957982,0.029272772785859477,0.026522856786498662,0.022846809840589812,0.1220600969072149,0.03199138090901377,0.03280441961138832,0.04130688866961355,0.12298509023907411,0.027715466499446582,0.21412206199852968,0.05727892718490812,0.010818375971483258,0.025088433137833006,0.007782376803965682,0.013696888467965698,0.027204044281918117
synth_F_50_025,Female_under60_srdc_poc,0.1115478536318316,0.03319248829076221,0.0142421881315124,0.03185082798499299,0.00901329344873103,0.014654012278066644,0.09223571863085486,0.012053135663552178,0.005064865419831031,0.023899606825898118,0.04842094238830611,0.02777204465895417,0.009526724834523029,0.06189494088076553,0.10565259130241446,0.011028682145897365,0.09183479941972927,0.02828617715738943,0.00445100311441312,0.004197133071922543,0.0048598798939561046,0.013802674097681794,0.021035045814426726
synth_F_50_026,Female_under60_srdc_poc,0.05623148335271913,0.030894857712397788,0.012141184182413433,0.03254769861589219,0.005246959804475314,0.018782809433134377,0.12418814612843729,0.01577051037362518,0.005907187664550477,0.011000598272498564,0.009132333194389913,0.0024574954838870906,0.0060887740057028305,0.020370581823117698,0.06875878169126047,0.016879618674308056,0.07821508248072966,0.027689110262456445,0.006637774407248091,0.004547523318724016,0.00415447930803871,0.0102291442470964,0.004167997325969402
synth_F_50_027,Female_under60_srdc_poc,0.18556716453803895,0.0658255940387094,0.029050848754121117,0.04447845334313208,0.011577148367010312,0.02821086656406558,0.07000112879675831,0.1448187388492379,0.038434619047779194,0.0689396890221687,0.07545344850545088,0.59625563373145,0.01932628564940397,0.13507141640425802,0.4401828220056845,0.028366543832665663,0.20294616757840567,0.03648048990836627,0.009278083984619597,0.01326838531507806,0.01249319956489837,0.034101620228840175,0.009514918959113487
synth_F_50_028,Female_under60_srdc_poc,0.08940766748979215,0.038582789459402154,0.01375699177643703,0.027969385689468572,0.009555869809374307,0.017501831280288642,0.06125704209614904,0.04563794735434738,0.004544048746023876,0.03979745522254479,0.046315379328239495,0.0049790905342257325,0.06417197185231432,0.08547708827327224,0.12896406718243422,0.046560781595489736,0.09979527878096969,0.06699172878639277,0.00820094041860137,0.010124496809391897,0.006596339603715451,0.018209721021398555,0.007300622564853756
synth_F_50_029,Female_under60_srdc_poc,0.10365786967980378,0.08639811452719277,0.14632636813523775,0.025590055549656498,0.0057540946847026275,0.01885472179695613,0.07307209977833762,0.02584455810255972,0.03109800901542263,0.1104281395285659,0.0679062106787115,0.3408627220913987,0.12941787520334144,0.21025010422208298,0.4038284080430449,0.027870619955474255,0.2150837598949598,0.04306572172013963,0.014289544806488516,0.02339607756611983,0.017988120878899904,0.0268742716226948,0.005462261456176048
synth_F_50_030,Female_under60_srdc_poc,0.11534942113477749,0.036263775141150326,0.006317796470756387,0.028412215795712455,0.003011449970772347,0.009983525654491704,0.03251580418996569,0.016361150917487396,0.01442220142766394,0.011975057244086103,0.05049874162785703,0.015521477775561216,0.01112090329050106,0.035781514350403755,0.09136731659880581,0.027592701825234912,0.1840778055803788,0.017971049370113384,0.005835873236065424,0.01524193532834437,0.022158333640501047,0.00948504886889521,0.004534385562332315
synth_F_50_031,Female_under60_srdc_poc,0.15046002273549894,0.06276800010740356,0.011364901250581299,0.02797235103063967,0.004562716743515171,0.004693568242502725,0.049947464873487585,0.008325577811855611,0.050753055051211,0.051933432481706995,0.05920155877743733,0.403395689944926,0.04066213383168609,0.05884723008046214,0.23163208638761473,0.046858066395176964,0.07262064199820373,0.010731624539599662,0.010017860390692414,0.007964924315087598,0.014146627312470031,0.013993266215541271,0.007268853038244162
synth_F_50_032,Female_under60_srdc_poc,0.09962975115285888,0.05649782128705624,0.0507071773143114,0.027237698335256712,0.0037633616484428058,0.007271309648211769,0.0304031241605018,0.021913665781779498,0.012118217302493446,0.016209245373622273,0.08027088115345976,0.04029786870741641,0.03800928073207659,0.0373890289125549,0.17133859225516376,0.023356174863879746,0.24743121736533993,0.02966294058857934,0.019114104860325182,0.03377433942980992,0.007796744547622938,0.019032575402177385,0.0038657718420519282
synth_F_50_033,Female_under60_srdc_poc,0.17931956168651944,0.032469001289259156,0.02759504466856025,0.035755120206116583,0.008164443285486135,0.004329455558074221,0.09869109621543216,0.007574363353112638,0.011638556693042765,0.014627211139306465,0.05556413614133886,0.0050161091450203815,0.00663365452747362,0.0479290761941525,0.0904056571341188,0.013558318392794394,0.05751036637109309,0.04352953722233368,0.004396349400603618,0.02285667368820564,0.0049038832030408,0.02040633438897264,0.028289148384274987
synth_F_50_034,Female_under60_srdc_poc,0.3402369873649356,0.05476960158558058,0.04006072560708069,0.0353624509757629,0.007107265069163011,0.02939278746006334,0.18716865224729842,0.005067820045961781,0.0044714276154564055,0.016039176660991913,0.030572327076565507,0.003039762943181299,0.031794992777417125,0.0581440385302663,0.08095086059318275,0.011137654028494159,0.11717516221862666,0.043366960822134426,0.005395742884429619,0.006917082854102885,0.003942071514798368,0.022434265140390684,0.00867763542192772
synth_F_50_035,Female_under60_srdc_poc,0.13953680391818873,0.032905077070140225,0.0036724499728101765,0.02786457566839077,0.003428029909562008,0.008278932989794666,0.04274893962081873,0.015852229166067433,0.005626213558409551,0.010337310807624353,0.04841045898850772,0.005606351486408702,0.0057657079179117806,0.033973751181730294,0.07350127583724875,0.024926489164057684,0.0517580308161785,0.024117913744338228,0.006590752555159536,0.021616169976857436,0.004830155232532665,0.01065448091868566,0.003282929867286705
synth_F_50_036,Female_under60_srdc_poc,0.09728264859052292,0.06864385477765066,0.044801239777670795,0.03276375384221831,0.00629817025109948,0.028808062865030203,0.10164968789575472,0.011942194732092985,0.012798972979553154,0.0513639615129873,0.03069790059777001,0.012447180834783153,0.06216772543402311,0.052648570953760535,0.1405765930197603,0.02009283502463384,0.06945834226044958,0.02061217084462839,0.010858864901485929,0.019334310609391645,0.005107365361177134,0.018425105728875603,0.01148178469972838
synth_F_50_037,Female_under60_srdc_poc,0.06080282931655461,0.04688318706294265,0.009320494152229878,0.033645139956853906,0.004514490948871026,0.008117252374516057,0.06886503860892555,0.0019315106344794176,0.011420494189282577,0.01163269398156083,0.017748296932389458,0.0031848746568294223,0.003956447240182043,0.013467095395548457,0.047104887512156024,0.013532711197791564,0.11276153053545397,0.012459865036499946,0.004883659586404851,0.004543021887272889,0.0035519045185577153,0.011277113160200799,0.006904874732744535
synth_F_50_038,Female_under60_srdc_poc,0.09882618602893918,0.04632451138111949,0.007427687911962421,0.04457179756955203,0.005103614858025476,0.18215297506792869,0.11795879117913403,0.026480161659218626,0.0065412972483412405,0.01690583622325411,0.06565449103392279,0.0022769793295477525,0.016951064193387166,0.044740245995204826,0.09988769998080535,0.024691022324226087,0.11102086498599219,0.04988991545243376,0.0071150700167449295,0.005759719515845085,0.005163790739675431,0.014676783913611767,0.022573319113843644
synth_F_50_039,Female_under60_srdc_poc,0.03795657689982642,0.06405182273279152,0.007904314561768383,0.03746933953044479,0.005252323869636499,0.027870399276849644,0.12278242428410552,0.004274988309448242,0.002907558400070832,0.008587938082356623,0.012502936648911056,0.0018390233255920448,0.0028314591011580157,0.02491915841939657,0.0454623120361365,0.011245633466905998,0.043075230684965216,0.03960729156633445,0.006471653092870255,0.006573796969620313,0.0038511280379143636,0.011995579725449722,0.005631774353430904
synth_F_50_040,Female_under60_srdc_poc,0.14815942717723948,0.037130871160428035,0.0055255476888498006,0.026401094519306903,0.003924163399902642,0.0034088559550078624,0.058935842611172226,0.0067499843968156295,0.04073009947344018,0.02329706015218758,0.060592847441420856,0.02387475005203661,0.011951676750179078,0.016426268534205108,0.14826569662074562,0.023892452175540393,0.07128310203777725,0.01611173935315626,0.004804751935816636,0.011770970846197137,0.015375647631149791,0.012912393512326738,0.015299171052940258
synth_F_50_041,Female_under60_srdc_poc,0.0948580568316101,0.03256723920533619,0.012411031742310532,0.024099258275983013,0.009188447571036602,0.006770357493418124,0.17714921418391164,0.010086527096158416,0.021424373578334394,0.01993416754815783,0.02955683185984958,0.07085908002205732,0.009489548380487411,0.061611481671487715,0.09663993285939958,0.03187991225359502,0.06212440405813351,0.016267929340663,0.005027832015308921,0.013937401027307391,0.005976858677918659,0.015365594935443535,0.002945557793924549
synth_F_50_042,Female_under60_srdc_poc,0.12792517449358717,0.04973570848197523,0.060193861488222956,0.03564633565569854,0.008516630989805875,0.020996370445913837,0.09561656705670034,0.013474632987110819,0.004637358991307195,0.027059692827817707,0.013157115641227195,0.007305386108573941,0.010192110641662781,0.10714236422709555,0.1521555022555185,0.02413463881796354,0.06105759253560994,0.01970572504829065,0.005576170744984213,0.004921504802573552,0.009760077082034933,0.02756998609294507,0.006326224501314509
synth_F_50_043,Female_under60_srdc_poc,0.08780213638642034,0.05863010915395552,0.026294298739277928,0.027126124947892936,0.007865296436476375,0.02205499248708794,0.07001287649290638,0.022730610282359613,0.014122015053081728,0.0975756978063266,0.036271887466591775,0.05638441395803121,0.01219243759200128,0.17777132642197274,0.22092954143593532,0.03172602103247864,0.2581894343839858,0.02163612706394762,0.014445004238996919,0.02305367339991576,0.01624614777602964,0.03948102926512951,0.0042068219505255605
synth_F_50_044,Female_under60_srdc_poc,0.19104093943272474,0.05828489484044602,0.039253914626597025,0.02941344902269606,0.01417889924910363,0.012866472853708191,0.09112039998781471,0.0280360786334483,0.049304619788497914,0.07507787505274553,0.10126219337319746,0.05260636439267182,0.01587179238721618,0.13221301160961005,0.33872407779267855,0.0650148292491155,0.1749562336883132,0.03337041985575193,0.006518865038677427,0.023857353439415575,0.009217453407881084,0.01466795385231871,0.007986584596312234
synth_F_50_045,Female_under60_srdc_poc,0.1292633935187884,0.03954584903824478,0.021463041265309304,0.03456831324227888,0.006974358792601285,0.013491459404239176,0.08242196551214542,0.02143701808359486,0.01003975916651471,0.03736807437352969,0.036465989045594054,0.014049965825103332,0.029708436524245336,0.044563851849321226,0.10329650070346913,0.021725317977485004,0.19306701791892011,0.0446114373421299,0.007551122797315589,0.01572652457046852,0.007300142189773653,0.016740243546624147,0.0126522391215354
synth_F_50_046,Female_under60_srdc_poc,0.03758599936716809,0.025473801591425246,0.005214373271984686,0.02689735321848591,0.006422533216034344,0.005163048402509412,0.1451360334668228,0.0038253366055150746,0.0045046085702287325,0.01027517323558655,0.006294308094336965,0.009219416890770092,0.002138475864040725,0.017192717045938537,0.04775202330706489,0.01252215920925763,0.04119000313282534,0.00896134268343809,0.006461121120496569,0.004542672679250991,0.006901554138399584,0.009230893014486895,0.0021269432644133563
synth_F_50_047,Female_under60_srdc_poc,0.0865484658384093,0.02995766580849446,0.0070150440100611436,0.02698107508478327,0.003426154032590039,0.008783349687052454,0.0347226152021038,0.01575017299091541,0.0054059689729196335,0.032426038017127165,0.04287101071382222,0.006903423803170929,0.010948502508077464,0.13913790397021902,0.05174585814006144,0.014620771781302257,0.07388331641536243,0.022567367652547927,0.0051811795931317375,0.00720968623292509,0.00816386701826957,0.013116768011689494,0.010643661844732134
synth_F_50_048,Female_under60_srdc_poc,0.03962185640501764,0.03510100606315413,0.008172310618584791,0.025954689192807707,0.008077781609683166,0.05412202134821367,0.09959239335754559,0.01347311009653926,0.005843395188109014,0.023515032720342315,0.0159273603115572,0.031602119362281696,0.01447310070404053,0.030843007395903167,0.1088874969734195,0.020587176938899478,0.08748580374842434,0.020967591297525574,0.005701378092769119,0.004994987475669119,0.0100692589216822,0.014990502037075847,0.00307240915849609
synth_F_50_049,Female_under60_srdc_poc,0.07705174196118539,0.0632932208581245,0.02473147065369724,0.036235418268917345,0.008697558402963653,0.03103385110730219,0.11018704849664666,0.02968802093007262,0.010471467723215288,0.038338850828151916,0.02180528408545812,0.021330124975418023,0.011292108617177882,0.07637402286506108,0.12705998075056124,0.025095582112015607,0.09213395400316238,0.02420736507902386,0.009022839528593314,0.016891862632510805,0.006133973206987193,0.02244194826942702,0.004719611452884459
synth_F_50_050,Female_under60_srdc_poc,0.11846062726697944,0.01572861891987717,0.039195996868055104,0.028868745263104206,0.005794400031946632,0.004101254997302013,0.12414959097539228,0.006006216073150873,0.006827709288898206,0.012359458942506148,0.03681700934640913,0.0031707416980252742,0.012394711450044298,0.03300772531222027,0.068643550358736,0.020495665265796912,0.0844135968595701,0.011318466330291108,0.003819923177779741,0.0041708961914034455,0.005023394272299393,0.014656577952126283,0.012512327116281153
synth_F_50_051,Female_under60_srdc_poc,0.19990481533630894,0.026541721175617226,0.005930240201909219,0.023239642488225444,0.003090001143231852,0.0034371641074506633,0.049917042115425476,0.0016286847364568185,0.003957399294452409,0.014116625808707456,0.07929333450422939,0.0016201902840291985,0.005200684758850824,0.012030087667685947,0.06728952467109096,0.018945049689023084,0.04294471702038479,0.06410265512034113,0.005405772007315732,0.00816662380909155,0.006530216281263113,0.006306256212862026,0.014708239985880044
synth_F_50_052,Female_under60_srdc_poc,0.07483342634220107,0.04011305603207821,0.007394916886407282,0.029370180777312495,0.003454080989113281,0.008931426027026542,0.03954970026337335,0.020930444159797296,0.010961899581699113,0.01960495880231422,0.05603341206696653,0.005529546095096042,0.030835291502968803,0.0207091051776425,0.1088391650956897,0.039523908152220774,0.06311601149964667,0.034166698316517224,0.016666984655744285,0.010666551525940097,0.004045074151345396,0.024726306484392516,0.016578682218123416
synth_F_50_053,Female_under60_srdc_poc,0.07684450520897007,0.034426950324514774,0.004856790164408867,0.028981391839354626,0.004411329074430853,0.010219194905702814,0.05201915650744889,0.0032052599799216592,0.004478498694883156,0.004136024567953685,0.011017108936566777,0.0036028074555895244,0.007692975831072868,0.009990370531837291,0.0316476042635652,0.022381494450898935,0.040103575116609225,0.029853822156569162,0.006904906117980029,0.0028996468129566496,0.002556326471741641,0.009629692300727062,0.006005079889602459
synth_F_50_054,Female_under60_srdc_poc,0.12650332123180566,0.07177549325122103,0.024680049176279917,0.02683898669854839,0.00740344294129189,0.031902742983542016,0.09652925392081481,0.020476341734766763,0.022843746233039926,0.09246609776505947,0.06463738064406488,0.20809868281018537,0.008289079930624917,0.14821220641675395,0.2562148725047195,0.03427720410221224,0.19703075492148098,0.031468265088255336,0.010155661583754787,0.010949154897086777,0.009820073636607765,0.02956617804888887,0.007765580689560624
synth_F_50_055,Female_under60_srdc_poc,0.06526477626706735,0.02955374931477062,0.003534999142975142,0.03463290570005622,0.0031954682838882956,0.006444631579202163,0.07185362901325812,0.0032114152470674104,0.0029314947492659277,0.011608270939600058,0.018669663150830757,0.002452625174965008,0.010052034480130752,0.01117541346560147,0.05489830472322363,0.006092422062047155,0.021099865837305224,0.009528867404194709,0.0061969177912432494,0.00898178666075645,0.0039054736708521763,0.011556316448235095,0.005993624358304272
synth_F_50_056,Female_under60_srdc_poc,0.11108783387338739,0.046842940103243094,0.009577683319155353,0.024184846610046135,0.0035635235101470195,0.00974890856533278,0.052843079587503936,0.00330749211950458,0.009777568892166104,0.016056139655610153,0.0237196663425402,0.008254554310139583,0.002484773519688008,0.01627237347343491,0.04978893355511849,0.012153812514250552,0.053955575859378,0.019034605845619085,0.004881137356557703,0.005538611899786095,0.0023548525789657904,0.010392771220332317,0.007094316617699798
synth_F_50_057,Female_under60_srdc_poc,0.059665601855481684,0.033008300882175955,0.006427353746581068,0.0230211325333887,0.004958696917724638,0.006914729603344855,0.09017092928479438,0.014873195042557831,0.005197350836884195,0.023866265403085937,0.02156331018623639,0.1260972619180751,0.03922571775072652,0.04299280403311759,0.10071248010712514,0.01895821602851114,0.041817181814986996,0.02244640507603635,0.006773232362243761,0.006734946511381468,0.008319662171973875,0.013929938189326209,0.009333687801519767
synth_F_50_058,Female_under60_srdc_poc,0.13176784894333982,0.04683583643601953,0.03378050979325391,0.035540526521625176,0.007838697247630106,0.015173746676252611,0.08983934351784972,0.03928939387782453,0.007754490221287362,0.03587280410649799,0.03907892211717275,0.07918923201047047,0.011312630984878903,0.09854985887318113,0.16172493695896706,0.03486000814156865,0.14383113519873325,0.019727301054835486,0.006811635875418402,0.007662288281881533,0.009663887451862868,0.023028571654995545,0.014544922358105762
synth_F_50_059,Female_under60_srdc_poc,0.09676283590655235,0.043872952128252055,0.019081312272606617,0.03665717935697126,0.00847596860090371,0.04748928266243369,0.11790165314180522,0.005048533931658006,0.001696411898139444,0.025891643603629014,0.03291570225531393,0.011368446531511537,0.004735489422028707,0.05700786535150574,0.08922661140676046,0.01110786246507749,0.0559484323728303,0.046501363243184636,0.00590598194160905,0.004429378246332006,0.004118578868252453,0.018291776559116544,0.005959751614013487
synth_F_50_060,Female_under60_srdc_poc,0.06410165058607216,0.12998289338425903,0.023462316342657313,0.038510824258042635,0.007441800961219132,0.04200716992544891,0.14722271330776807,0.007752960279484972,0.0017026081041428608,0.013757413377423752,0.011540010504110037,0.0025400322532659497,0.0034444728529992117,0.013830105709477415,0.08833440185684614,0.011026599306047017,0.11086624921150284,0.03387912823125594,0.007116223677452925,0.006541373031955182,0.0030948715771687463,0.011313958916146007,0.00617538458544219
synth_F_50_061,Female_under60_srdc_poc,0.15470583461899104,0.033023189889155515,0.020423438028283294,0.02997923378503696,0.005386912395653662,0.003465994228111465,0.08164917279573689,0.0030475909914299388,0.010408001396806395,0.026431059767290026,0.03434228520858933,0.02169039603661663,0.004512902894517917,0.033541959400207745,0.11208101782146236,0.024074183931897992,0.18122392912222832,0.036161936800519004,0.0046944889272830925,0.007646516847937676,0.01040914772255308,0.01637081164444472,0.006118439711569695
synth_F_50_062,Female_under60_srdc_poc,0.13804048999542412,0.08216811613602973,0.04594478769894631,0.05985710138573909,0.008246103642904396,0.017861001882492962,0.10866942279858195,0.012051875438183505,0.008197053690443587,0.04831656519766473,0.06718847983150429,0.004967907233840286,0.15316487774818324,0.14767264761061027,0.21386512234255473,0.06243749439149405,0.20666259085588795,0.07321669478964003,0.024303977258845595,0.01470169033965322,0.004813948958671201,0.05436765588162831,0.0064321192937773055
synth_F_50_063,Female_under60_srdc_poc,0.09529106096815436,0.08038262117328757,0.06590478374241943,0.048122686300006795,0.010260639127968086,0.027402200743430867,0.08680760977885119,0.030514433298554966,0.006403348595819165,0.013625614296598353,0.031345472867240175,0.015519706202446843,0.0354113647807673,0.11346777007201944,0.1290893018145063,0.02226667461934298,0.07500457899881564,0.03497355534759259,0.004256871785848446,0.016680842155714377,0.006818966472557377,0.016522903134609326,0.010042220682382719
synth_F_50_064,Female_under60_srdc_poc,0.0991136986168882,0.028698671565917037,0.005708968513605719,0.027488654374391654,0.0056918514280198795,0.006928398033553505,0.04783156520125691,0.010250967825147101,0.026882240424233397,0.014211096800582386,0.01872328900227826,0.008404948010591624,0.0106078861793824,0.06625473451008766,0.06790317469522884,0.01900420135587964,0.04266527773006004,0.021016873223818743,0.0037426999020389877,0.005879435410140572,0.007134874806295572,0.012811030304452449,0.005951598469560631
synth_F_50_065,Female_under60_srdc_poc,0.05606395543180915,0.036717150891634014,0.11753496519521335,0.03011522141906198,0.005243529541977137,0.0123437823973478,0.08091015722830476,0.019884494595786773,0.024525838813278397,0.04347366684919991,0.03734131749614373,0.04634738116886124,0.08147515562699902,0.07298649795199026,0.24132270900790048,0.025393502241687564,0.06187104400300936,0.02031136643573629,0.014405937437997972,0.0167486374167889,0.011674138272353704,0.021186654550651017,0.009086462802042746
synth_F_50_066,Female_under60_srdc_poc,0.07245714666189168,0.01925480544692928,0.004082296251010125,0.026423491281209528,0.005240909476703636,0.005156092432681071,0.11646169720660217,0.006013844031418493,0.0063817625008969195,0.011032086154726273,0.03934594118970345,0.011390158654189395,0.003074807643267567,0.019408226230841562,0.09269542135489266,0.024936897288481315,0.06969248847518751,0.02282827964932416,0.004603895423886864,0.006309647419160085,0.00729401126968919,0.007508128637218444,0.0030686590900516654
synth_F_50_067,Female_under60_srdc_poc,0.09182026124556954,0.046895576055026124,0.08637974226454964,0.04228249911402199,0.006868449929261835,0.03177170011692761,0.09226740581541014,0.010182342233506805,0.009321292882066044,0.03947424576403571,0.024188628512047693,0.006372209145766705,0.05022461297678659,0.1807623437829009,0.10189871095269905,0.02169983444699379,0.0522068923031741,0.05032692701478257,0.014702023809800128,0.023177515142000827,0.0068342228591187805,0.039484319749961236,0.002551449292636832
synth_F_50_068,Female_under60_srdc_poc,0.12300417617640053,0.028931255913758756,0.02251707154144888,0.02978879000774543,0.005925163067039224,0.004299963573703982,0.06459558066439006,0.004168256899601993,0.0064449231187044915,0.032170265464023164,0.036038159643399195,0.005147898629273003,0.019745594169680383,0.07385414953087786,0.08019853919515871,0.021020474198709452,0.09199057559371403,0.019536231258670024,0.004764296458192808,0.015898665684470605,0.007063184072518564,0.016527401123874186,0.0020002881968666066
synth_F_50_069,Female_under60_srdc_poc,0.1539321456868505,0.06157015451942699,0.066456429184558,0.03328357578836103,0.00786646238835481,0.0688334025429646,0.11222054517820558,0.016687962600818045,0.034849602253173524,0.04726743625466633,0.06135424410643379,0.1079280174834156,0.004354292812528777,0.05460878319918516,0.13793772892053396,0.015513547704643178,0.16992779195264396,0.02761962799585074,0.006897493363917595,0.008104437797711328,0.007279746102581472,0.022529349737361926,0.088032940176704
synth_F_50_070,Female_under60_srdc_poc,0.17297240446784412,0.07309845967545259,0.026686422802008777,0.038401852400563784,0.010323263419751417,0.02169561515359512,0.06774981599862087,0.14448563472304776,0.021693225031837626,0.034305795019386236,0.05869496276819721,0.011213051691917794,0.01344211078094533,0.04356292245533951,0.14923652554222472,0.036169610001612826,0.09455353153680851,0.034750608069679015,0.015505029426522208,0.010752172944300689,0.006133015496614204,0.028799120115935984,0.01838525227827916
synth_F_50_071,Female_under60_srdc_poc,0.11937054976333944,0.06274539931902258,0.013890893134678861,0.03392141134332815,0.006306359999391699,0.013781856784069733,0.1325749615869029,0.003291375594873693,0.017049077733203577,0.01705233953341721,0.04880608150951647,0.0053182840003818815,0.002776657613210721,0.030892591429762365,0.09310896807418548,0.01913988931452434,0.18956182984881792,0.016173628488616205,0.0035121825108612907,0.005569427720718536,0.004587376278443829,0.016818126648366672,0.006713521775844822
synth_F_50_072,Female_under60_srdc_poc,0.0878633820878397,0.045741816550056366,0.025695797920681968,0.03179903814908817,0.007472697997269912,0.01930804234324836,0.13963948353464706,0.003119739007250639,0.008306750739224324,0.015161942715097318,0.03451384380093674,0.0076083409910943835,0.01641291639656499,0.025685500278974156,0.17441098928815535,0.013552867916995039,0.08049452769607202,0.05007912380180388,0.008296531607608881,0.009145814727369727,0.003748103834100488,0.010966294645973188,0.010116663384406789
synth_F_50_073,Female_under60_srdc_poc,0.09010542194111422,0.029931666829763677,0.07093524116569708,0.027916815762678182,0.011580781256468373,0.01497540114510315,0.058099380943140724,0.14997556884089272,0.005405123634568993,0.07867947623703737,0.05113394941010304,0.031217515021182824,0.07028047186326909,0.13590979128005537,0.12652385426627094,0.06685337513945473,0.06516369843072205,0.08146162225798857,0.011847540161696233,0.007137574532286726,0.015840136716594448,0.036790189056343174,0.008784207326000352
synth_F_50_074,Female_under60_srdc_poc,0.09334231310641765,0.05150465746388003,0.024383663596556984,0.026904414649365913,0.007139814051368182,0.01253021016736311,0.08401553230925243,0.0028108248854364463,0.005877419059485125,0.016082138831723145,0.04306439139890221,0.00827173983986917,0.020724665487946554,0.034711098551046475,0.10021487476739475,0.0235834026276898,0.12080225383175971,0.01609614964375865,0.00807234016842997,0.011361823462658035,0.006105655188420093,0.017185483187667005,0.005753242234331828
synth_F_50_075,Female_under60_srdc_poc,0.10767705841665068,0.028639367598419747,0.003993876174791832,0.026345363112082368,0.0035352917165882864,0.007093852762535055,0.06633918153901738,0.006088729884961458,0.003970357751056017,0.012165463950885838,0.020534925095318603,0.009792447270386022,0.008105922690527047,0.01774247691339441,0.09581570563272217,0.024608500967756915,0.06798218067931526,0.019433098442447966,0.005558592807659649,0.00924457572481203,0.005150743658800087,0.009656667221036844,0.0038534999421207254
synth_F_50_076,Female_under60_srdc_poc,0.13796109806122125,0.058679767563466705,0.06200536001970394,0.04530029269971483,0.009026585021488214,0.015074058511352118,0.11007918530639436,0.019666875907098386,0.13484446333879863,0.08665940927010499,0.11931898599925594,0.25558608363295443,0.0278354103290035,0.16310687820708514,0.46196936495080626,0.052516230770886435,0.150528488657249,0.031722039326932475,0.008839359710826507,0.023367463754682717,0.14264323057087058,0.016188594122497794,0.01516522581470049
synth_F_50_077,Female_under60_srdc_poc,0.09556279693480055,0.04275678813029522,0.023477487928739764,0.05335294638234211,0.010167797867645552,0.017509472788541362,0.2409074211652171,0.011901981416272162,0.009456692616994848,0.007558632723182232,0.05657614305748846,0.0024749830036339495,0.005105953979074292,0.058440918878117726,0.07703528474155863,0.011549094186365747,0.16916560742297257,0.03516012333748356,0.003600009991157294,0.0032092827880015927,0.007641407227253958,0.010256450083959702,0.02371126520883047
synth_F_50_078,Female_under60_srdc_poc,0.08523666687076063,0.031998059509597554,0.01563494103425854,0.06258954549480479,0.005261402732935326,0.005540256758535223,0.04705994736861778,0.004081782887045249,0.00578044386598255,0.0132739130694831,0.087340999405745,0.003576579078113639,0.005354071173764172,0.05043985510777646,0.07870267182163496,0.015394681681747915,0.03602259325960302,0.040466148443155034,0.007946127623946437,0.009131574818957357,0.0050685797963018735,0.01116415225628744,0.006806105321381864
synth_F_50_079,Female_under60_srdc_poc,0.11888096796588335,0.06658232706609224,0.06240515723547809,0.029991295846178292,0.007377564230079593,0.016691362851881674,0.06913488172549552,0.03403198606055951,0.016756297997272285,0.057196008836127035,0.09040318398753563,0.025700480210750352,0.09996479724513006,0.11810831089013943,0.2700607556075512,0.05520327146473903,0.13629899248371408,0.03701837491329617,0.013228520279505501,0.010982901316526354,0.02022436192941949,0.022578764057201352,0.009390130333759857
synth_F_50_080,Female_under60_srdc_poc,0.09489020379468033,0.02542752754475136,0.0032036953987684704,0.026174261066175743,0.0047262576327458845,0.005911149484477218,0.046737411695538564,0.00693937132772626,0.022488057556413605,0.02468763272063066,0.04084564975293491,0.06996497718652035,0.01636692119430782,0.09818553114075253,0.11268955519934544,0.03818010780259083,0.0614480171602845,0.01786223778272977,0.00594400701217097,0.0071504209055077315,0.010358991290333035,0.010393498188106844,0.004372975562666805
synth_F_50_081,Female_under60_srdc_poc,0.10886411733602386,0.058465895914810946,0.025169037053145157,0.032795721256619,0.008755619574424974,0.019225498998879886,0.10039023172735292,0.0033395214948266005,0.019137877878326864,0.0374548655003052,0.047190536094027506,0.011041001315109843,0.035059755594710036,0.0870388110241644,0.17670523714678596,0.018062415678305112,0.15026637214966126,0.07874181675039696,0.007947000235410942,0.012140463076361267,0.00768461968207424,0.021736387745753455,0.007280535677149679
synth_F_50_082,Female_under60_srdc_poc,0.07429792956532479,0.026795065867821394,0.007759051819147573,0.028765365760896774,0.004694025109374763,0.003656971703112134,0.18030284099303898,0.0033320725739408555,0.0025941300073717664,0.01042296333329901,0.010390978787501642,0.0028457962498272117,0.004250627926880504,0.01293197612406928,0.04265990984012679,0.01374717990568607,0.04395292570631181,0.024250453489675746,0.003918101585849655,0.006380438176795228,0.0030814127418619074,0.008468562081185982,0.0040648866799056485
synth_F_50_083,Female_under60_srdc_poc,0.166818950622825,0.13078964802497195,0.010566027881698678,0.025338104406293804,0.0034945081529257436,0.006743043486255724,0.03490804741960014,0.02118308292602757,0.041696157579079254,0.08427320096315577,0.055370098098250824,0.6901600076197794,0.020242810783277568,0.13995689732897584,0.3324308160847159,0.03602577752506203,0.10933795161412523,0.022692820074569058,0.006571728792386472,0.012582546646900616,0.033726073385050286,0.029698233705513267,0.004560524966578003
synth_F_50_084,Female_under60_srdc_poc,0.0378213358437701,0.037904145480906426,0.004073231644981168,0.028838039913856202,0.003647160405545179,0.004117104842645777,0.09628742991773755,0.0049929893042909065,0.0015735714545997209,0.006340622955204931,0.012645112651634182,0.0014325075255500822,0.0036404501563809017,0.02470463721489112,0.02791087965187696,0.009720447245492248,0.03130872814337488,0.02504711936307655,0.004730088849608169,0.0046679159406922835,0.002422585416303081,0.005648774535882153,0.0018353274126459232
synth_F_50_085,Female_under60_srdc_poc,0.049834212479506416,0.015026010756344507,0.007693590171809353,0.025711634519070502,0.00530795304376373,0.0046975984236730505,0.07408728970742731,0.005072319753905124,0.0029593281257621496,0.005915568067201507,0.007500168865824045,0.0018845346653295985,0.00968518154553354,0.02235065502985072,0.0482590416197044,0.019838681419919034,0.04240901537949886,0.02118629065388634,0.004292251283621621,0.005838119746860882,0.004795033176791784,0.007512845811503095,0.0014724330900531767
synth_F_50_086,Female_under60_srdc_poc,0.060524863987702314,0.03318720677555814,0.002823603030833511,0.027611212393160906,0.0026537552045746166,0.007075111916711739,0.053854308198029055,0.010248782848282985,0.003071238817863383,0.010585156945098092,0.02471399074983006,0.003023186903600042,0.010901369128055869,0.025183691035385324,0.03377041960832747,0.01597360560321536,0.055659649092279016,0.01720988022063157,0.005851313134534585,0.006384972119316236,0.006306341323189188,0.007055624080497213,0.0014167095162269687
synth_F_50_087,Female_under60_srdc_poc,0.12461422952790999,0.02794235695172102,0.025796399837344122,0.026259152284612015,0.003429380664297854,0.009124505209517129,0.02689781469589336,0.00871799330663392,0.026949726553139673,0.053567359878660493,0.09081269778889045,0.025698373454127614,0.019094210469060697,0.03661850966984066,0.14920739234918806,0.030974084055027305,0.17761990867994992,0.009008121745251776,0.006603949886015102,0.018682079509782026,0.02879780996394096,0.014095230557332035,0.00936032045856445
synth_F_50_088,Female_under60_srdc_poc,0.11177454881930297,0.040033126987503685,0.011706915985355858,0.027508295083563915,0.008377841877467323,0.01154025053274752,0.1727706211122527,0.006763468158358309,0.00419782140850497,0.02524868606089971,0.03268745019799055,0.06870900347220982,0.017568397549488243,0.045764391552494205,0.09096037580116732,0.011333013237837692,0.07815246733923414,0.017640810375563382,0.005894617165364287,0.0046057536044672364,0.0044669536353580805,0.010439552708399805,0.0037429288717575424
synth_F_50_089,Female_under60_srdc_poc,0.1256335282445584,0.037734024131962314,0.01066751086152742,0.04772406365068331,0.005130415885414845,0.004681792063400823,0.05411637525477808,0.0166046870662949,0.03861276141070001,0.022621380754332097,0.03850834675031762,0.017705220943911987,0.010640458273482034,0.05603186762853868,0.1659016769802435,0.0236620643657174,0.10057634031274745,0.008299245055451642,0.0037657043254338443,0.013107180095733683,0.01762707396696467,0.012121228466545049,0.005836123271742539
synth_F_50_090,Female_under60_srdc_poc,0.04626315226542239,0.1061198090357767,0.016140368015746365,0.05289749269736681,0.009153718111293806,0.018368227781782646,0.06744542444490806,0.01973998337210476,0.013208824814210145,0.01920087931802432,0.03270518295521233,0.016933258619549564,0.016871694395974128,0.09207356517568518,0.38544106408094986,0.03974060499219073,0.22521713112596672,0.17774087131297664,0.008436022838826142,0.014036079412711894,0.017360389026450027,0.020459260049596306,0.012178614134440935
synth_F_50_091,Female_under60_srdc_poc,0.0595346165623769,0.02267853714412107,0.0031370458163090752,0.027719958167409343,0.007282810475219674,0.004248607894598753,0.23310150947040653,0.01703594148412518,0.013364420738449236,0.01409513748888361,0.015545411110021789,0.010445305468727139,0.006660537106644523,0.03212210956503214,0.11641692199663378,0.02964603072153723,0.08474643936902428,0.0133839475489803,0.0036052384602995326,0.004799883163243431,0.007485245760128035,0.009323816782716536,0.003859917276821686
synth_F_50_092,Female_under60_srdc_poc,0.048798004245393316,0.06828062349970765,0.009826266345836913,0.049731660544132465,0.012073733848189914,0.0235385590450453,0.08071040417083708,0.0029695942663655714,0.0021853401363455967,0.017919601790437792,0.009252672950336462,0.0035020958190045905,0.003722756148235597,0.06589268068750964,0.07257605564329468,0.013239595408390181,0.07322346403100122,0.026713507919303353,0.00363165939240376,0.005064034699600852,0.003975233972772887,0.00837098073264873,0.0020440573674379726
synth_F_50_093,Female_under60_srdc_poc,0.18392104404714724,0.021396017626734938,0.009705965349967965,0.036170307144977785,0.00484028692933494,0.006905713474604023,0.14408746140685083,0.009678129361929785,0.0046693589268935335,0.023170758067254563,0.030162868268933066,0.038634295127882044,0.004777412837358178,0.04842127212949377,0.08250950980879232,0.01849367426165669,0.09564777927920884,0.060444337866109886,0.005794347550738607,0.008578603662650144,0.0033410761536042215,0.014490099795367478,0.014288758182859391
synth_F_50_094,Female_under60_srdc_poc,0.08699522075348512,0.0519463057375582,0.0046916380209621016,0.024050811936533856,0.004611915013292003,0.004016021654282805,0.06827436117288017,0.0027261863068057664,0.004341702007006882,0.013790588021226407,0.03139422248010256,0.013264398857057111,0.0026766267985171292,0.02333256986065136,0.043012120801555476,0.012924089757930336,0.067289249029888,0.020845639181688535,0.005582955199657463,0.005149578821685454,0.01203334704630323,0.007590656416165913,0.0044826760098614065
synth_F_50_095,Female_under60_srdc_poc,0.103693661791334,0.029974592677490586,0.009150661466166688,0.022200462772544362,0.003255722887890562,0.004946738343029324,0.035275921224719634,0.0035580084089907576,0.004222516652001122,0.020156863609056507,0.07374413716894292,0.004517964058988956,0.004427897162004149,0.023182621517480975,0.10614492545213035,0.018907960876548245,0.05679052033510469,0.014609904215233343,0.008514691642716071,0.009954219543571854,0.010134461599144187,0.01469549902149344,0.006534401545122436
synth_F_50_096,Female_under60_srdc_poc,0.14541516096506088,0.036054600211564224,0.03907123385687205,0.03853403330720369,0.012473245950594897,0.021821497112108956,0.09614045690698035,0.013239201364262747,0.01821227144392161,0.031939769042344524,0.05653841988924954,0.03954034195142194,0.012487248869197826,0.09551726217295224,0.20381001016519273,0.013747632462525217,0.06594232837953336,0.049919036815808865,0.012052316896309838,0.0079679870649433,0.004824520901284775,0.019584217513387816,0.0031934318183069466
synth_F_50_097,Female_under60_srdc_poc,0.08664597549823486,0.11443959162796435,0.03384862242214343,0.02815839026927601,0.004733577025158626,0.04468143621038878,0.1269402593428129,0.002413048039502383,0.004306347342022945,0.007610732623949269,0.01667626058692527,0.0027283572246119096,0.011012462361012686,0.028910096452858088,0.06213810763531225,0.009450863713721613,0.0838237235831516,0.05417909358500193,0.008547780174156094,0.006668706209676716,0.0023405406101722854,0.007929156133961045,0.01865363961363043
synth_F_50_098,Female_under60_srdc_poc,0.15968735912494575,0.08668097408927097,0.03747192637006835,0.03747724339063671,0.010870133526561274,0.01987390594736379,0.10179750831741693,0.010942714841310139,0.029786087758346378,0.10034665391602882,0.037853357545037485,0.19087894595657842,0.004549941340998379,0.15426613616010132,0.2318080712080609,0.0236272136364318,0.08377194795112158,0.018365878295831615,0.01062172763354332,0.006978101096169419,0.006208116415916336,0.020658989229615423,0.0043031247718160965
synth_F_50_099,Female_under60_srdc_poc,0.07027162864589617,0.01992382283896024,0.00726333392203684,0.02710471958823364,0.0036950352151537613,0.0036711146170796236,0.05340791584696299,0.0036022749243416106,0.0022113721308489043,0.018758685534463224,0.021727362142277943,0.0046526188389878495,0.0029200790015449277,0.008538545815147952,0.061193759666893374,0.01990019411235893,0.04137179018832282,0.01750849668124708,0.005478593477057303,0.006010121354420082,0.004375576472997913,0.008399857619930657,0.0019632601322675716
synth_F_50_100,Female_under60_srdc_poc,0.06597097659407986,0.04404849727906461,0.017989106290361632,0.03430800076475239,0.008652567852677045,0.08933902039351711,0.21788143131496832,0.01306040220929506,0.0074897599691568974,0.011100792756081258,0.010950714780310209,0.003139297164948603,0.006002534711817223,0.03375551074786705,0.08120400438051771,0.015305857308954049,0.06939142626079473,0.029732032520900755,0.004521383322959274,0.006166672121267727,0.002990916915517269,0.01216821412359945,0.003390228574868323
synth_F_50_101,Female_under60_srdc_poc,0.12656817601915482,0.10990629035939445,0.08478104180214442,0.030024586654544886,0.00834935566831211,0.014151647401157591,0.07107862320773393,0.006889831441785888,0.026512718238160024,0.054318241831481706,0.05534103316798831,0.060923694643395206,0.05833619223199459,0.14998641878406274,0.12272573502762439,0.020178862990268543,0.11412645014900626,0.024481141507951353,0.02254776759421469,0.014449763502595551,0.009042023508879985,0.05313486481140657,0.035899372332570074
synth_F_50_102,Female_under60_srdc_poc,0.21764585661908548,0.09598563613570986,0.04808870647918968,0.043702942606870236,0.019919826762380514,0.022651501560202833,0.07163241968069456,0.03901718281197627,0.02715269013331814,0.061863327297919136,0.06377821493162962,0.05152063335049768,0.06596621141665006,0.20350144139267595,0.479693873392983,0.041057536966490636,0.21769347373393882,0.05056953431093828,0.012038683190981584,0.02390089337650443,0.051360137090906186,0.049915260102452085,0.004942947002608732
synth_F_50_103,Female_under60_srdc_poc,0.1563316676361407,0.04931550866254951,0.013159295143738198,0.02482027660138708,0.003913805240731979,0.006968636686209936,0.03529854237501768,0.015569442944858862,0.03032650454075494,0.044591847125260556,0.07146512422969345,0.01984669967730147,0.009837374293291222,0.057074898988857606,0.16639443180666444,0.0421401194274847,0.11285616187757368,0.02016301898215825,0.008707650793856873,0.012703212152309844,0.02806577465570421,0.018115021420053265,0.0027507487792646427
synth_F_50_104,Female_under60_srdc_poc,0.12801231820770478,0.04352517267493307,0.10518702015605469,0.04559058244328148,0.006746263670051407,0.03401277417370677,0.06024439300694891,0.017787350148992506,0.021416237555794207,0.026528883903476373,0.0689468397414696,0.016690380587036816,0.01830281377251671,0.04342055996993741,0.0958106948500702,0.02596094619020127,0.0814952137697003,0.02202001199174609,0.010239837895806264,0.008001332926731972,0.004682397812396386,0.02233279857707443,0.010972998029446247
synth_F_50_105,Female_under60_srdc_poc,0.1404993807467479,0.08393603842568995,0.07370699753919643,0.02628383150264689,0.005751722515030595,0.008345063786036486,0.10960231571558894,0.010358849572503237,0.03982812007648844,0.04400096174726776,0.08792539192088071,0.2190876050003985,0.03304914795403686,0.0354205547998683,0.20684727616127077,0.032892150677495,0.12366282855672117,0.01788811965167057,0.008146287033065702,0.016450681163851136,0.027520297770266253,0.019778147026940356,0.007962102852151376
synth_F_50_106,Female_under60_srdc_poc,0.14555735017841637,0.10109287986097804,0.04393456157294354,0.026922210569063118,0.008805495097718349,0.01822734841123802,0.09876437252461596,0.021272915367135447,0.0190950988609719,0.038967391313342356,0.013792412658994247,0.014366823484106173,0.006099641647199688,0.06370889767796924,0.1889332944717328,0.04167404102328359,0.08493318201420715,0.03861530379678934,0.01114948091488808,0.01953102892398693,0.007306914127974283,0.024696083518861402,0.011735891082942531
synth_F_50_107,Female_under60_srdc_poc,0.13695126738006094,0.020635945863846653,0.008351643087192457,0.02775886861451414,0.004319898444623871,0.005855402256369861,0.15041468753286924,0.005991188402424469,0.004419902991471637,0.044222975566273824,0.04080696253452392,0.002753071562515528,0.00813163507225805,0.07093947206762873,0.06924307334548034,0.020288928785713492,0.08277365739965502,0.013891961022890403,0.006067570755020994,0.007302000728903966,0.005997398415015302,0.007464612889516087,0.0038033165099059583
synth_F_50_108,Female_under60_srdc_poc,0.2138438364953933,0.15873101907334541,0.0631237782668544,0.03578455709501974,0.009186753692173175,0.03362557035621137,0.08257532768773301,0.01899745262778652,0.030658713301310384,0.14723077075075228,0.08911349346638137,0.044384890092473206,0.06294966481115453,0.17664309026475772,0.25113229958177385,0.044789873406794786,0.11078934795247777,0.034347844285392504,0.01948005718219496,0.01028631046650942,0.03456433123193252,0.020544245085559357,0.0074645969015967074
synth_F_50_109,Female_under60_srdc_poc,0.11210354689150398,0.040428859277353735,0.0027516124485850333,0.025139834994740973,0.0035126291478383173,0.0036938288953748386,0.0431210525604486,0.0018909687907499445,0.00756896845884406,0.007207606043577862,0.022724688124859057,0.003539784086995876,0.007563554094123844,0.02735927716074161,0.04445208454741485,0.009051636557663324,0.03648979418034268,0.02327587824480722,0.004658523239460319,0.006741342129580967,0.005672236835587838,0.008109742576641293,0.007123776442170636
synth_F_50_110,Female_under60_srdc_poc,0.07697103715635858,0.03284819549560943,0.015008381718517616,0.028197103886465756,0.003997847349035663,0.006464995692988122,0.0542591565171344,0.013717551797815915,0.005655907695317885,0.015396543153250982,0.02198734899487515,0.005238977354528329,0.02210641694891318,0.01219602430103844,0.03691522335519252,0.013420695752537981,0.043820539195737473,0.015367873456943348,0.004450043357864019,0.004868721396533398,0.003349313029358696,0.008357092603777998,0.00635789338873062
synth_F_50_111,Female_under60_srdc_poc,0.10166097591775482,0.054834861843642536,0.0178377841444634,0.036094511329867046,0.011633851998060649,0.01723914960992904,0.08536603093418568,0.006381213059974837,0.009884252042176734,0.034459723730762636,0.05135481370444201,0.015380085982072769,0.006130734077556472,0.11697744657726108,0.16153044183508206,0.022409558165512905,0.11455172790255257,0.025542876263642163,0.006872066975293666,0.012502364670408132,0.007752898868174603,0.018634052077525762,0.007826427894496555
synth_F_50_112,Female_under60_srdc_poc,0.08877872628527363,0.013631522851894867,0.003231854208556678,0.026089323582167083,0.003725669664400306,0.008247510494658827,0.06501320155678152,0.006947757410143199,0.0018566241429989216,0.008496779979367658,0.0320381146632117,0.001548464662467168,0.008438440152682865,0.018157940181449655,0.04108279453288928,0.01293157472959806,0.061266378151454574,0.025518865173818347,0.0052427846842286515,0.005753727701283422,0.0021373366846637485,0.006539055554392505,0.008689731077704188
synth_F_50_113,Female_under60_srdc_poc,0.13398241157615423,0.053382568149209636,0.02487222905035586,0.034025932673174615,0.011096481845492457,0.026826409846125117,0.13291562664855136,0.013648587057173863,0.007550498390920461,0.015107305284014038,0.030073820467556578,0.014781801674736915,0.005191172951701915,0.0633648834807786,0.19830596870543113,0.024269974157329715,0.1473485247392386,0.03192908036377163,0.004293137759157684,0.006850052399598015,0.006484696017215558,0.010075473785099036,0.00973631252828441
synth_F_50_114,Female_under60_srdc_poc,0.10191448307567473,0.060327886936972705,0.023322623393629574,0.027147982324458572,0.008610650739474653,0.031028969451426736,0.12987695813703612,0.002758640003246759,0.0017535891265910465,0.017498626786898373,0.040034963067895536,0.0048362834988753736,0.009212413714090949,0.044558503183917596,0.07169028873730195,0.013663068171392566,0.07025324654523968,0.044951919126747564,0.006107526257568401,0.005150181720227132,0.0022557453985785143,0.011768172085396638,0.011337173705861374
synth_F_50_115,Female_under60_srdc_poc,0.16485733793359433,0.07241792866117375,0.021921674780690577,0.04316613816557611,0.008210192275083461,0.011533860090007005,0.09769412554816445,0.02289999081169028,0.03539702138221452,0.09756244980858679,0.08565079232059823,0.19217502605872946,0.008435168395906398,0.13456464350516628,0.25696152738591765,0.02983160276166186,0.1445654119043666,0.027150540238435363,0.015364286005290405,0.013318487907495008,0.012580824432060904,0.03896588401900452,0.01757366915886357
synth_F_50_116,Female_under60_srdc_poc,0.21717697373176154,0.06434914765448553,0.1984685959583327,0.03870639912334451,0.008280187572543736,0.06524789860394367,0.11931385400917698,0.017661963379336565,0.03429781451867882,0.03205591467340805,0.045755202812704114,0.132813797535666,0.03009415537940087,0.06365376134889182,0.1981531146470926,0.021341196346302046,0.08052748845593839,0.017440816693379248,0.009763138443951606,0.008555608378979606,0.007943087810725308,0.023897693233285687,0.034016657390314474
synth_F_50_117,Female_under60_srdc_poc,0.13418179104910588,0.03739790338305831,0.028075843395296333,0.026393399076187037,0.00965167867459525,0.011256788687198318,0.14102485532824147,0.010069234085340913,0.013604059088635243,0.026479744101084533,0.04021931615144676,0.030342594427865417,0.004164289914624774,0.11000096725565653,0.08368580747638123,0.018008728082824842,0.05567621967630674,0.03356620132852499,0.005390426295348868,0.015608289733356727,0.006105750348255275,0.02384649760200539,0.018204965335557488
synth_F_50_118,Female_under60_srdc_poc,0.17681928193313895,0.03726076500343022,0.03793984448237845,0.030522717713260608,0.00589680807488052,0.01461030155820708,0.07109119236150874,0.01283037832501094,0.013412463478616608,0.022371526571695267,0.07326453257255265,0.019907500718180173,0.008227688203018255,0.12474400255285024,0.06507836642065647,0.020826763076162293,0.08957511222647255,0.026619393302136706,0.004492532205519631,0.006835177400109841,0.010290695396465547,0.01732260112454482,0.006479828114651113
synth_F_50_119,Female_under60_srdc_poc,0.13100971586971116,0.08321419169037589,0.07943484149589985,0.02820577169500002,0.010670565963910719,0.010418958245027025,0.0630846691813358,0.03409742944316925,0.060695396163637505,0.11505234336005175,0.0451870575543469,0.33318260598769844,0.060884695565484884,0.2001344343047531,0.4213505765877514,0.03252927461056493,0.2289839032885085,0.055661704027851616,0.028677954280062642,0.02389213373501577,0.03800587223252235,0.035695904393473324,0.008262843501768013
synth_F_50_120,Female_under60_srdc_poc,0.19343811060169575,0.03772857033566835,0.012276952327563923,0.03161435919215131,0.0038239541666042274,0.004108115332011094,0.05353067006224494,0.0027545986834810357,0.018777548039876017,0.00885369703864588,0.0706023113507263,0.008079797232232015,0.01904818487590076,0.03437621754562148,0.10959014216805643,0.021516351747557352,0.053348674928036945,0.03540400729776676,0.0037459548842081677,0.005287579324734385,0.005638598146690001,0.009770109515681202,0.01364540620859184
synth_F_50_121,Female_under60_srdc_poc,0.13860484041832033,0.019434349601368434,0.06329421735969108,0.031184609029684063,0.011265379162618131,0.013169169324780083,0.11652129625400151,0.018236585911552108,0.01348366371230191,0.012979292297318855,0.04087728374866163,0.026063227287279573,0.013973185375037568,0.09980758101160718,0.12104268011683894,0.033876035719982454,0.21453396610962636,0.009326303657076115,0.0051179995471249545,0.0072464658159489105,0.01802196334973127,0.013239863361085428,0.017853927345954857
synth_F_50_122,Female_under60_srdc_poc,0.15477319317731725,0.02572823793441794,0.007115127872783518,0.030456193820564432,0.004373525435838111,0.0034623832886502438,0.04080609735956802,0.005699448004092556,0.004253007006263488,0.006976322526016772,0.039528888803345215,0.005844766731784621,0.007581017163215732,0.024240407663733057,0.058460665100256236,0.016155030302782952,0.04307633431953599,0.03193978770318148,0.00498742153469401,0.009092135046579195,0.0052571773667563475,0.009146188700904917,0.004834252290106323
synth_F_50_123,Female_under60_srdc_poc,0.11096725112886797,0.035500708235833435,0.010999900728539314,0.030589015398335164,0.006481213201981186,0.007016200767016436,0.07995039833291226,0.04758370973689221,0.09276330265644718,0.05245706747751897,0.03180644454302997,0.17382372036349814,0.07804062692558016,0.220806811761944,0.37935168240320066,0.047967469954261675,0.08523894661488568,0.01768915406333984,0.010047692091472406,0.022416662595095116,0.09851915771799945,0.022702775059759626,0.010580637873715134
synth_F_50_124,Female_under60_srdc_poc,0.18629132533906945,0.05128379113061302,0.07923212207277612,0.042037123862492955,0.011472670478527193,0.019767218682466073,0.09383142592203873,0.005095633472219025,0.01655809265522668,0.02405941148419945,0.06751842777170164,0.01690866040088629,0.01762328919530828,0.2058509878917626,0.14804133863911606,0.020962318636542288,0.14020816100227962,0.051695946842992134,0.005360906361070321,0.011984173620819931,0.01323429470787123,0.02229182635693753,0.02015383129006124
synth_F_50_125,Female_under60_srdc_poc,0.14207159381492127,0.10861079740009565,0.03674979534116533,0.0501381302102733,0.007138300890304908,0.025281649295624757,0.16268138696350287,0.015342657303560455,0.018272963902813168,0.036697822234941675,0.06851340691405702,0.012644935116859456,0.007083600960060879,0.037159785650947484,0.1483433542908841,0.031059262174607204,0.20976287216503892,0.025740849604836892,0.005976637966194136,0.007311944753702723,0.011884004659712356,0.014375196641730188,0.006809646033264648
synth_F_50_126,Female_under60_srdc_poc,0.11808066288624516,0.0517678007803816,0.008657807678910097,0.03334229288356846,0.004891109546401792,0.0032975005613263652,0.0827309262627818,0.007592237461026341,0.008589136152994723,0.010653709324656795,0.018793882377887854,0.008444839846064943,0.0045158713235407535,0.01957994088053814,0.05837557904968785,0.009072582607152989,0.05858400130142286,0.00993748329713704,0.0028094285791189833,0.008349290477158036,0.004574755382870456,0.015707130388264958,0.006311657026154291
synth_F_50_127,Female_under60_srdc_poc,0.17195277680549284,0.10039281428647895,0.017651923898209063,0.031903012304298387,0.01313086080402094,0.017680922174306484,0.11522164348588064,0.005046526418520517,0.01409564137915883,0.045769774822878195,0.03920695894708363,0.1914667233613805,0.024269898694456206,0.21774981079871653,0.3385187631484857,0.03754090740177572,0.13439979204220312,0.0704565543760292,0.007188465866075699,0.010166883635083258,0.023620986496731985,0.012681660916480944,0.006920175259134383
synth_F_50_128,Female_under60_srdc_poc,0.2696301332909774,0.03971914139934242,0.021253894984638578,0.028758263556303114,0.007770312799105972,0.014388352130335595,0.1454739649051255,0.00828419172209944,0.007047852169047596,0.01624414303414283,0.02299298216325618,0.004673435517614574,0.011855529198527533,0.02807793103305042,0.04894925560989714,0.017507354290246507,0.06933157934750604,0.03862964056416904,0.0061314666415540125,0.005445260897528871,0.003532722285777285,0.014692765043953034,0.024233951971432816
synth_F_50_129,Female_under60_srdc_poc,0.17820107649641018,0.04480819640962291,0.013833989166016396,0.03191760281622449,0.006448059234125652,0.004979577241100451,0.0774206370587584,0.0061057402853243944,0.013274280538089081,0.025844959453064004,0.05252964223754888,0.0212226471925131,0.006028861371925385,0.03842054786928543,0.13975106804823503,0.0239465162136447,0.08388118828482728,0.0341567392842391,0.006874644339072225,0.013490515777711464,0.021720583920288392,0.020339726264516616,0.010613113774557857
synth_F_50_130,Female_under60_srdc_poc,0.09798200823719466,0.09821746549055939,0.133088628384948,0.041335831041365206,0.008890629138653594,0.04276346447103569,0.11070122032844099,0.026777428564755398,0.01606142023956292,0.04248444446501213,0.02529753809064646,0.007337161164488856,0.04670463681561872,0.1312648825713901,0.13841049229687297,0.028594796655556223,0.1543186411205712,0.05201399759118669,0.011210925850611907,0.027654868429306943,0.006051254654970699,0.05456449707256453,0.005293525486276064
synth_F_50_131,Female_under60_srdc_poc,0.05906720118051212,0.05780250077318187,0.0185791428027184,0.04006489369225626,0.009427765787907232,0.016613681536133035,0.08513165870742367,0.012642450530974523,0.005885656893205936,0.01484322076062148,0.01573588787959723,0.008748765976828018,0.008673317819588331,0.0465256684989882,0.11564384307890331,0.013126550752619915,0.08352339873447687,0.02446601980281847,0.005261399640818226,0.005986328693479208,0.010678328245068189,0.022079973715807822,0.0014626789165694534
synth_F_50_132,Female_under60_srdc_poc,0.0514394693562814,0.07475759303857685,0.004566827294823457,0.028882287502911715,0.002860375426033656,0.009143885604271892,0.07059126004112207,0.0029355799957066567,0.001730997135267336,0.005674212051326329,0.020963212760022273,0.0013560769150657169,0.007107938412742435,0.016772170392866565,0.02748260196978402,0.00862354830897783,0.04628610558694506,0.01297597075457735,0.0066870857201283785,0.0024514637774895685,0.0032510775562797738,0.0072438428501026405,0.011571332043265827
synth_F_50_133,Female_under60_srdc_poc,0.22027237891711807,0.0653736431417102,0.022327880282271645,0.040103968848218055,0.008585570857153611,0.02693720953330009,0.10788787906942292,0.00522496023610065,0.0019091446459677482,0.009680438055367844,0.04593409070126183,0.004283358182688051,0.007904451012512666,0.025215743962773242,0.07345568970418873,0.012035383333087697,0.0950160709168197,0.05872196133325763,0.008315863758498897,0.011308721825508057,0.0035302683873792776,0.01647474349384402,0.007210164151694117
synth_F_50_134,Female_under60_srdc_poc,0.04235174922141021,0.0863879301424347,0.012756097902422076,0.030618944247609692,0.008999758019219779,0.015549008399494153,0.10503605999640774,0.004845801917843723,0.0064761074404230574,0.03620143233928699,0.014613124942266874,0.011779660132044473,0.0032083297413499474,0.08392036950748842,0.11543407047474057,0.0188354640125847,0.05351720895302698,0.10015716238955416,0.006736878698011126,0.017921545659928616,0.009812763796583001,0.012494113326327726,0.006358405699356717
synth_F_50_135,Female_under60_srdc_poc,0.07951078055567933,0.025834064323158722,0.005027164094847207,0.028370014893928125,0.004941406785771343,0.004663510122015884,0.07719085077641516,0.00439558829227928,0.004673456696119952,0.014173464850640326,0.03590050116767746,0.0037474560221303264,0.004975628676674923,0.024742106036390762,0.08013770508583933,0.02186966531013764,0.14407499237698942,0.026124966643314373,0.007086615152368197,0.005730697876304406,0.008637046892224125,0.011767168395260558,0.004978671402767318
synth_F_50_136,Female_under60_srdc_poc,0.15810092485502558,0.050971617602449025,0.03800460610348404,0.039581103501144986,0.0074047072523411315,0.02050580478897124,0.1382786764266444,0.018788212437627464,0.013874530087306184,0.050136405842987945,0.07807074073460744,0.05716652275628879,0.01385509397588162,0.04602507602097086,0.23151336748815277,0.020841009084263833,0.1605249902860628,0.0327592194774876,0.007979449438707506,0.006429972062914665,0.011365675889626692,0.0317894636660052,0.009435933614119105
synth_F_50_137,Female_under60_srdc_poc,0.09481053320677893,0.09122590785274506,0.14989213208400234,0.02852646715315342,0.004965871515409276,0.007719778999108229,0.061291085025580734,0.0035532251481634807,0.009630131334580933,0.061320826129022794,0.042968935577812055,0.015709340178169235,0.08599758669925463,0.04023705803167724,0.20715451111221325,0.025633769071750474,0.06176378799535116,0.05703000165258167,0.021225701841670202,0.017083056571211216,0.00935381109676927,0.015501539967803497,0.01237600905921276
synth_F_50_138,Female_under60_srdc_poc,0.1708097288292029,0.03688699101458659,0.08826796128565857,0.030729151389802933,0.005027487101889236,0.017880153105089978,0.08235565509099695,0.012105146548141965,0.014929750550711133,0.03925638617368976,0.08635448506284048,0.019721790969473085,0.055014178947039534,0.05314122249421092,0.10507855600732618,0.02565232539068177,0.12807487172523535,0.026038106341720785,0.010220456186148334,0.010329052991084754,0.0038714025104997388,0.02522609590151725,0.013502940481076161
synth_F_50_139,Female_under60_srdc_poc,0.18193027107350726,0.08532809093190102,0.013368393746825705,0.027181007517546055,0.0031331915052520117,0.009366712865435018,0.07936530196190489,0.007909124162754447,0.008083950610473081,0.010954536204538715,0.03420783576799499,0.010031271775246615,0.0029720654003886054,0.015214230531705356,0.0392036646022327,0.012362880960162678,0.025097713483928336,0.007357583126019278,0.0065784529878972235,0.007706987360394782,0.0031303637141190366,0.01113444119340098,0.007131869157324992
synth_F_50_140,Female_under60_srdc_poc,0.27800426233767694,0.11186667128025858,0.38495095379264327,0.031547211607883145,0.008292869349923508,0.209677222518914,0.07268365103577268,0.057691539091895366,0.04229432023637941,0.05604665920962408,0.060118602485827344,0.01960341567101399,0.09392657417953269,0.1469078324756229,0.30319653600399227,0.03653852733980595,0.12331151581708814,0.10437652664505405,0.012316691701779436,0.027537854630810408,0.004856499312667155,0.06596747682678164,0.05010084307058175
synth_F_50_141,Female_under60_srdc_poc,0.06865686745560126,0.028675830143107893,0.010637676317799374,0.03211842407756023,0.006332788353034971,0.011886840602659474,0.08607556791003006,0.005127462505589907,0.0033990230577681043,0.03215114835235508,0.014838566873611308,0.003435293243350763,0.0027822196559048134,0.03517827187419128,0.0864016166500806,0.022173460823731873,0.10826247171763097,0.035490387088988454,0.005811248100385584,0.012840336433714024,0.005504278675124744,0.012450749124209124,0.002577073602244516
synth_F_50_142,Female_under60_srdc_poc,0.04039850802349155,0.018343920046723663,0.0015834053317641701,0.02530988300637549,0.0026519666513786394,0.004345490201001705,0.06392140678428533,0.007304527380819118,0.005835146231354341,0.008479532344313034,0.008464067171927441,0.007159385468200426,0.00839486904796284,0.011880066540940539,0.04765974630797403,0.016107000869763768,0.03757328189979867,0.009113257172960134,0.0030322556629974735,0.0043479590652801825,0.0036943922546292056,0.006550919850819291,0.002760666103927942
synth_F_50_143,Female_under60_srdc_poc,0.2706508927250837,0.063450205555768,0.05206331754084622,0.028248608918637747,0.005920980504329027,0.007666373176589165,0.03627358970155645,0.008128690594376294,0.10309227087188044,0.06253268830268703,0.1023966021436068,0.33707436985704087,0.015520163983041829,0.256742799786181,0.2374923463326371,0.021342600225518274,0.15415991373455518,0.018618240437560035,0.011020679421047756,0.023881065799388285,0.012882916368805532,0.022400150526579014,0.020980928098010953
synth_F_50_144,Female_under60_srdc_poc,0.13341819402307398,0.08213043958824695,0.08045341800680364,0.033755938177051276,0.01063986887543599,0.012518299619962177,0.0747894628584625,0.041848316814327005,0.05526907897323128,0.06075397294166818,0.05806113758795025,0.16487712952589897,0.041911724313382595,0.16627242560031,0.27092421254060667,0.029213759219684932,0.11421593617212963,0.09020513731831444,0.008174738987452586,0.034707224646560224,0.01183540821956642,0.030611569681078463,0.016285772217277235
synth_F_50_145,Female_under60_srdc_poc,0.0654815971142589,0.041834467016321444,0.01584581354073406,0.0295905067531588,0.005838166053076674,0.004722561935260201,0.0730605276901041,0.0056168310417189235,0.007365112365693279,0.02585177384854555,0.03114410212527957,0.02381971794843255,0.003648516988197619,0.045337275849630175,0.11162895806950364,0.019250149502671492,0.08605513165215777,0.012333295668348615,0.00816067246593281,0.008666175338286342,0.012049190850771076,0.009571688674872998,0.003147941697928574
synth_F_50_146,Female_under60_srdc_poc,0.07213573726269545,0.1014178875540589,0.02771714249075686,0.024528083252128834,0.0036864409536660446,0.006202696091046233,0.05839216018396457,0.008437885869861656,0.06968037176368942,0.05172811875224965,0.02303285893951307,0.3057938184594175,0.01912618174006268,0.030957337003566274,0.11815817640652461,0.012441913811058362,0.06042013911113548,0.029147867829285346,0.006272894231960957,0.007091768488362187,0.010974864683715469,0.01961726364267908,0.007747728155937054
synth_F_50_147,Female_under60_srdc_poc,0.0638257897617825,0.19614035190475915,0.08667838240249454,0.032854601548751035,0.008199054124031335,0.03419343547801419,0.07064047811354626,0.011219964490029974,0.01827958816763496,0.04717972010404142,0.01709881037899474,0.06807655808223682,0.05413478705046313,0.05290586362427303,0.16104652072456258,0.0263941043989346,0.09992157261621977,0.032546241682689096,0.013260085825730041,0.010922459719994239,0.008198627037957647,0.032448192311752104,0.015323685380943532
synth_F_50_148,Female_under60_srdc_poc,0.1782782507343985,0.11965897334186075,0.09800593036251018,0.03673031700913799,0.007775325842007402,0.027977989825824712,0.07696301775901188,0.043275018038120186,0.026886646364460278,0.07689990597784453,0.09561780431792645,0.04875904947377718,0.0788094842961391,0.174944995894154,0.3896716988792179,0.05336911336011605,0.13546631292014927,0.03750151226858471,0.040853490029525145,0.031610182976661426,0.01987332175212708,0.03686454228082937,0.008665922478332795
synth_F_50_149,Female_under60_srdc_poc,0.11775006372844868,0.06662163522353472,0.005594955002941687,0.029773633621957864,0.0028516883307045274,0.00337904827877423,0.041282444384434326,0.009246769361422614,0.02873594466184492,0.011412021218230949,0.046551177082627224,0.01631464252428079,0.012167650080923537,0.021501502722905564,0.09292822342589906,0.015155395353265568,0.10987004677116578,0.007028498107683767,0.004127656432757784,0.0064948950312942524,0.010792252439006956,0.010375378455241932,0.006458053429773111
synth_F_50_150,Female_under60_srdc_poc,0.12634690486727693,0.08050522819535033,0.06292363530000278,0.03348066241761484,0.007016235478760098,0.0223723069709264,0.12410638443050404,0.005951808195848084,0.008429258665089086,0.03089817877443742,0.03501963515383187,0.0466277490941184,0.057502818081342756,0.06715937311017049,0.17828191356103237,0.022451004384044414,0.12559039785952156,0.03413252085495934,0.011979162170886846,0.009748031953400916,0.007004217564678885,0.024206054708540058,0.0033681433917385154
synth_F_50_151,Female_under60_srdc_poc,0.1905699737577059,0.07591725826912171,0.08609547066009825,0.04776233872354162,0.01165747836251679,0.04998322344390886,0.11155456017197557,0.009110843325772116,0.006740125404066503,0.01870331172656929,0.09951814726443302,0.016970953994663283,0.02891828094056431,0.03594143192721752,0.22548996812712938,0.022932930328981853,0.1391437796087592,0.05245387775652783,0.007084360576696199,0.00964449031127552,0.019910460365384384,0.032001309830637065,0.02399637314650955
synth_F_50_152,Female_under60_srdc_poc,0.04476916099893635,0.05483693861547859,0.00950712368755316,0.025644870143106794,0.0031002633051283915,0.004625686951721291,0.08125740337747202,0.0030578826478692258,0.0015759127171608247,0.00637915144345406,0.008237886180222111,0.002774048338935646,0.02245171080780131,0.009688356527139253,0.03614346660219009,0.005879785319945447,0.030143889332551285,0.02487446029160972,0.005349799373925239,0.0037626752437580845,0.002866629686455226,0.007981897386410926,0.0066046989959976845
synth_F_50_153,Female_under60_srdc_poc,0.15389792150995532,0.035340486671158806,0.005297763035088618,0.028793848121699883,0.0035969882935662323,0.0037740007135142113,0.04268292388096878,0.005188259837965344,0.0007793423577018538,0.00794596563163749,0.02968593617144093,0.0021293994421783184,0.011850511345863866,0.01770584611344468,0.03122324848590897,0.010147250208502002,0.02868155143253136,0.02245138825924126,0.004226369618292593,0.004761819249340392,0.003608624788661227,0.005529253590780762,0.013748660583011421
synth_F_50_154,Female_under60_srdc_poc,0.29805513215744045,0.08873158331061663,0.12475094619608407,0.04113058494986637,0.012230105573783668,0.06304735065793965,0.10523155174170386,0.029170206569082723,0.036111034126189746,0.12624262963362873,0.03259496055149472,0.017863707768595253,0.1632976008252517,0.12721759214621756,0.3002588194288088,0.031371360117512584,0.10951018543850459,0.09139240424586605,0.021190195808891216,0.05443129987926203,0.010412108757166548,0.06736190920079192,0.007594693038499264
synth_F_50_155,Female_under60_srdc_poc,0.15148926396398565,0.03727996648987751,0.03738067618619649,0.04338229139312247,0.004060538147103655,0.006704259332542106,0.03136684504824049,0.030570444495816817,0.029768518713586538,0.062113665293032486,0.05749877493901539,0.11452207781343596,0.04370845490216215,0.08385585857162205,0.16471873726122446,0.03782685739899357,0.21106834759467002,0.010603743510531755,0.008129435536514424,0.013066356828417591,0.020953636493275155,0.011682212455728726,0.005690648719629453
synth_F_50_156,Female_under60_srdc_poc,0.056099128813871524,0.04079134594635134,0.007360637553039773,0.026048059780654623,0.0034029346591432307,0.005610627960408865,0.04403486906587669,0.002560123229582857,0.006513344440340971,0.01653634391781648,0.01551918258833061,0.0051826355372209705,0.003268276870747989,0.01630555541510047,0.054206252259665126,0.015985018631330512,0.022392023468530958,0.024673079879887757,0.00542750993564902,0.006680750176344761,0.004556791232422176,0.007800835319690668,0.0071111110063213035
synth_F_50_157,Female_under60_srdc_poc,0.12642556367764946,0.04245998846432992,0.03155193229668783,0.02769666900750561,0.004409778274194269,0.010893694079699558,0.052014944086135016,0.0024864490986731187,0.007050594585014005,0.025513441645898697,0.05628335241212067,0.06844755495355839,0.026498816034507787,0.0280464668247931,0.14853077614597573,0.025181490993448994,0.06920675658524361,0.028359865050428347,0.006624636595090247,0.00787121277152756,0.006163961874401323,0.010084632614053584,0.0044609099556109505
synth_F_50_158,Female_under60_srdc_poc,0.1179908511288953,0.07176875881163695,0.06105395045347224,0.040877028657823826,0.007635378428907427,0.04937679658458201,0.09033575108993343,0.018874615170681917,0.03423701561890284,0.07626631626868881,0.0626793569650099,0.079232531617828,0.01414816041598235,0.14826202259383198,0.22374259192177215,0.029665621576027975,0.09543990030675796,0.12413202847180557,0.01443799583430941,0.018630186293698343,0.016841602294164024,0.040191363191553316,0.009918289334503722
synth_F_50_159,Female_under60_srdc_poc,0.04283693109255528,0.035556804943685204,0.027878834830197194,0.024373621181027552,0.0033379630432999676,0.009377901723089952,0.04353434151297568,0.01030802472346518,0.010119916616957018,0.017975417836706104,0.010417498106425088,0.002719627638349698,0.06259570908129918,0.027004311925664593,0.06154659015339613,0.032241063971303975,0.037915508745759594,0.020574008978350652,0.007250036853568139,0.011382755972897866,0.005333785042347555,0.009869267947513551,0.008422789358198181
synth_F_50_160,Female_under60_srdc_poc,0.19225916719832206,0.06676307423354026,0.1386702395709664,0.033707164880878916,0.008996394950355098,0.014888264851911756,0.09235257730123984,0.004527610034216175,0.030102156160521983,0.04274177007462125,0.025746092895926328,0.010735147707699831,0.09073091100681104,0.18608678518958865,0.3003006437710354,0.03157528284499443,0.12313993950330689,0.03455490074606091,0.018070366216247063,0.007071297641560437,0.014007526953344224,0.027828143191214773,0.005526001241782075
synth_F_50_161,Female_under60_srdc_poc,0.12759756176118411,0.0635964427294289,0.004292863841134865,0.024251836509882822,0.00304585391823239,0.008373423786781634,0.031533030819016025,0.013326805043290582,0.009873146619632189,0.019512689091301817,0.07504696978368845,0.0026062262520457906,0.009809553870061943,0.03885527633322211,0.1204097470238227,0.0266166954082018,0.11026403897551126,0.03361888747147063,0.016350756383879738,0.011443964986032758,0.004361258724358844,0.027893278562514216,0.013299543440092808
synth_F_50_162,Female_under60_srdc_poc,0.093625530050103,0.04591741203018394,0.024514493312026715,0.03134934783869878,0.0074083927170864915,0.017827404207383296,0.1334641380718574,0.021086938785084518,0.00981238843357977,0.030099849191052186,0.06605128189190049,0.03245783655471509,0.0170049068014158,0.01847372477402755,0.15926825133484565,0.027583547452968073,0.09569401499178536,0.01898450475274282,0.009251288592956836,0.01060043444886939,0.00910081925046583,0.015510957420088409,0.007746182127475473
synth_F_50_163,Female_under60_srdc_poc,0.1009344410809854,0.03559918255389369,0.0087471695064206,0.026172724844000923,0.010908330483333459,0.012479606217246808,0.062289867593518525,0.005681354822053451,0.010488090590876686,0.0198757290886767,0.06943621905968628,0.010161284324130451,0.0028089367456982277,0.11466427774420315,0.11832206731168143,0.030853103008931727,0.10220377680956531,0.03256932950508781,0.005662234617458041,0.007487506041919533,0.006825201614401339,0.013120197290267666,0.005671446248739862
synth_F_50_164,Female_under60_srdc_poc,0.2566914435952854,0.10347011081289857,0.055533688037426636,0.03941623304726918,0.007517232438972138,0.017935033865741856,0.09217687724382463,0.02145441598078997,0.03139228112953832,0.09744327966811919,0.07032158833513433,0.2872167480950966,0.03407348949832897,0.17866629078667104,0.25715733558990234,0.02411752351677522,0.12580383187128255,0.02953636487668333,0.009896508552843717,0.016752971897350137,0.010234166479504135,0.04004709423491623,0.008018786732017183
synth_F_50_165,Female_under60_srdc_poc,0.2048199776466853,0.15069488925328595,0.1594455038517416,0.039923432074687515,0.007307677776715468,0.07891734235665374,0.0693801398537046,0.04189449346275995,0.036355551879119125,0.18516251692008492,0.0652155157956043,0.4753826052854695,0.035747254445120974,0.1327541501099554,0.468890386269522,0.046854228945954104,0.351466420336183,0.03520181403671083,0.01786691373521399,0.06275380053696931,0.01942188425100254,0.028137372629508224,0.01916991888016093
synth_F_50_166,Female_under60_srdc_poc,0.07169916416309395,0.020934762226514973,0.005260810163452685,0.025195700579228555,0.009043194475473196,0.009099387911887663,0.1391499925835218,0.011011031242912523,0.0037337134449179367,0.013014400362087236,0.015952476953208485,0.004526236952675863,0.004853848948997218,0.056306831280086525,0.0494691055433696,0.014450519578659456,0.0702605494638192,0.051260276891582225,0.0034800326619989805,0.0037472666991039934,0.0041565055492874875,0.010786418670036907,0.004559926012840684
synth_F_50_167,Female_under60_srdc_poc,0.07593593047469122,0.029149462774079815,0.013084689843810613,0.02451360669840016,0.0042878100969479215,0.0046248697118429155,0.08056644545267172,0.01495030706314437,0.015310195009994886,0.01900145474455111,0.034702266405021234,0.026645712143208447,0.020575544465089093,0.03486371331464646,0.09208155100930912,0.02312433245869794,0.047037318078878426,0.013307473614529313,0.0037759392162575517,0.006088047298966388,0.017263188109792518,0.01772502461264276,0.00799385829276261
synth_F_50_168,Female_under60_srdc_poc,0.10515676606021039,0.07109937026171628,0.015610084660469713,0.03906546420794524,0.0075339501237402925,0.022660924268043475,0.19965394814080056,0.006065557354029257,0.015712554526227565,0.035044389890058175,0.03166062969147403,0.014597594422190262,0.00339760242047329,0.15818225913566822,0.12882553679074207,0.015299005145059138,0.1511591329950197,0.058254092596027124,0.0033623345441686527,0.006021027454863105,0.0055785460298845456,0.015170010408860362,0.006870081275070225
synth_F_50_169,Female_under60_srdc_poc,0.11212682145424488,0.06438830387250515,0.018098275991344358,0.03256956129509995,0.0041085713474740895,0.006616208549223613,0.06524265712880013,0.017582339922308274,0.034408326097010666,0.02101321395010875,0.05223000506729588,0.43922211161004376,0.00930621695392454,0.1036067338210821,0.22681304542614739,0.018034810693186312,0.07204153537707314,0.02993618329503278,0.007867196183583891,0.039105932833738415,0.011908180111414956,0.02389551866725268,0.007737710822273194
synth_F_50_170,Female_under60_srdc_poc,0.23768301775953418,0.047824955815024335,0.008535584630726217,0.0253309984271159,0.00412436639060929,0.010012537847043288,0.04190018484244178,0.008184132567876092,0.010478796778901959,0.03232687661072705,0.03990307865731884,0.030774358415331732,0.0037856598543986714,0.04398540856386597,0.08622355192214848,0.03316047242348398,0.06500418476983,0.016037045805640464,0.011062820156992581,0.007788947961955277,0.006132875670142778,0.010058694278444243,0.003753958906223008
synth_F_50_171,Female_under60_srdc_poc,0.10016249614604295,0.06388096467461427,0.012679801755023626,0.06489892283140077,0.010706028286490256,0.017884194164086025,0.10912085612544285,0.01551602270373699,0.002646685950903299,0.02937337989640671,0.027140839991919016,0.0037743571900161464,0.0038808761420153063,0.13210220073682752,0.10691046990245764,0.018103174755044596,0.08609769365379677,0.04736937715249442,0.0038615764072655536,0.006209359431604927,0.010174572656757037,0.017118337180096366,0.005007080633167506
synth_F_50_172,Female_under60_srdc_poc,0.0938332656825263,0.019893408747049788,0.011395186308546017,0.02452897454812782,0.004448601324868681,0.0038962127379788,0.0502968336012977,0.010891492954722791,0.0052349444634022455,0.013423354704808927,0.03489392657667027,0.008725360840533991,0.0031922193553158584,0.018297995917365507,0.05106318991692672,0.016673994170034585,0.11372544385254472,0.01384867838631779,0.005534752971250383,0.006456494207178236,0.006026850134589956,0.007351492996024393,0.00773828420160649
synth_F_50_173,Female_under60_srdc_poc,0.13088567339364116,0.05611746721373688,0.029369005120262467,0.04147716518343937,0.011272271067758004,0.024218220414475352,0.13269136777971188,0.009878353948075338,0.0188061423383286,0.03289623994313878,0.06015581783443488,0.041798467425277416,0.0030701011876663646,0.11385017070957285,0.18081896931650268,0.017025284840584402,0.1857048057590802,0.027062396311155576,0.008621316776357857,0.02083154840393176,0.01351611223970618,0.025045029974519344,0.006871072238871786
synth_F_50_174,Female_under60_srdc_poc,0.18304788852959167,0.043244214441019224,0.03332301590365611,0.032249831454025636,0.005849490931501928,0.013639614723116329,0.22156114248750883,0.00827290964340438,0.006488858835514228,0.028475362289206912,0.02677251244797445,0.010071617737762915,0.03313076416016197,0.11391249727869138,0.08090252237885386,0.00899968511738118,0.05680807652769263,0.04276599713634947,0.009762274729497882,0.01375058515358705,0.005437146658249537,0.0242001081135081,0.007487740918372793
synth_F_50_175,Female_under60_srdc_poc,0.06003659701787078,0.1028798159986339,0.06593221916890422,0.0355110313351144,0.007690197225917919,0.020986680175121845,0.07647301062808179,0.03826204800944471,0.008224340134746986,0.028563814053703996,0.05603646494683699,0.03421247824344305,0.017848395665968308,0.16270190296138848,0.2431622664444968,0.047006182086194156,0.18836620003589283,0.06055775754192482,0.016121971074617766,0.009539543383503596,0.007985607192153129,0.03872585273539043,0.019324583186616538
synth_F_50_176,Female_under60_srdc_poc,0.03838750187272318,0.028920000819282476,0.012466342259606229,0.03310507683832477,0.005498911244942831,0.011878307064438908,0.11081464443229844,0.010295034164811454,0.003798000763931356,0.014850527431583627,0.020365632688110744,0.0021037299749056193,0.0031716208408736047,0.020972551043560633,0.07333850348351745,0.013558831369953854,0.06714173631373359,0.020164319129115312,0.005009790717902534,0.00525765703348927,0.005278495845125122,0.012274699379027624,0.005417333896587942
synth_F_50_177,Female_under60_srdc_poc,0.07712233261337555,0.09294738449121291,0.013919858127666192,0.02594536966118463,0.003179625115195612,0.006968584270066291,0.02783441590306813,0.005520830606857875,0.05231601137928017,0.016539351073739883,0.021590588290341314,0.007123373420590328,0.007639837226271776,0.09777708735284381,0.09353846735316722,0.011695948515193922,0.045511858373252834,0.0329735318908483,0.012480548493679872,0.018709844211251533,0.010150987428979843,0.01394145250509298,0.014961240005710119
synth_F_50_178,Female_under60_srdc_poc,0.2606505571246816,0.03993003354492507,0.06555041908317967,0.04952935226623212,0.006024201443954864,0.013542348999468087,0.15853859474903834,0.0756364628658581,0.08647087132659048,0.056115957046389976,0.09499505552428186,0.13708258836975873,0.09427849153686294,0.13626428801610213,0.17970175740787706,0.05688340420751951,0.12209119530575595,0.0508935522154986,0.024637787822207997,0.014462249760978055,0.006830071711897184,0.04547929467442961,0.032642315731254645
synth_F_50_179,Female_under60_srdc_poc,0.06839423760045042,0.029285115433902466,0.022558634290617514,0.027883675955338166,0.00713126646921085,0.014885087371857808,0.08273471103593955,0.02651212809023409,0.01104519840643063,0.027508870460292257,0.029668109341300073,0.007331523294611115,0.039027100104470525,0.08001321915027604,0.10971861699371717,0.028710279795482803,0.12081535095455176,0.06357889565755732,0.007106739390139633,0.017498287262091756,0.014994799244887566,0.00985813379269969,0.008242542650834767
synth_F_50_180,Female_under60_srdc_poc,0.08431588863732113,0.06962924387460294,0.01712634339315009,0.032246154570912434,0.0034220189908811707,0.005123151286804055,0.045186995644949934,0.005033816761333427,0.03936466216976254,0.011667986157667147,0.03119689535280019,0.05302342235889131,0.013394233956089479,0.01685151390112582,0.10247453248427568,0.019582622298828206,0.05064034529577867,0.013390514708626894,0.005206605623669808,0.01144868606590815,0.0163829882939711,0.01134681393149634,0.009824095884040398
synth_F_50_181,Female_under60_srdc_poc,0.1758492228175857,0.07016061258370111,0.017458766265558496,0.03520559754964372,0.008339182975476625,0.019219767365145975,0.12176571988432675,0.008839194437113155,0.014338533894468217,0.017768859619036705,0.04623290640629896,0.024303684521756193,0.008260996398510608,0.06690890574697639,0.16498601696227422,0.023513574574739265,0.095186345936073,0.0410349495873356,0.007410162158894352,0.011233558342528474,0.011393505822249083,0.027970127865607528,0.004785041845801565
synth_F_50_182,Female_under60_srdc_poc,0.08799780527549847,0.04762932301967498,0.03691673365132611,0.03746357756130089,0.008954616869172196,0.02746855222441438,0.10083117902248767,0.08614514567162876,0.015042004932197858,0.09265621871289086,0.060335032865962784,0.41161335667647175,0.024018352239105308,0.2781686927897681,0.27346916895859397,0.04408123306278019,0.0929919960729607,0.014614079377783116,0.009655934123433671,0.009740509638340411,0.02465201036815614,0.023271209379916457,0.005845708456432797
synth_F_50_183,Female_under60_srdc_poc,0.06316336661710362,0.03687358553113916,0.016226837585708805,0.04234272148899095,0.006319981730705184,0.004357597949721328,0.08526333046128849,0.024074989883828505,0.012833838463793202,0.011114280657671562,0.01908620106151357,0.0702355649007767,0.03389872774333252,0.16670678222826907,0.08237552093865436,0.015149010645249794,0.04181304933983138,0.019470986548834012,0.00606080938316737,0.009556654268001608,0.008630347226521553,0.012488220819938337,0.02081135592034683
synth_F_50_184,Female_under60_srdc_poc,0.08536476322174642,0.051851666391949984,0.05859320469783497,0.024902863572304892,0.004679238681186618,0.026854967544898373,0.08155635470015175,0.02541762054390287,0.005988303932036762,0.054762466715967996,0.04714106833085519,0.021430548173075825,0.012327608877386813,0.0729475102821475,0.29818174020495686,0.038384194153274424,0.08119619596939415,0.11511199692550278,0.013124304149757618,0.04145560134393289,0.0040025905860441415,0.04540706476022967,0.004563031855079106
synth_F_50_185,Female_under60_srdc_poc,0.1366464523103472,0.082460574030542,0.03269105827706203,0.029945239113853283,0.008159354079915367,0.01715210083531467,0.09545635179616442,0.010579421082035903,0.012413709491269461,0.06835593435749218,0.026553875351538667,0.0206258914172391,0.008133781613948225,0.08378986481783544,0.1925981107587424,0.018985288259396212,0.07608804335293497,0.04536633004018303,0.0047448965907795375,0.014634917862568946,0.014836720200520518,0.02273161230114398,0.007057486907604125
synth_F_50_186,Female_under60_srdc_poc,0.11113081299286218,0.027312528802159994,0.0076538233087842,0.024392679946567925,0.005308994643825162,0.0035560025613251894,0.224607669188533,0.005362521076384016,0.007730086734574019,0.009701186612574008,0.0629831411732074,0.007911417764683052,0.02151693354195749,0.019487028331281367,0.06126319329027354,0.02224334064289449,0.1345845124897095,0.04002218762475104,0.004263590313659726,0.0123139495670838,0.004835771825886047,0.006803836641472334,0.007654020191969741
synth_F_50_187,Female_under60_srdc_poc,0.15526043328224745,0.019500866229304473,0.01995084613201618,0.02625063593348045,0.0050464272310553684,0.004573712423182819,0.1370573751928694,0.006485226752510761,0.009920024621417726,0.024199087115912836,0.0608432350317093,0.007612476834901777,0.03445580865272424,0.08525276115062802,0.09171784874198109,0.036830092790726784,0.09065464640334903,0.017638869879964717,0.006586916339482895,0.004768540053153397,0.0062335947905121265,0.012107654669607868,0.01274107161210047
synth_F_50_188,Female_under60_srdc_poc,0.061693610307032055,0.026399537268450138,0.018055545593669394,0.0337904682354109,0.00724279775922029,0.010683298515633828,0.1293574480306485,0.006269419584034984,0.0045562502484641,0.016655897649862812,0.027808347860883896,0.00789559887048751,0.004725219843658922,0.05617941493509848,0.05000135045621359,0.014278528042132763,0.10093967652225704,0.009781283846331864,0.005397982472126318,0.00388449411717118,0.005963323117802464,0.020581403180155264,0.0036106036046680257
synth_F_50_189,Female_under60_srdc_poc,0.17482042718837093,0.06800608287927425,0.09019813289735204,0.0635371659709216,0.006757828646224077,0.09087279434167288,0.16869145118488826,0.02230025778703977,0.020787799681716308,0.043728208994780304,0.01987332569214823,0.0061235597622426655,0.06493524083772537,0.051134544961011746,0.09248281984520766,0.018328265111477206,0.053853549315950065,0.0752007619916415,0.008094481721232399,0.004841158564945157,0.0036187123731196897,0.01712897639739489,0.023815091809275133
synth_F_50_190,Female_under60_srdc_poc,0.1196828859156384,0.038182601158174026,0.0035729611945760124,0.04519736885593074,0.003796117275172458,0.00641816622023845,0.09062533105437895,0.004312816276170961,0.0065373344271976086,0.00666758009117147,0.03550628273858577,0.0027349739942189822,0.0084324425749017,0.0175758216264574,0.03410366259858006,0.012502378293212204,0.04730347211371079,0.01863508785182305,0.003621106239975512,0.004963745574993517,0.002803590235952751,0.008426505735470172,0.007345449838155707
synth_F_50_191,Female_under60_srdc_poc,0.06286799286880704,0.014961018992723956,0.004731666294622251,0.03400778989768074,0.004991432424893594,0.004879943645661913,0.05266173778847759,0.002152204934345758,0.0029290941622124125,0.007700237106177005,0.007662441721555771,0.0025321925067948226,0.016819633297683798,0.015566992377506748,0.02622454588144542,0.01388100331285893,0.04167621537834889,0.01835859286795017,0.004659448698825381,0.004477344415596906,0.004246861085244886,0.00683227275842745,0.0038684685118125736
synth_F_50_192,Female_under60_srdc_poc,0.05953298448951153,0.039851607726566755,0.017485129051027486,0.03339579202817273,0.004677695397551122,0.011246829440892999,0.038840323885891155,0.008610553971589661,0.0066070031244733676,0.020267992362594724,0.025593878642187453,0.05217975053224874,0.009324622541941495,0.08916699707153286,0.078323078479788,0.023118863292476907,0.047926548082163845,0.016591055941657877,0.010491395675281779,0.006117207717653532,0.01279126784190405,0.016048895844493177,0.010952760494569773
synth_F_50_193,Female_under60_srdc_poc,0.06022806088973552,0.09434394487377937,0.06569358232043888,0.06572791283951575,0.006908459279808423,0.02660761371620648,0.1175515176397877,0.03960485187477863,0.012665322176514313,0.07207898518428649,0.0623844780432834,0.011862237549448663,0.011689566921837407,0.16203557628087278,0.16590455190235792,0.016797459397412322,0.14728761271939017,0.06271066278780715,0.011897255543158401,0.02088750751250174,0.012263342257789219,0.03353838028181477,0.025720838293327948
synth_F_50_194,Female_under60_srdc_poc,0.1667101436080315,0.06315426767610416,0.003666575232574224,0.031560561320396904,0.0035899079399303816,0.0032273067433883163,0.05454857543698286,0.005272017629193077,0.007917952654264239,0.008774259977035667,0.044321890601703495,0.00834489010571173,0.0032540486486657785,0.03664721321526057,0.041708182906870214,0.013136797404035224,0.030023540645527088,0.017313788840703722,0.0036082176494755176,0.005612094041032534,0.0024397038473688536,0.011273891922646712,0.00728323151374349
synth_F_50_195,Female_under60_srdc_poc,0.22974687732646634,0.053589740850711866,0.06396838912374023,0.02598377338910227,0.013067636561403452,0.0706220525546231,0.06158689928347916,0.008732395657544587,0.022093700342535945,0.037505302047380853,0.03717332819756686,0.03793584801071644,0.01196916723580986,0.14500273150562074,0.1485537860789404,0.015361455326869214,0.1762083953456867,0.025909401051688152,0.008158438360010237,0.01743295514036268,0.005022503096657644,0.03259056190365441,0.01306041501206658
synth_F_50_196,Female_under60_srdc_poc,0.11050733641594433,0.10449885479279046,0.014476375233775712,0.02707206639362539,0.004603884224140836,0.004666718095442747,0.06036875719194018,0.008158743154871594,0.021150393828417775,0.01272151940762404,0.026557028997922078,0.021307371785210322,0.004155517150974896,0.032002302995150805,0.10861754534799159,0.015986611494136597,0.08265522043883607,0.02795995372522576,0.006111881213658426,0.015123556515723762,0.008533372652140136,0.02164218993153069,0.007489651229082198
synth_F_50_197,Female_under60_srdc_poc,0.09273028367162504,0.056164848375096325,0.00775619391828932,0.024342542356316017,0.003295007960828324,0.015978089127785904,0.035270162338711566,0.014151694822144106,0.031353783219347224,0.012332046991522782,0.02315251298614396,0.0037132719227958447,0.01593942120491742,0.03204279929755663,0.12144399140963823,0.030162210916241997,0.12210296804047271,0.009757396297918193,0.018690674219556773,0.01869529984189096,0.0032142355359736823,0.014839248470227986,0.0030965793972375253
synth_F_50_198,Female_under60_srdc_poc,0.0632443563635006,0.02502362615946692,0.008273122280412288,0.0259106931140374,0.0042225198965551705,0.004373568259978612,0.0991881863771337,0.0388080450715351,0.0436824760290046,0.03008435790704174,0.02776001863149241,0.04699758004697688,0.003951691597948472,0.07865503004727063,0.1373164614592248,0.03046813646779034,0.10268440522628426,0.018621844611730755,0.0032155296460756105,0.005681132984263703,0.01250276306431751,0.013005718515903894,0.013971907102780087
synth_F_50_199,Female_under60_srdc_poc,0.2209484474672095,0.11050932876418751,0.13813809423440393,0.03805777984137711,0.011645980395175125,0.03616473111244907,0.13633721193866397,0.012126059237925329,0.012275083844566813,0.021524993636047183,0.047251115121311325,0.00940347374212011,0.05845148938071156,0.16822457390935508,0.07946587684999291,0.011842497143459864,0.13227249174691874,0.05529042057129804,0.007679903868417686,0.007244837585981932,0.005872349080782553,0.020106042706455954,0.026247452113614286
synth_F_50_200,Female_under60_srdc_poc,0.22361959133435658,0.07796413492706968,0.03733763194003762,0.0319117658175204,0.0075916078165171475,0.014119857676479813,0.09076707255422196,0.01579504654134738,0.025135216152891326,0.07140725945089611,0.04984419756722229,0.07045861887097246,0.028837986828387126,0.053980988458682766,0.27935702404512053,0.04439159554433988,0.1328097288687801,0.03134595224297662,0.0063708098789522095,0.02740478591204171,0.021377380947549967,0.025862434773900374,0.0022858593569223917
synth_F_50_201,Female_under60_srdc_poc,0.1034310532961295,0.02430946488987491,0.0043380595553318925,0.029290360000156994,0.0033845840514534872,0.0032787160864937515,0.045561463754442366,0.008436859601157823,0.009934647737669522,0.016135599295411748,0.03425623539583798,0.013440097218510584,0.004116190449988575,0.010953165059559466,0.09998457563108223,0.033462777469913205,0.10177087617680391,0.017061716863933523,0.005131200235154545,0.0074896244818814794,0.011168357172047248,0.007200732405091828,0.017636987610125072
synth_F_50_202,Female_under60_srdc_poc,0.14228558275816539,0.052266835672755106,0.004940944068281104,0.02526171857481996,0.004494269164939615,0.004636469472674971,0.059305804681703045,0.0040992706530738375,0.0050353284784430226,0.04685029310847421,0.06541350360597019,0.006284505889771645,0.005218427329120735,0.014617064957875122,0.07625464699524051,0.014966074849332439,0.04274577286804571,0.018544431313476592,0.0034261246013515137,0.006744165251236254,0.00681624478235552,0.01066461542888318,0.004105797801900024
synth_F_50_203,Female_under60_srdc_poc,0.05730400214702022,0.037245594660674265,0.003972065842931094,0.022497126389164488,0.003408909981223625,0.008311605137548047,0.07243827699248302,0.004303879238102733,0.0013424341610136254,0.007778989440475702,0.02386749940572826,0.0021783656968956955,0.003948740117078242,0.04865474870946568,0.028780090457826327,0.007093145955414599,0.06347727608506909,0.021668319639012834,0.004440403660416812,0.0046530139877081385,0.0035042395677365693,0.0073032692186901504,0.0022204860707735886
synth_F_50_204,Female_under60_srdc_poc,0.19193757907418693,0.059592940666577866,0.056142777050455304,0.033929512479679416,0.012899820315017466,0.019104392962940486,0.07898509062297272,0.005401879261806662,0.028316463741152906,0.02355771693841639,0.0644144121440569,0.012124469881151274,0.09245310454873394,0.10739103816566978,0.30636786661192833,0.039942838084584056,0.13769481775935075,0.0417561761770851,0.020458635110076024,0.011249963645718857,0.013746789992483282,0.01793581235231136,0.010409566227919245
synth_F_50_205,Female_under60_srdc_poc,0.18668196380243743,0.03719302281286776,0.009471174866168804,0.024973924797329565,0.0031999404998846242,0.004049490424611562,0.060862762585923345,0.009686581840767528,0.0029443330484591503,0.02058138944155535,0.04642092114421769,0.05428052570343127,0.018072558927704055,0.05592077652548305,0.08425391770931474,0.015097252623567276,0.07133354662585263,0.03520072906376847,0.00527661357780133,0.010510427726620735,0.004048942668921021,0.012024544224818197,0.009681314043089565
synth_F_50_206,Female_under60_srdc_poc,0.0862333017541367,0.060296774530557595,0.04295242055270092,0.044189348466889655,0.009238251534498613,0.02621343965584542,0.06559048797747254,0.017782282827331575,0.009768450133050674,0.02188431481985753,0.07088453673026313,0.00951020151342772,0.009973363136416941,0.10133200249841451,0.128428206236981,0.03465011636878316,0.08578308614022033,0.13671165821706568,0.024552054228170223,0.011544917995786273,0.0040770154508935185,0.03510128740703003,0.009434593379852078
synth_F_50_207,Female_under60_srdc_poc,0.08325393314447342,0.03369394881867929,0.005832851548509678,0.026815338311244462,0.008422934906263238,0.03285298590253635,0.12928203647403536,0.023996348414592698,0.004017977062716818,0.01361699645137181,0.012606984765133075,0.0037321564666699734,0.004083928254421701,0.01782121654924981,0.07165767991230206,0.010771546772349162,0.08284399801422455,0.031467745220991966,0.005254502724027994,0.004878521208032229,0.00447275330524968,0.01244922482222867,0.004682599457155696
synth_F_50_208,Female_under60_srdc_poc,0.13054535881380883,0.058697267188337385,0.03810641084122711,0.03671266222422035,0.012540828531482874,0.01309433855844969,0.08553620905451563,0.013291337539203283,0.021423492583934403,0.04768593819656058,0.06402063265834854,0.014342442312375447,0.032415259801322406,0.08114535160782053,0.2854498759605781,0.032888156549156895,0.16971684758839786,0.053880993576787425,0.013502979492756303,0.014008028834573291,0.010581172951602403,0.025392116200428486,0.007418511532925159
synth_F_50_209,Female_under60_srdc_poc,0.15753071791781445,0.04511913300488724,0.004313220248911332,0.048178276084931734,0.0024930746328576405,0.002975953224259779,0.04585099112468016,0.003856565210845074,0.013966919994884554,0.006058506030842463,0.031108371094262663,0.005117259043022723,0.0054266848607171705,0.013882966932810511,0.07349050453040155,0.012260127383298968,0.02714686446349813,0.019689558391747332,0.00614144001825862,0.007227658921839433,0.005634800662834291,0.008968596448898865,0.003933256496435742
synth_F_50_210,Female_under60_srdc_poc,0.10610994998186324,0.02760738053484962,0.02131015564613333,0.029819362571262442,0.011109810236671031,0.0048169279476378574,0.06649897794778702,0.012135150388573905,0.011235479173668095,0.040422658582719075,0.05847931921345015,0.011082311414066742,0.034200457466526536,0.047841852821409424,0.1216111040025177,0.033288239063920734,0.09087237392379749,0.014445091688438183,0.00867955777970581,0.009149179939822416,0.010522077594904172,0.015689829424887076,0.008259506623369807
synth_F_50_211,Female_under60_srdc_poc,0.03896660542168734,0.04303277050129901,0.04452727501021942,0.027549866531622832,0.005343880562614218,0.007571463715594315,0.10166474072612441,0.010002285853226022,0.002768448047695273,0.018113078927830057,0.012773659342693285,0.008633973131615449,0.031078635434072653,0.057616854660966554,0.04548603024212633,0.010856007334284745,0.03881681572128304,0.01409143310149332,0.0038520442317198215,0.005981752002384082,0.005044746785517114,0.008289394583523861,0.00631375781428355
synth_F_50_212,Female_under60_srdc_poc,0.09216818574951528,0.014879352702189989,0.007069678578309022,0.025500721667548343,0.005805920109107801,0.0031966231853793182,0.06720613596990846,0.006237234801694511,0.01039742811078363,0.006740912369546701,0.02040667023275569,0.02445002866104075,0.015182532508454067,0.029375917917332788,0.08840910652433208,0.020308099222231195,0.08909185184437979,0.012044724094739744,0.0035700246288264876,0.004795382407581539,0.006858989156936212,0.011274639148897942,0.0032237215538737265
synth_F_50_213,Female_under60_srdc_poc,0.08193451524887087,0.035878679270210656,0.06082221533373881,0.02701005321707744,0.004289693656703361,0.007245541233613403,0.09210308331411607,0.018091755772525326,0.010010101211944197,0.018742412644404304,0.04021310900190307,0.00403869670021693,0.024177866642200427,0.01765066836009126,0.12707951850157945,0.04611894801680193,0.08836316086789206,0.09689563548727348,0.011859686716361974,0.01978838953810772,0.006827685074159443,0.007429464559935965,0.007520921526934509
synth_F_50_214,Female_under60_srdc_poc,0.11727087919531515,0.07470525900678034,0.05132017196283342,0.033445171662821155,0.008691558598232613,0.01983285949238177,0.09345920556096268,0.039983771628885334,0.01587006199990878,0.0358747202586067,0.06451164501417268,0.04683424483930938,0.030814493478968533,0.1703962685982207,0.23530467043987224,0.042319605834445294,0.10886306631601042,0.019309859634807486,0.00800454416359749,0.015138746680889261,0.00568275585447768,0.033531759067950695,0.004229741702976762
synth_F_50_215,Female_under60_srdc_poc,0.09624954998437117,0.051720714767547804,0.01255278539263561,0.031356845390930595,0.011344973805034493,0.017131372624330572,0.07260990424474996,0.023545590413894524,0.030895804457763153,0.041554454814625934,0.021652074023812244,0.03619997807434681,0.042884565509108734,0.07372734485514532,0.1955860542452042,0.027015877317681427,0.10400372191114873,0.03916246299874752,0.010369326522053933,0.01586078611510761,0.00845897978822725,0.019581611339545085,0.004760835539318899
synth_F_50_216,Female_under60_srdc_poc,0.07256027908136438,0.02822921249226157,0.019800971221094428,0.024457068280231007,0.003925033385751156,0.004341241466378343,0.07696458685881334,0.009104890131145451,0.02296374878888013,0.016415234830047053,0.023632922037335385,0.13097047868675202,0.005816334037973336,0.006507111593464892,0.11381216881577774,0.01621520193452237,0.06643940336514158,0.018313683129776912,0.0069690183643724545,0.008009712069825599,0.010318542195244012,0.009735760201160166,0.006639187660726876
synth_F_50_217,Female_under60_srdc_poc,0.08113955107428564,0.04166701138313934,0.03503115727949886,0.027783879175996538,0.009081088519747866,0.01568860354314419,0.07022262968461548,0.010500970078478177,0.01148531775122136,0.025879768563080847,0.03066434329749053,0.006413465737205869,0.006091189023137111,0.055368452108082306,0.09083441999597551,0.016448923688308397,0.10922764994471085,0.0332736907856912,0.009368763944297958,0.014610468601071628,0.0068801013167333275,0.024941361715991733,0.016491619667662754
synth_F_50_218,Female_under60_srdc_poc,0.07133885698607503,0.03834867246860737,0.008266170067486135,0.038689215352491646,0.007367042618303066,0.009812438906225417,0.11621055250502926,0.0069208704470984685,0.004758770278427062,0.011680174693206192,0.02893962936229365,0.003383042692993666,0.0030616795322818955,0.03769634824607238,0.09042707509162694,0.01525533557910276,0.06816468308889606,0.09118689392806086,0.003411964024301871,0.004093875165623108,0.006375056031343813,0.00965873963890349,0.009167097102832504
synth_F_50_219,Female_under60_srdc_poc,0.13538963978686086,0.08030525217219445,0.024124837623302465,0.03898362059369223,0.005656765972812303,0.031886430107422266,0.11821188454922492,0.004727092815223584,0.005006257962582857,0.021909203319010178,0.045132522585990396,0.0044563398833002334,0.006239920475759051,0.09636277178531666,0.08468420291576244,0.018689827817350072,0.11573202664539758,0.026963756920945707,0.004940412217185284,0.006652010891094302,0.004635338766581602,0.014762906836316014,0.007675317975874169
synth_F_50_220,Female_under60_srdc_poc,0.12332124396914995,0.04473633060510034,0.08480250269742655,0.039093413538263344,0.008304303513295249,0.011694747602554349,0.06437206014664557,0.048833710633670945,0.032162254754784736,0.058687819177269396,0.07659456069460124,0.29822337262638127,0.069341807411017,0.3203600791291997,0.2483057302666855,0.03805305685660448,0.08527679275030407,0.028991999736400743,0.00587756990409481,0.01753972478698985,0.007145112036133002,0.042104993190228895,0.00906992799234392
synth_F_50_221,Female_under60_srdc_poc,0.09667590257316958,0.0791168400570503,0.11592669260384744,0.031000956030260197,0.004756405645067298,0.004903124508321684,0.0696968707076961,0.012362311948246526,0.012748105463151214,0.009129669374877008,0.020344180289626673,0.004512604858577078,0.03984605854790734,0.04095371456177205,0.06403064348483548,0.010195121800303538,0.07738729094758565,0.030815406563508733,0.0054264811311143185,0.009049296495805435,0.003054782275928993,0.012418767901842693,0.016821861457802668
synth_F_50_222,Female_under60_srdc_poc,0.04947531366568303,0.01949370358958154,0.010426046623189376,0.023966704369456374,0.007660077967246309,0.005888839002835107,0.09843241366141964,0.00614488884506572,0.004337454094020682,0.011254994453149312,0.010910486518180157,0.006031953662616869,0.01060968194445507,0.027369120923991252,0.0685350982807989,0.01479544139578956,0.06734689494841689,0.017390378107459994,0.005960161347926983,0.012624283977271635,0.009226456915121015,0.00933544399564045,0.005622555901786363
synth_F_50_223,Female_under60_srdc_poc,0.04152330149636376,0.04584637145877074,0.015380185431026351,0.06272377303273648,0.004909546982648354,0.0074706117358873765,0.09878366635247238,0.0017317587433169038,0.0032270756810625608,0.014130925923561516,0.016124313780642774,0.008273864656442457,0.007379737222870575,0.02294363877293408,0.06293076182542878,0.010461092746005126,0.07435691084514114,0.033865744557356185,0.00706160214040425,0.01505712550094759,0.01071306112373797,0.011236704658140905,0.0029208358683874974
synth_F_50_224,Female_under60_srdc_poc,0.1096136284013389,0.05788327436786649,0.014971323575134402,0.049978742086188126,0.011259471687210686,0.02137327709729718,0.08562374414188596,0.010061575526791032,0.012410690321689542,0.015559686277302169,0.032112571871313854,0.018061991398255917,0.004411965450638039,0.13014823582300314,0.09190387196434999,0.018077940804120535,0.0678223678851971,0.04094738268686581,0.0036873790843480908,0.005529547368342187,0.006229548273892142,0.01560270902561338,0.010663851579215058
synth_F_50_225,Female_under60_srdc_poc,0.24172332545583247,0.03351874141005518,0.027014448969452255,0.024327290507478165,0.006351261981019094,0.09398671905573337,0.0896847768511024,0.026138833681566543,0.007843516294463717,0.10254673875644255,0.041089841658921586,0.06655267302125084,0.011246624237233323,0.08544730800259011,0.14245526734864997,0.02880496877563633,0.1219493465131443,0.030367082463548287,0.011908420866886397,0.01632394536363335,0.008082828682408914,0.026142832941957617,0.007721178367597015
synth_F_50_226,Female_under60_srdc_poc,0.057854193002000585,0.06034152016444007,0.01129170826837116,0.027946294113395588,0.004173037905292614,0.009578826724904073,0.042044857138463426,0.017312367792675483,0.03145794613697193,0.037856218839598645,0.0363782389352884,0.01790114052030051,0.044672221834149206,0.06918587708691801,0.19169567722797046,0.045126399791336584,0.06089901307776984,0.029277736653111744,0.008137256357336095,0.017701446171956233,0.013442667995970999,0.017857215537332737,0.0032448657983557725
synth_F_50_227,Female_under60_srdc_poc,0.09673036459092393,0.06798952199077324,0.0434496997214914,0.03804609375130379,0.005075706905800119,0.0217767238626979,0.1126828353644865,0.0045862633212177,0.020895608370158338,0.0525367975671955,0.028761950199139356,0.05075531838221897,0.04417695595816709,0.12254879965896241,0.18876471384289376,0.030694303239074704,0.27642102716762423,0.07478140534266585,0.009200590218810463,0.012373286989492065,0.005198017935618491,0.027726915955756014,0.005266309282777009
synth_F_50_228,Female_under60_srdc_poc,0.14380562395068605,0.04100987578928091,0.018424753311479414,0.0297831425184848,0.009171028696814798,0.004378987246599396,0.09139494058021537,0.029039469207994415,0.02632924981074948,0.050551659651339384,0.053179714607452286,0.10362459072856119,0.029528743397170217,0.15241405291110022,0.08306301178071875,0.01948297016390672,0.061276647649001134,0.028733801508593167,0.009342085004186132,0.006932206390671874,0.004354025163203705,0.01880538466269997,0.009735018380468233
synth_F_50_229,Female_under60_srdc_poc,0.12883656744915367,0.027948455601979012,0.01444483696396503,0.0255405206531224,0.005992358556108482,0.007300627267908583,0.05741617550031528,0.004856427624052474,0.056956159112635595,0.015171367113943254,0.057267338929431665,0.007770782306169095,0.03673685159745421,0.06607287373387463,0.09607652707242664,0.023072946396770162,0.10905723104483189,0.008544095873878233,0.006802396476958744,0.010945078683255427,0.007443877001809624,0.01231932559397644,0.005004185018907818
synth_F_50_230,Female_under60_srdc_poc,0.02886970025301258,0.03799196898587275,0.014595081581680516,0.03244487388243663,0.0033197463711260393,0.0039297761012823595,0.03834612970585818,0.00277033397223533,0.006158685541932538,0.013845758606615185,0.016224606923616186,0.020549239204961545,0.007231416050714741,0.014475905281991363,0.07026480124025175,0.021768800999209213,0.03687057951992165,0.01101934655568835,0.006237167264610893,0.0061433372838842915,0.005964420294883926,0.00880182261331073,0.0019524896802418778
synth_F_50_231,Female_under60_srdc_poc,0.0846805130567444,0.04784561027426184,0.029986794116866663,0.023985317936992316,0.007498285220832465,0.007195168090671882,0.12888431895608393,0.006188329369687126,0.008655456072634682,0.013481854437823711,0.024854289901233763,0.023989095296073085,0.024814385914227546,0.09113468966784945,0.09835731027993969,0.01877567928121065,0.07336979723205923,0.08132302408534835,0.005811370983309163,0.01617972580548268,0.009014549038209904,0.025419347464472355,0.0034574058773884477
synth_F_50_232,Female_under60_srdc_poc,0.11641875978872843,0.029469148841275473,0.035362945908218334,0.027544747907010333,0.0045479041283215385,0.006777577983489083,0.10017126233396498,0.005944428474247168,0.014564195333997809,0.012725613651957863,0.018387956621022487,0.012692258463399978,0.01164262007866151,0.0421267712391915,0.06496182062367434,0.017146433249234146,0.10022794432394373,0.04877229787518168,0.006317779565419938,0.010866379373317223,0.0032115377931106414,0.019591697566999917,0.0027277134850583686
synth_F_50_233,Female_under60_srdc_poc,0.0692054962646431,0.026360458566233258,0.04785605152815436,0.0316288697783077,0.007789242953325146,0.013702127612497136,0.06862317684259674,0.005720921490512453,0.03303398183378849,0.03724597245116229,0.034971468236308305,0.021664910117938713,0.06383981894983884,0.08044841014731001,0.18977959449382387,0.026845888003193603,0.23201984083441138,0.024196332742094803,0.008303444534175558,0.01785963347963801,0.010809936806684487,0.01566947891662417,0.007252849890277751
synth_F_50_234,Female_under60_srdc_poc,0.05342850395700124,0.05161366159202827,0.013868052011014265,0.027493535085114144,0.007527740224445707,0.01672411093302768,0.10705806823396784,0.013384802943697363,0.0033137323593780076,0.019177950915111205,0.012280105644546919,0.008860624407122226,0.005076373337798226,0.029754136789774656,0.08810815215025944,0.015350630423381393,0.07424406207869991,0.026015366690496297,0.006618816992909202,0.009334800434027088,0.003238343923948081,0.012809396052841683,0.0036442318544510762
synth_F_50_235,Female_under60_srdc_poc,0.12526687925849841,0.04061270903582772,0.02909726594966776,0.03031138312154469,0.006683851638110422,0.01375094424704586,0.10142662664667536,0.011915781965130486,0.006072924056562881,0.02358055762427135,0.020197345181815755,0.02697524131639683,0.02021136991447451,0.03557519480104564,0.15004084775762014,0.012292364848762144,0.053852053071222636,0.06539917988379977,0.009194416945261375,0.006665173809134958,0.008152500480987571,0.02196016821636571,0.002690143394429136
synth_F_50_236,Female_under60_srdc_poc,0.04992570427219152,0.06144151371224399,0.020472350919787826,0.028402110126235905,0.004862203901870504,0.015688068646895165,0.07811435068973525,0.06984664618695549,0.017660331471821118,0.05570889600807367,0.03469424204121951,0.011200618209805939,0.03996881944719195,0.03981576571960906,0.1925903656489136,0.046188838088249924,0.11729545443981934,0.09484678327677896,0.019037754711947658,0.013070473681459438,0.009040664257944872,0.03740780174235043,0.004072080061508717
synth_F_50_237,Female_under60_srdc_poc,0.17059974640570616,0.029893084864156785,0.006161055662373689,0.03430316934128167,0.006459475209381015,0.00611498177889571,0.14468808210558406,0.009576044949414235,0.013094602124824776,0.01233934764747985,0.03181433235942296,0.015957955229626366,0.01003542535997744,0.04746629000201078,0.04729915172998231,0.009358903251865417,0.057623746220152816,0.026717285022633288,0.00553712813667675,0.010014427079766578,0.0033657225822494832,0.009944585798569954,0.011878932040538514
synth_F_50_238,Female_under60_srdc_poc,0.22914462760021395,0.11358492524039628,0.06565679458704986,0.03651042292483252,0.01245787746941709,0.019810926189710833,0.0913180316713921,0.027721463539071057,0.08261344203281079,0.05179767844751908,0.0838623222412752,0.05428184238604184,0.07448355356664003,0.04896961027161501,0.30604463221824185,0.043313904616597884,0.20307830090520346,0.037662857994276634,0.015146838580726706,0.016221260793047268,0.0185388850555001,0.033086937432300255,0.009746035122150427
synth_F_50_239,Female_under60_srdc_poc,0.05457171392856035,0.031581934807546334,0.013694521760052583,0.023123602481578295,0.003152799174551544,0.006834477405480833,0.05629568160325229,0.009943323449986795,0.03998781694136784,0.019924649179049906,0.04729534498861497,0.10786193302516875,0.03920122803945634,0.059222493653640754,0.21091068850876227,0.04318367180847389,0.11193285960846143,0.043849562803701884,0.005982773526147385,0.011849360105248343,0.2713589668005015,0.011507286351465295,0.004318372366606766
synth_F_50_240,Female_under60_srdc_poc,0.08988582157524276,0.03293115303225657,0.0160995873176186,0.02425011557157305,0.004876010937803043,0.00932146898145769,0.06564240620887409,0.008130015629256679,0.010908647026203193,0.01155678653479448,0.015380680232498892,0.007361289002866661,0.01057407524924265,0.13601666815005728,0.06403825896055125,0.007633091934264718,0.06027708390353293,0.02278557244250235,0.0032661218882554088,0.006503513677640625,0.0062177377245260105,0.012527866569441071,0.0374178431963223
synth_F_50_241,Female_under60_srdc_poc,0.17837471096439042,0.05419995292829698,0.032885144745984744,0.028503711979508045,0.010464296579843857,0.1276640106607043,0.08811334753003276,0.031745789674551585,0.015254504440462443,0.044440585948886974,0.038856546619922695,0.006126621750651066,0.015194146374701258,0.13355648515332716,0.20925581021360115,0.040385011883645204,0.16532057162605795,0.19760170903495064,0.008844684632206893,0.029058236488427303,0.009559931945030353,0.029404666707199902,0.02591628159238342
synth_F_50_242,Female_under60_srdc_poc,0.27991744063813256,0.06433061583139471,0.05610084674459433,0.025750698878564713,0.0060075512641533145,0.011799700683293711,0.16198067254038304,0.017511287538948046,0.03619596106499676,0.06334271323660809,0.05300687559896767,0.029164415458898352,0.015516482312419588,0.1870942064056759,0.11780224138232595,0.016484791382958976,0.13173644412102012,0.051680038138602016,0.009248708659895407,0.010255281840831866,0.005006135488695783,0.024998616848457663,0.03037648343755476
synth_F_50_243,Female_under60_srdc_poc,0.2147166956575405,0.08117131613743178,0.01258131247391601,0.023384156865156186,0.0037082125231285524,0.0035635475508762732,0.038094571009778734,0.006722225365427449,0.023897081180600487,0.01354811426266766,0.051180525085325286,0.006001714829473629,0.001802945332452477,0.0417361602763789,0.06615406172958928,0.012872061633287758,0.08951764403609946,0.008193451966704247,0.005738711806345625,0.010241975784006041,0.009621796338380048,0.014777901693756914,0.00995371775827544
synth_F_50_244,Female_under60_srdc_poc,0.15948432795741677,0.08546164680346913,0.015346937916934662,0.02722803719405685,0.0035931989442670232,0.0042172697510511805,0.03702843598798153,0.004541091666074963,0.005725154466019125,0.009949694158902192,0.049959354725370414,0.03130649553488015,0.0029651969171833135,0.08113870692775937,0.05570502901961916,0.015013227679836429,0.06524800652504299,0.05605780802925933,0.009836711796574667,0.012661213407888419,0.01855112041672925,0.01124403397588753,0.00585357609223215
synth_F_50_245,Female_under60_srdc_poc,0.0731775052869473,0.029810280454102424,0.00687108809171975,0.02488519419229165,0.009781200430813304,0.005780816704161811,0.0949973558609332,0.0030295237848660264,0.02315550848913986,0.02119142698650961,0.022116387736911436,0.008663783978408888,0.005068715750934976,0.03548514254028398,0.09595043363190188,0.02425439795780264,0.06527041451956257,0.012366927460065678,0.005202980165458028,0.004486595150681816,0.012999956080065458,0.01121421292504797,0.0030519056854181954
synth_F_50_246,Female_under60_srdc_poc,0.127216173320025,0.04887293082723525,0.01073733095767029,0.03532256105532981,0.0063478244949618755,0.013500396403114023,0.1709303173602342,0.003865817312346976,0.0059681067016363245,0.011411539874580792,0.06765984282625931,0.005478981095193422,0.011211040154050422,0.05564804866383361,0.06652592322083017,0.011986291752089772,0.11600113007396769,0.05556245081044876,0.00660074356733508,0.010104128482567783,0.0037955623395726982,0.01643299178391708,0.01224974143884002
synth_F_50_247,Female_under60_srdc_poc,0.16343063545671424,0.0677186849400309,0.020719338451049743,0.029517974780650255,0.004237449486244803,0.005878084283980228,0.03342267623158423,0.0035382382611200977,0.015749113184493756,0.029856594111379774,0.10350646419943345,0.010652458536882925,0.0028971335274138536,0.03447249923927357,0.11616354735768662,0.014082447939298647,0.11694545596938007,0.029058851792952662,0.007753368376739513,0.020376477414464324,0.01576974697410755,0.014637311590600626,0.015628585116691275
synth_F_50_248,Female_under60_srdc_poc,0.09388232087412353,0.03483885957295961,0.011564833416429493,0.030056706109972943,0.006656314192738176,0.005328789855235877,0.13986775475028798,0.0073882776439250855,0.009222313557668995,0.020967123695605105,0.05777531402175748,0.011511692296835276,0.0035467437717581966,0.058365554805558814,0.1327231308537386,0.02028034309008707,0.21649430351996105,0.02651245263215678,0.006913505480982232,0.008222170294594718,0.00731099796644738,0.015166466146433827,0.0046384693347560155
synth_F_50_249,Female_under60_srdc_poc,0.18290171462147856,0.06111177207359558,0.008777981374472927,0.025744014217604413,0.003526904492661636,0.008896309966887027,0.05638136369753697,0.0047786597758514605,0.004672814598235015,0.006824688422247186,0.024291984437093548,0.002122722507360246,0.008195101553621294,0.027013529626001783,0.03804222783302349,0.011612059394485522,0.06314402141206545,0.027222958712724177,0.010476978951278054,0.0059217613185757415,0.0033425011298574493,0.011063970318369408,0.006977869349075563
